logged_at_utc,target_manila,target_utc,frozen_manila,most_likely,estimated_temperature,sigma,temp_minus_2,prob_minus_2,temp_minus_1,prob_minus_1,temp_center,prob_center,temp_plus_1,prob_plus_1,temp_plus_2,prob_plus_2,probability_sum_5,tail_probability,weather_regime,airport_bias,post_outflow_recovery,version
2026-09-12T15:55:34.254560+00:00,2026-09-13 00:00,2026-09-12 16:00Z,2026-09-12 23:55:30,28,27.76,0.6,26,1.8,27,31.5,28,55.9,29,10.7,30,0.2,100.1,-0.1,stable,0.9,0,v23_probability_01
2026-09-12T16:55:34.252128+00:00,2026-09-13 01:00,2026-09-12 17:00Z,2026-09-13 00:55:30,28,27.82,0.6,26,1.4,27,28.3,28,57.5,29,12.6,30,0.3,100.1,-0.1,stable,0.9,0,v23_probability_01
2026-09-12T17:55:34.255140+00:00,2026-09-13 02:00,2026-09-12 18:00Z,2026-09-13 01:55:30,28,27.63,0.6,26,3.0,27,38.4,28,51.2,29,7.3,30,0.1,100.0,0.0,stable,0.9,0,v23_probability_01
2026-09-12T18:55:34.253480+00:00,2026-09-13 03:00,2026-09-12 19:00Z,2026-09-13 02:55:30,27,27.21,0.6,25,0.2,26,11.6,27,56.7,28,29.9,29,1.6,100.0,0.0,stable,0.89,0,v23_probability_01
2026-09-12T19:55:34.252524+00:00,2026-09-13 04:00,2026-09-12 20:00Z,2026-09-13 03:55:30,27,26.9,0.6,25,1.0,26,24.3,27,58.9,28,15.5,29,0.4,100.1,-0.1,stable,0.74,0,v23_probability_01
2026-09-12T20:55:34.252652+00:00,2026-09-13 05:00,2026-09-12 21:00Z,2026-09-13 04:55:30,27,26.84,0.6,25,1.3,26,27.3,27,57.9,28,13.3,29,0.3,100.1,-0.1,stable,0.71,0,v23_probability_01
2026-09-12T21:55:34.253612+00:00,2026-09-13 06:00,2026-09-12 22:00Z,2026-09-13 05:55:30,27,26.66,0.6,25,2.6,26,36.8,27,52.4,28,8.0,29,0.1,99.9,0.1,stable,0.78,0,v23_probability_01
2026-09-12T22:55:34.252284+00:00,2026-09-13 07:00,2026-09-12 23:00Z,2026-09-13 06:55:30,27,27.39,0.6,25,0.1,26,6.8,27,50.4,28,39.5,29,3.2,100.0,0.0,stable,0.84,0,v23_probability_01
2026-09-12T23:55:34.250993+00:00,2026-09-13 08:00,2026-09-13 00:00Z,2026-09-13 07:55:30,29,29.16,0.6,27,0.3,28,13.3,29,57.9,30,27.3,31,1.3,100.1,-0.1,stable,0.9,0,v23_probability_01
2026-09-13T00:55:34.252186+00:00,2026-09-13 09:00,2026-09-13 01:00Z,2026-09-13 08:55:30,31,30.91,0.6,29,0.9,30,23.8,31,59.0,32,15.9,33,0.4,100.0,-0.0,heating,0.48,0,v23_probability_01
2026-09-13T01:55:34.252221+00:00,2026-09-13 10:00,2026-09-13 02:00Z,2026-09-13 09:55:30,32,31.79,0.6,30,1.6,31,29.9,32,56.7,33,11.6,34,0.2,100.0,0.0,stable,0.69,0,v23_probability_01
2026-09-13T02:55:34.466578+00:00,2026-09-13 11:00,2026-09-13 03:00Z,2026-09-13 10:55:30,32,32.25,0.6,30,0.2,31,10.4,32,55.6,33,32.0,34,1.9,100.1,-0.1,stable,0.58,0,v23_probability_01
2026-09-13T03:55:34.465227+00:00,2026-09-13 12:00,2026-09-13 04:00Z,2026-09-13 11:55:30,32,32.28,0.6,30,0.2,31,9.5,32,54.6,33,33.6,34,2.1,100.0,0.0,convective,0.0,0,v23_probability_01
2026-09-13T04:55:34.466523+00:00,2026-09-13 13:00,2026-09-13 05:00Z,2026-09-13 12:55:30,31,31.14,0.6,29,0.3,30,14.0,31,58.3,32,26.3,33,1.2,100.1,-0.1,convective,0.0,0,v23_probability_01
2026-09-13T05:55:34.464135+00:00,2026-09-13 14:00,2026-09-13 06:00Z,2026-09-13 13:55:30,30,30.06,0.6,28,0.5,29,17.1,30,59.3,31,22.3,32,0.8,100.0,0.0,stable,0.0,0,v23_probability_01
2026-09-13T06:55:34.464636+00:00,2026-09-13 15:00,2026-09-13 07:00Z,2026-09-13 14:55:30,31,31.1,0.6,29,0.4,30,15.5,31,58.9,32,24.3,33,1.0,100.1,-0.1,stable,-0.1,0,v23_probability_01
2026-09-13T07:55:34.465369+00:00,2026-09-13 16:00,2026-09-13 08:00Z,2026-09-13 15:55:30,31,31.21,0.6,29,0.2,30,11.6,31,56.7,32,29.9,33,1.6,100.0,0.0,cooling,-0.07,0,v23_probability_01
2026-09-13T08:55:34.464057+00:00,2026-09-13 17:00,2026-09-13 09:00Z,2026-09-13 16:55:30,28,28.3,0.6,26,0.1,27,9.0,28,53.9,29,34.7,30,2.3,100.0,0.0,convective,-0.14,0,v23_probability_01
2026-09-13T09:55:34.467965+00:00,2026-09-13 18:00,2026-09-13 10:00Z,2026-09-13 17:55:30,26,25.7,0.6,24,2.3,25,34.7,26,53.9,27,9.0,28,0.1,100.0,0.0,stable,0.04,1,v23_probability_01
2026-09-13T10:55:34.465471+00:00,2026-09-13 19:00,2026-09-13 11:00Z,2026-09-13 18:55:30,26,26.28,0.6,24,0.2,25,9.5,26,54.6,27,33.6,28,2.1,100.0,0.0,stable,0.38,0,v23_probability_01
2026-09-13T11:55:34.467083+00:00,2026-09-13 20:00,2026-09-13 12:00Z,2026-09-13 19:55:30,27,26.8,0.6,25,1.5,26,29.3,27,57.0,28,11.9,29,0.2,99.9,0.1,stable,0.69,0,v23_probability_01
2026-09-13T12:55:34.465336+00:00,2026-09-13 21:00,2026-09-13 13:00Z,2026-09-13 20:55:30,27,26.56,0.6,25,3.8,26,42.2,27,48.1,28,5.8,29,0.1,100.0,0.0,stable,0.9,0,v23_probability_01
2026-09-13T13:55:34.468760+00:00,2026-09-13 22:00,2026-09-13 14:00Z,2026-09-13 21:55:30,27,26.65,0.6,25,2.7,26,37.4,27,52.0,28,7.7,29,0.1,99.9,0.1,stable,0.9,0,v23_probability_01
2026-09-13T14:55:34.464765+00:00,2026-09-13 23:00,2026-09-13 15:00Z,2026-09-13 22:55:30,27,26.9,0.6,25,1.0,26,24.3,27,58.9,28,15.5,29,0.4,100.1,-0.1,stable,0.9,0,v23_probability_01
2026-09-13T15:55:34.464950+00:00,2026-09-14 00:00,2026-09-13 16:00Z,2026-09-13 23:55:30,27,26.73,0.6,25,2.0,26,33.1,27,55.0,28,9.8,29,0.2,100.1,-0.1,stable,0.72,0,v23_probability_01
2026-09-13T16:55:34.466500+00:00,2026-09-14 01:00,2026-09-13 17:00Z,2026-09-14 00:55:30,27,26.89,0.6,25,1.0,26,24.8,27,58.7,28,15.1,29,0.4,100.0,0.0,stable,0.9,0,v23_probability_01
2026-09-13T17:55:34.465006+00:00,2026-09-14 02:00,2026-09-13 18:00Z,2026-09-14 01:55:30,27,26.59,0.6,25,3.4,26,40.6,27,49.5,28,6.4,29,0.1,100.0,0.0,stable,0.71,0,v23_probability_01
2026-09-13T18:55:34.465180+00:00,2026-09-14 03:00,2026-09-13 19:00Z,2026-09-14 02:55:30,26,26.41,0.6,24,0.1,25,6.4,26,49.5,27,40.6,28,3.4,100.0,0.0,stable,0.76,0,v23_probability_01
2026-09-13T19:55:34.468183+00:00,2026-09-14 04:00,2026-09-13 20:00Z,2026-09-14 03:55:30,27,26.5,0.6,25,4.7,26,45.2,27,45.2,28,4.7,29,0.0,99.8,0.2,stable,0.82,0,v23_probability_01
2026-09-13T20:55:34.465085+00:00,2026-09-14 05:00,2026-09-13 21:00Z,2026-09-14 04:55:30,26,26.44,0.6,24,0.1,25,5.8,26,48.1,27,42.2,28,3.8,100.0,0.0,stable,0.81,0,v23_probability_01
2026-09-13T21:55:34.464745+00:00,2026-09-14 06:00,2026-09-13 22:00Z,2026-09-14 05:55:30,26,26.33,0.6,24,0.1,25,8.2,26,52.8,27,36.3,28,2.5,99.9,0.1,stable,0.86,0,v23_probability_01
2026-09-13T22:55:34.464938+00:00,2026-09-14 07:00,2026-09-13 23:00Z,2026-09-14 06:55:30,27,27.06,0.6,25,0.5,26,17.1,27,59.3,28,22.3,29,0.8,100.0,0.0,stable,0.65,0,v23_probability_01
2026-09-13T23:55:34.465296+00:00,2026-09-14 08:00,2026-09-14 00:00Z,2026-09-14 07:55:30,28,28.25,0.6,26,0.2,27,10.4,28,55.6,29,32.0,30,1.9,100.1,-0.1,stable,0.58,0,v23_probability_01
2026-09-14T00:55:34.465409+00:00,2026-09-14 09:00,2026-09-14 01:00Z,2026-09-14 08:55:30,31,30.69,0.6,29,2.4,30,35.2,31,53.6,32,8.7,33,0.1,100.0,0.0,heating,0.64,0,v23_probability_01
2026-09-14T01:55:34.464641+00:00,2026-09-14 10:00,2026-09-14 02:00Z,2026-09-14 09:55:30,32,31.68,0.6,30,2.4,31,35.7,32,53.2,33,8.5,34,0.1,99.9,0.1,heating,0.51,0,v23_probability_01
2026-09-14T02:55:34.465157+00:00,2026-09-14 11:00,2026-09-14 03:00Z,2026-09-14 10:55:30,32,31.89,0.6,30,1.0,31,24.8,32,58.7,33,15.1,34,0.4,100.0,0.0,stable,0.45,0,v23_probability_01
2026-09-14T03:55:34.464596+00:00,2026-09-14 12:00,2026-09-14 04:00Z,2026-09-14 11:55:30,31,31.04,0.6,29,0.5,30,17.9,31,59.4,32,21.4,33,0.7,99.9,0.1,stable,-0.47,0,v23_probability_01
2026-09-14T04:55:34.464416+00:00,2026-09-14 13:00,2026-09-14 05:00Z,2026-09-14 12:55:30,32,32.02,0.6,30,0.6,31,18.7,32,59.5,33,20.5,34,0.7,100.0,0.0,convective,-0.19,0,v23_probability_01
2026-09-14T05:55:34.464947+00:00,2026-09-14 14:00,2026-09-14 06:00Z,2026-09-14 13:55:30,32,32.24,0.6,30,0.2,31,10.7,32,55.9,33,31.5,34,1.8,100.1,-0.1,stable,-0.52,0,v23_probability_01
2026-09-14T06:55:34.463737+00:00,2026-09-14 15:00,2026-09-14 07:00Z,2026-09-14 14:55:30,32,31.6,0.6,30,3.3,31,40.0,32,49.9,33,6.6,34,0.1,99.9,0.1,convective,-0.25,0,v23_probability_01
2026-09-14T07:55:34.464012+00:00,2026-09-14 16:00,2026-09-14 08:00Z,2026-09-14 15:55:30,33,33.26,0.6,31,0.2,32,10.1,33,55.3,34,32.5,35,1.9,100.0,0.0,heating,-0.25,0,v23_probability_01
2026-09-14T08:55:34.464810+00:00,2026-09-14 17:00,2026-09-14 09:00Z,2026-09-14 16:55:30,30,30.06,0.6,28,0.5,29,17.1,30,59.3,31,22.3,32,0.8,100.0,0.0,convective,-0.38,0,v23_probability_01
2026-09-14T09:55:34.465368+00:00,2026-09-14 18:00,2026-09-14 10:00Z,2026-09-14 17:55:30,30,29.53,0.6,28,4.3,29,43.7,30,46.7,31,5.2,32,0.1,100.0,0.0,stable,-0.62,0,v23_probability_01
2026-09-14T10:55:34.465073+00:00,2026-09-14 19:00,2026-09-14 11:00Z,2026-09-14 18:55:30,28,28.45,0.6,26,0.1,27,5.6,28,47.7,29,42.7,30,4.0,100.1,-0.1,stable,-0.56,0,v23_probability_01
2026-09-14T12:55:34.465932+00:00,2026-09-14 21:00,2026-09-14 13:00Z,2026-09-14 20:55:30,28,28.26,0.6,26,0.2,27,10.1,28,55.3,29,32.5,30,1.9,100.0,0.0,stable,-0.25,0,v23_probability_01
2026-09-14T13:55:34.107250+00:00,2026-09-14 22:00,2026-09-14 14:00Z,2026-09-14 21:55:30,28,27.58,0.6,26,3.6,27,41.1,28,49.0,29,6.2,30,0.1,100.0,0.0,stable,-0.42,0,v23_probability_01
2026-09-14T14:55:34.104281+00:00,2026-09-14 23:00,2026-09-14 15:00Z,2026-09-14 22:55:30,28,28.41,0.6,26,0.1,27,6.4,28,49.5,29,40.6,30,3.4,100.0,0.0,stable,0.45,0,v23_probability_01
2026-09-14T15:55:34.105464+00:00,2026-09-15 00:00,2026-09-14 16:00Z,2026-09-14 23:55:30,29,28.55,0.6,27,4.0,28,42.7,29,47.7,30,5.6,31,0.1,100.1,-0.1,stable,0.81,0,v23_probability_01
2026-09-14T16:55:34.402329+00:00,2026-09-15 01:00,2026-09-14 17:00Z,2026-09-15 00:55:30,28,28.3,0.6,26,0.1,27,9.0,28,54.0,29,34.6,30,2.3,100.0,0.0,stable,0.87,0,v23_probability_02_cdf_rounding
2026-09-14T17:55:34.402184+00:00,2026-09-15 02:00,2026-09-14 18:00Z,2026-09-15 01:55:30,28,27.71,0.6,26,2.2,27,34.1,28,54.3,29,9.3,30,0.1,100.0,0.0,stable,0.63,0,v23_probability_02_cdf_rounding
2026-09-14T18:55:34.401627+00:00,2026-09-15 03:00,2026-09-14 19:00Z,2026-09-15 02:55:30,27,27.31,0.6,25,0.1,26,8.8,27,53.5,28,35.2,29,2.4,100.0,0.0,stable,0.52,0,v23_probability_02_cdf_rounding
2026-09-14T19:55:34.401046+00:00,2026-09-15 04:00,2026-09-14 20:00Z,2026-09-15 03:55:30,27,27.02,0.6,25,0.6,26,18.7,27,59.5,28,20.5,29,0.7,100.0,0.0,stable,0.59,0,v23_probability_02_cdf_rounding
2026-09-14T20:55:34.404009+00:00,2026-09-15 05:00,2026-09-14 21:00Z,2026-09-15 04:55:30,27,26.99,0.6,25,0.7,26,20.0,27,59.5,28,19.2,29,0.6,100.0,0.0,stable,0.73,0,v23_probability_02_cdf_rounding
2026-09-14T21:55:34.401688+00:00,2026-09-15 06:00,2026-09-14 22:00Z,2026-09-15 05:55:30,27,27.29,0.6,25,0.1,26,9.3,27,54.3,28,34.1,29,2.2,100.0,0.0,stable,0.9,0,v23_probability_02_cdf_rounding
2026-09-14T22:55:34.400694+00:00,2026-09-15 07:00,2026-09-14 23:00Z,2026-09-15 06:55:30,28,28.23,0.6,26,0.2,27,11.0,28,56.2,29,30.9,30,1.7,100.0,-0.0,stable,0.9,0,v23_probability_02_cdf_rounding
2026-09-14T23:55:34.400864+00:00,2026-09-15 08:00,2026-09-15 00:00Z,2026-09-15 07:55:30,31,30.81,0.6,29,1.5,30,28.8,31,57.2,32,12.3,33,0.2,100.0,0.0,heating,0.55,0,v23_probability_02_cdf_rounding
2026-09-15T00:55:34.401180+00:00,2026-09-15 09:00,2026-09-15 01:00Z,2026-09-15 08:55:30,31,30.56,0.6,29,3.9,30,42.1,31,48.1,32,5.8,33,0.1,100.0,0.0,stable,0.01,0,v23_probability_02_cdf_rounding
2026-09-15T01:55:34.401362+00:00,2026-09-15 10:00,2026-09-15 02:00Z,2026-09-15 09:55:30,31,31.39,0.6,29,0.1,30,6.8,31,50.4,32,39.5,33,3.2,100.0,0.0,stable,-0.01,0,v23_probability_02_cdf_rounding
2026-09-15T02:55:34.401751+00:00,2026-09-15 11:00,2026-09-15 03:00Z,2026-09-15 10:55:30,30,29.52,0.6,28,4.5,29,44.2,30,46.2,31,5.1,32,0.0,100.0,0.0,convective,-0.12,0,v23_probability_02_cdf_rounding
2026-09-15T03:55:34.401328+00:00,2026-09-15 12:00,2026-09-15 04:00Z,2026-09-15 11:55:30,30,30.14,0.6,28,0.3,29,14.0,30,58.3,31,26.2,32,1.2,100.0,0.0,stable,0.19,0,v23_probability_02_cdf_rounding
2026-09-15T04:55:34.402071+00:00,2026-09-15 13:00,2026-09-15 05:00Z,2026-09-15 12:55:30,27,27.28,0.6,25,0.2,26,9.5,27,54.6,28,33.6,29,2.1,100.0,0.0,outflow,0.03,0,v23_probability_02_cdf_rounding
2026-09-15T05:55:34.399992+00:00,2026-09-15 14:00,2026-09-15 06:00Z,2026-09-15 13:55:30,27,26.57,0.6,25,3.7,26,41.7,27,48.5,28,6.0,29,0.1,100.0,0.0,stable,0.16,0,v23_probability_02_cdf_rounding
2026-09-15T06:55:34.401513+00:00,2026-09-15 15:00,2026-09-15 07:00Z,2026-09-15 14:55:30,26,26.3,0.6,24,0.1,25,9.0,26,54.0,27,34.6,28,2.3,100.0,0.0,stable,0.03,1,v23_probability_02_cdf_rounding
2026-09-15T07:55:34.400466+00:00,2026-09-15 16:00,2026-09-15 08:00Z,2026-09-15 15:55:30,27,27.18,0.6,25,0.3,26,12.6,27,57.4,28,28.3,29,1.4,100.0,0.0,stable,0.14,0,v23_probability_02_cdf_rounding
2026-09-15T08:55:34.399387+00:00,2026-09-15 17:00,2026-09-15 09:00Z,2026-09-15 16:55:30,31,31.1,0.6,29,0.4,30,15.5,31,58.9,32,24.2,33,1.0,100.0,0.0,heating,0.36,0,v23_probability_02_cdf_rounding
2026-09-15T09:55:34.399932+00:00,2026-09-15 18:00,2026-09-15 10:00Z,2026-09-15 17:55:30,29,29.01,0.6,27,0.6,28,19.2,29,59.5,30,20.0,31,0.7,100.0,0.0,stable,0.09,0,v23_probability_02_cdf_rounding
2026-09-15T10:55:34.400296+00:00,2026-09-15 19:00,2026-09-15 11:00Z,2026-09-15 18:55:30,28,28.13,0.6,26,0.3,27,14.4,28,58.4,29,25.8,30,1.1,100.0,0.0,stable,0.23,0,v23_probability_02_cdf_rounding
2026-09-15T11:55:34.402938+00:00,2026-09-15 20:00,2026-09-15 12:00Z,2026-09-15 19:55:30,28,27.78,0.6,26,1.6,27,30.4,28,56.5,29,11.3,30,0.2,100.0,0.0,stable,0.28,0,v23_probability_02_cdf_rounding
2026-09-15T12:55:34.400544+00:00,2026-09-15 21:00,2026-09-15 13:00Z,2026-09-15 20:55:30,28,28.27,0.6,26,0.2,27,9.8,28,54.9,29,33.1,30,2.0,100.0,0.0,stable,0.89,0,v23_probability_02_cdf_rounding
2026-09-15T13:55:34.400762+00:00,2026-09-15 22:00,2026-09-15 14:00Z,2026-09-15 21:55:30,28,27.87,0.6,26,1.1,27,25.8,28,58.4,29,14.4,30,0.3,100.0,0.0,stable,0.68,0,v23_probability_02_cdf_rounding
2026-09-15T14:55:34.400687+00:00,2026-09-15 23:00,2026-09-15 15:00Z,2026-09-15 22:55:30,28,27.84,0.6,26,1.3,27,27.2,28,57.9,29,13.3,30,0.3,100.0,0.0,stable,0.66,0,v23_probability_02_cdf_rounding
2026-09-15T15:55:34.400800+00:00,2026-09-16 00:00,2026-09-15 16:00Z,2026-09-15 23:55:30,27,27.47,0.6,25,0.1,26,5.2,27,46.7,28,43.7,29,4.3,100.0,0.0,stable,0.64,0,v23_probability_02_cdf_rounding
2026-09-15T16:55:34.401749+00:00,2026-09-16 01:00,2026-09-15 17:00Z,2026-09-16 00:55:30,27,27.12,0.6,25,0.3,26,14.8,27,58.6,28,25.2,29,1.1,100.0,0.0,stable,0.55,0,v23_probability_02_cdf_rounding
2026-09-15T17:55:34.401671+00:00,2026-09-16 02:00,2026-09-15 18:00Z,2026-09-16 01:55:30,27,26.62,0.6,25,3.1,26,39.0,27,50.8,28,7.0,29,0.1,100.0,0.0,stable,0.48,0,v23_probability_02_cdf_rounding
2026-09-15T18:55:34.401376+00:00,2026-09-16 03:00,2026-09-15 19:00Z,2026-09-16 02:55:30,27,26.51,0.6,25,4.6,26,44.7,27,45.8,28,4.9,29,0.0,100.0,0.0,stable,0.55,0,v23_probability_02_cdf_rounding
2026-09-15T19:55:34.402260+00:00,2026-09-16 04:00,2026-09-15 20:00Z,2026-09-16 03:55:30,26,26.4,0.6,24,0.1,25,6.6,26,49.9,27,40.1,28,3.3,100.0,0.0,stable,0.6,0,v23_probability_02_cdf_rounding
2026-09-15T20:55:34.402370+00:00,2026-09-16 05:00,2026-09-15 21:00Z,2026-09-16 04:55:30,27,26.53,0.6,25,4.3,26,43.7,27,46.7,28,5.2,29,0.1,100.0,0.0,stable,0.64,0,v23_probability_02_cdf_rounding
2026-09-15T21:55:34.400813+00:00,2026-09-16 06:00,2026-09-15 22:00Z,2026-09-16 05:55:30,27,26.66,0.6,25,2.7,26,36.8,27,52.4,28,8.0,29,0.1,100.0,0.0,stable,0.78,0,v23_probability_02_cdf_rounding
2026-09-15T22:55:34.401201+00:00,2026-09-16 07:00,2026-09-15 23:00Z,2026-09-16 06:55:30,28,27.94,0.6,26,0.8,27,22.4,28,59.3,29,17.0,30,0.5,100.0,0.0,stable,0.78,0,v23_probability_02_cdf_rounding
2026-09-15T23:55:34.400561+00:00,2026-09-16 08:00,2026-09-16 00:00Z,2026-09-16 07:55:30,30,30.27,0.6,28,0.2,29,9.8,30,54.9,31,33.1,32,2.0,100.0,0.0,heating,0.65,0,v23_probability_02_cdf_rounding
2026-09-16T00:55:34.401086+00:00,2026-09-16 09:00,2026-09-16 01:00Z,2026-09-16 08:55:30,30,30.4,0.6,28,0.1,29,6.6,30,49.9,31,40.1,32,3.3,100.0,0.0,stable,0.44,0,v23_probability_02_cdf_rounding
2026-09-16T01:55:34.400721+00:00,2026-09-16 10:00,2026-09-16 02:00Z,2026-09-16 09:55:30,30,30.24,0.6,28,0.2,29,10.7,30,55.9,31,31.4,32,1.8,100.0,0.0,stable,-0.25,0,v23_probability_02_cdf_rounding
2026-09-16T02:55:34.402404+00:00,2026-09-16 11:00,2026-09-16 03:00Z,2026-09-16 10:55:30,31,31.19,0.6,29,0.2,30,12.3,31,57.2,32,28.8,33,1.5,100.0,0.0,convective,0.02,0,v23_probability_02_cdf_rounding
2026-09-16T03:55:34.400529+00:00,2026-09-16 12:00,2026-09-16 04:00Z,2026-09-16 11:55:30,32,32.25,0.6,30,0.2,31,10.4,32,55.6,33,31.9,34,1.9,100.0,0.0,heating,0.34,0,v23_probability_02_cdf_rounding
2026-09-16T04:55:34.401154+00:00,2026-09-16 13:00,2026-09-16 05:00Z,2026-09-16 12:55:30,32,32.26,0.6,30,0.2,31,10.1,32,55.2,33,32.6,34,1.9,100.0,0.0,stable,0.47,0,v23_probability_02_cdf_rounding
2026-09-16T05:55:34.401009+00:00,2026-09-16 14:00,2026-09-16 06:00Z,2026-09-16 13:55:30,30,29.77,0.6,28,1.7,29,30.9,30,56.2,31,11.0,32,0.2,100.0,-0.0,stable,0.38,0,v23_probability_02_cdf_rounding
2026-09-16T06:55:34.400798+00:00,2026-09-16 15:00,2026-09-16 07:00Z,2026-09-16 14:55:30,31,30.81,0.6,29,1.5,30,28.8,31,57.2,32,12.3,33,0.2,100.0,0.0,stable,0.9,0,v23_probability_02_cdf_rounding
2026-09-16T07:55:34.399831+00:00,2026-09-16 16:00,2026-09-16 08:00Z,2026-09-16 15:55:30,32,31.56,0.6,30,3.9,31,42.1,32,48.1,33,5.8,34,0.1,100.0,0.0,stable,0.9,0,v23_probability_02_cdf_rounding
2026-09-16T08:55:34.401470+00:00,2026-09-16 17:00,2026-09-16 09:00Z,2026-09-16 16:55:30,30,29.51,0.6,28,4.6,29,44.7,30,45.8,31,4.9,32,0.0,100.0,0.0,cooling,0.42,0,v23_probability_02_cdf_rounding
2026-09-16T09:55:34.401257+00:00,2026-09-16 18:00,2026-09-16 10:00Z,2026-09-16 17:55:30,27,27.22,0.6,25,0.2,26,11.3,27,56.5,28,30.4,29,1.6,100.0,0.0,stable,-0.63,0,v23_probability_02_cdf_rounding
2026-09-16T10:55:34.401559+00:00,2026-09-16 19:00,2026-09-16 11:00Z,2026-09-16 18:55:30,27,27.15,0.6,25,0.3,26,13.6,27,58.1,28,26.8,29,1.2,100.0,0.0,stable,-0.5,0,v23_probability_02_cdf_rounding
2026-09-16T11:55:34.401675+00:00,2026-09-16 20:00,2026-09-16 12:00Z,2026-09-16 19:55:30,28,27.82,0.6,26,1.4,27,28.3,28,57.4,29,12.6,30,0.3,100.0,0.0,stable,-0.15,0,v23_probability_02_cdf_rounding
2026-09-16T12:55:34.401761+00:00,2026-09-16 21:00,2026-09-16 13:00Z,2026-09-16 20:55:30,26,26.03,0.6,24,0.5,25,18.4,26,59.4,27,21.0,28,0.7,100.0,0.0,stable,0.67,0,v23_probability_02_cdf_rounding
2026-09-16T13:55:34.401351+00:00,2026-09-16 22:00,2026-09-16 14:00Z,2026-09-16 21:55:30,26,25.6,0.6,24,3.3,25,40.1,26,49.9,27,6.6,28,0.1,100.0,0.0,stable,0.54,0,v23_probability_02_cdf_rounding
2026-09-16T14:55:34.401227+00:00,2026-09-16 23:00,2026-09-16 15:00Z,2026-09-16 22:55:30,26,25.78,0.6,24,1.6,25,30.4,26,56.5,27,11.3,28,0.2,100.0,0.0,stable,0.61,0,v23_probability_02_cdf_rounding
2026-09-16T15:55:34.403293+00:00,2026-09-17 00:00,2026-09-16 16:00Z,2026-09-16 23:55:30,26,25.59,0.6,24,3.5,25,40.5,26,49.5,27,6.4,28,0.1,100.0,0.0,stable,0.63,0,v23_probability_02_cdf_rounding
2026-09-16T16:55:34.401206+00:00,2026-09-17 01:00,2026-09-16 17:00Z,2026-09-17 00:55:30,26,25.52,0.6,24,4.5,25,44.2,26,46.2,27,5.1,28,0.0,100.0,0.0,stable,0.55,0,v23_probability_02_cdf_rounding
2026-09-16T17:55:34.401976+00:00,2026-09-17 02:00,2026-09-16 18:00Z,2026-09-17 01:55:30,25,25.4,0.6,23,0.1,24,6.6,25,49.9,26,40.1,27,3.3,100.0,0.0,stable,0.47,0,v23_probability_02_cdf_rounding
2026-09-16T18:55:34.400918+00:00,2026-09-17 03:00,2026-09-16 19:00Z,2026-09-17 02:55:30,25,25.23,0.6,23,0.2,24,11.0,25,56.2,26,30.9,27,1.7,100.0,-0.0,stable,0.32,0,v23_probability_02_cdf_rounding
2026-09-16T19:55:34.400554+00:00,2026-09-17 04:00,2026-09-16 20:00Z,2026-09-17 03:55:30,26,25.56,0.6,24,3.9,25,42.1,26,48.1,27,5.8,28,0.1,100.0,0.0,stable,0.49,0,v23_probability_02_cdf_rounding
2026-09-16T20:55:34.402916+00:00,2026-09-17 05:00,2026-09-16 21:00Z,2026-09-17 04:55:30,26,25.51,0.6,24,4.6,25,44.7,26,45.8,27,4.9,28,0.0,100.0,0.0,stable,0.39,0,v23_probability_02_cdf_rounding
2026-09-16T21:55:34.401362+00:00,2026-09-17 06:00,2026-09-16 22:00Z,2026-09-17 05:55:30,26,25.76,0.6,24,1.8,25,31.4,26,55.9,27,10.7,28,0.2,100.0,0.0,stable,0.63,0,v23_probability_02_cdf_rounding
2026-09-16T22:55:34.401543+00:00,2026-09-17 07:00,2026-09-16 23:00Z,2026-09-17 06:55:30,26,26.21,0.6,24,0.2,25,11.6,26,56.8,27,29.8,28,1.6,100.0,0.0,stable,0.63,0,v23_probability_02_cdf_rounding
2026-09-16T23:55:34.399724+00:00,2026-09-17 08:00,2026-09-17 00:00Z,2026-09-17 07:55:30,28,28.48,0.6,26,0.0,27,5.1,28,46.2,29,44.2,30,4.5,100.0,0.0,stable,0.77,0,v23_probability_02_cdf_rounding
2026-09-17T00:55:34.404342+00:00,2026-09-17 09:00,2026-09-17 01:00Z,2026-09-17 08:55:30,28,28.23,0.6,26,0.2,27,11.0,28,56.2,29,30.9,30,1.7,100.0,-0.0,stable,0.36,0,v23_probability_02_cdf_rounding
2026-09-17T01:55:34.401334+00:00,2026-09-17 10:00,2026-09-17 02:00Z,2026-09-17 09:55:30,30,29.81,0.6,28,1.5,29,28.8,30,57.2,31,12.3,32,0.2,100.0,0.0,stable,0.07,0,v23_probability_02_cdf_rounding
2026-09-17T02:55:34.400689+00:00,2026-09-17 11:00,2026-09-17 03:00Z,2026-09-17 10:55:30,31,30.75,0.6,29,1.9,30,31.9,31,55.6,32,10.4,33,0.2,100.0,-0.0,heating,0.03,0,v23_probability_02_cdf_rounding
2026-09-17T03:55:34.400715+00:00,2026-09-17 12:00,2026-09-17 04:00Z,2026-09-17 11:55:30,31,31.06,0.6,29,0.5,30,17.0,31,59.3,32,22.4,33,0.8,100.0,0.0,cooling,-0.04,0,v23_probability_02_cdf_rounding
2026-09-17T04:55:34.412074+00:00,2026-09-17 13:00,2026-09-17 05:00Z,2026-09-17 12:55:30,31,30.64,0.6,29,2.9,30,37.9,31,51.6,32,7.5,33,0.1,100.0,0.0,stable,-0.07,0,v23_probability_02_cdf_rounding
2026-09-17T05:55:34.400992+00:00,2026-09-17 14:00,2026-09-17 06:00Z,2026-09-17 13:55:30,32,32.01,0.6,30,0.6,31,19.2,32,59.5,33,20.0,34,0.7,100.0,0.0,outflow,-0.02,0,v23_probability_02_cdf_rounding
2026-09-17T06:55:34.401285+00:00,2026-09-17 15:00,2026-09-17 07:00Z,2026-09-17 14:55:30,28,27.64,0.6,26,2.9,27,37.9,28,51.6,29,7.5,30,0.1,100.0,0.0,outflow,-0.09,0,v23_probability_02_cdf_rounding
2026-09-17T07:55:34.400888+00:00,2026-09-17 16:00,2026-09-17 08:00Z,2026-09-17 15:55:30,26,25.75,0.6,24,1.9,25,31.9,26,55.6,27,10.4,28,0.2,100.0,-0.0,convective,-0.2,0,v23_probability_02_cdf_rounding
2026-09-17T08:55:34.400836+00:00,2026-09-17 17:00,2026-09-17 09:00Z,2026-09-17 16:55:30,26,25.51,0.6,24,4.6,25,44.7,26,45.8,27,4.9,28,0.0,100.0,0.0,stable,-0.33,0,v23_probability_02_cdf_rounding
2026-09-17T09:55:34.399714+00:00,2026-09-17 18:00,2026-09-17 10:00Z,2026-09-17 17:55:30,26,26.09,0.6,24,0.4,25,15.9,26,59.0,27,23.8,28,0.9,100.0,0.0,stable,0.21,0,v23_probability_02_cdf_rounding
2026-09-17T10:55:34.401282+00:00,2026-09-17 19:00,2026-09-17 11:00Z,2026-09-17 18:55:30,26,26.21,0.6,24,0.2,25,11.6,26,56.8,27,29.8,28,1.6,100.0,0.0,stable,0.33,0,v23_probability_02_cdf_rounding
2026-09-17T11:55:34.402392+00:00,2026-09-17 20:00,2026-09-17 12:00Z,2026-09-17 19:55:30,26,26.28,0.6,24,0.2,25,9.5,26,54.6,27,33.6,28,2.1,100.0,0.0,stable,0.27,0,v23_probability_02_cdf_rounding
2026-09-17T12:55:34.401591+00:00,2026-09-17 21:00,2026-09-17 13:00Z,2026-09-17 20:55:30,27,26.77,0.6,25,1.7,26,30.9,27,56.2,28,11.0,29,0.2,100.0,-0.0,stable,0.71,0,v23_probability_02_cdf_rounding
2026-09-17T13:55:34.400842+00:00,2026-09-17 22:00,2026-09-17 14:00Z,2026-09-17 21:55:30,27,26.78,0.6,25,1.6,26,30.4,27,56.5,28,11.3,29,0.2,100.0,0.0,stable,0.7,0,v23_probability_02_cdf_rounding
2026-09-17T14:55:34.400333+00:00,2026-09-17 23:00,2026-09-17 15:00Z,2026-09-17 22:55:30,26,26.34,0.6,24,0.1,25,8.0,26,52.4,27,36.8,28,2.7,100.0,0.0,stable,0.66,0,v23_probability_02_cdf_rounding
2026-09-17T16:57:19.985187+00:00,2026-09-18 01:00,2026-09-17 17:00Z,2026-09-18 00:57:15,25,25.38,0.6,23,0.1,24,7.0,25,50.8,26,39.0,27,3.1,100.0,0.0,stable,0.0,0,v23_probability_02_cdf_rounding
2026-09-17T17:55:34.399002+00:00,2026-09-18 02:00,2026-09-17 18:00Z,2026-09-18 01:55:30,26,25.59,0.6,24,3.5,25,40.5,26,49.5,27,6.4,28,0.1,100.0,0.0,stable,0.18,0,v23_probability_02_cdf_rounding
2026-09-17T18:55:34.401814+00:00,2026-09-18 03:00,2026-09-17 19:00Z,2026-09-18 02:55:30,26,25.92,0.6,24,0.9,25,23.3,26,59.1,27,16.3,28,0.4,100.0,0.0,stable,0.57,0,v23_probability_02_cdf_rounding
2026-09-17T19:55:34.397519+00:00,2026-09-18 04:00,2026-09-17 20:00Z,2026-09-18 03:55:30,26,25.76,0.6,24,1.8,25,31.4,26,55.9,27,10.7,28,0.2,100.0,0.0,stable,0.58,0,v23_probability_02_cdf_rounding
2026-09-17T20:55:34.398470+00:00,2026-09-18 05:00,2026-09-17 21:00Z,2026-09-18 04:55:30,26,25.68,0.6,24,2.5,25,35.7,26,53.2,27,8.5,28,0.1,100.0,0.0,stable,0.57,0,v23_probability_02_cdf_rounding
2026-09-17T21:55:34.396268+00:00,2026-09-18 06:00,2026-09-17 22:00Z,2026-09-18 05:55:30,26,25.57,0.6,24,3.7,25,41.7,26,48.5,27,6.0,28,0.1,100.0,0.0,stable,0.58,0,v23_probability_02_cdf_rounding
2026-09-17T22:55:34.396823+00:00,2026-09-18 07:00,2026-09-17 23:00Z,2026-09-18 06:55:30,26,26.33,0.6,24,0.1,25,8.2,26,52.9,27,36.2,28,2.6,100.0,0.0,stable,0.62,0,v23_probability_02_cdf_rounding
2026-09-17T23:55:34.399476+00:00,2026-09-18 08:00,2026-09-18 00:00Z,2026-09-18 07:55:30,28,28.46,0.6,26,0.1,27,5.4,28,47.2,29,43.1,30,4.2,100.0,-0.0,stable,0.9,0,v23_probability_02_cdf_rounding
2026-09-18T00:55:34.397734+00:00,2026-09-18 09:00,2026-09-18 01:00Z,2026-09-18 08:55:30,30,30.24,0.6,28,0.2,29,10.7,30,55.9,31,31.4,32,1.8,100.0,0.0,heating,0.78,0,v23_probability_02_cdf_rounding
2026-09-18T01:55:34.398789+00:00,2026-09-18 10:00,2026-09-18 02:00Z,2026-09-18 09:55:30,32,31.54,0.6,30,4.2,31,43.1,32,47.2,33,5.4,34,0.1,100.0,0.0,stable,0.9,0,v23_probability_02_cdf_rounding
2026-09-18T02:55:34.399769+00:00,2026-09-18 11:00,2026-09-18 03:00Z,2026-09-18 10:55:30,33,32.85,0.6,31,1.2,32,26.8,33,58.1,34,13.6,35,0.3,100.0,0.0,heating,0.54,0,v23_probability_02_cdf_rounding
2026-09-18T03:55:34.397119+00:00,2026-09-18 12:00,2026-09-18 04:00Z,2026-09-18 11:55:30,32,32.45,0.6,30,0.1,31,5.6,32,47.6,33,42.7,34,4.0,100.0,0.0,convective,-0.22,0,v23_probability_02_cdf_rounding
2026-09-18T04:55:34.397125+00:00,2026-09-18 13:00,2026-09-18 05:00Z,2026-09-18 12:55:30,33,32.64,0.6,31,2.9,32,37.9,33,51.6,34,7.5,35,0.1,100.0,0.0,outflow,-0.08,0,v23_probability_02_cdf_rounding
2026-09-18T05:55:34.398306+00:00,2026-09-18 14:00,2026-09-18 06:00Z,2026-09-18 13:55:30,29,29.07,0.6,27,0.4,28,16.7,29,59.2,30,22.8,31,0.9,100.0,0.0,stable,-0.13,1,v23_probability_02_cdf_rounding
2026-09-18T06:55:34.396275+00:00,2026-09-18 15:00,2026-09-18 07:00Z,2026-09-18 14:55:30,26,26.28,0.6,24,0.2,25,9.5,26,54.6,27,33.6,28,2.1,100.0,0.0,outflow,0.04,0,v23_probability_02_cdf_rounding
2026-09-18T07:55:34.397150+00:00,2026-09-18 16:00,2026-09-18 08:00Z,2026-09-18 15:55:30,25,25.43,0.6,23,0.1,24,6.0,25,48.5,26,41.7,27,3.7,100.0,-0.0,stable,0.06,1,v23_probability_02_cdf_rounding
2026-09-18T08:55:34.401484+00:00,2026-09-18 17:00,2026-09-18 09:00Z,2026-09-18 16:55:30,26,25.73,0.6,24,2.0,25,33.1,26,54.9,27,9.8,28,0.2,100.0,0.0,stable,0.16,0,v23_probability_02_cdf_rounding
2026-09-18T09:55:34.397791+00:00,2026-09-18 18:00,2026-09-18 10:00Z,2026-09-18 17:55:30,27,26.51,0.6,25,4.6,26,44.7,27,45.8,28,4.9,29,0.0,100.0,0.0,stable,0.9,0,v23_probability_02_cdf_rounding
2026-09-18T10:55:34.397605+00:00,2026-09-18 19:00,2026-09-18 11:00Z,2026-09-18 18:55:30,27,26.94,0.6,25,0.8,26,22.4,27,59.3,28,17.0,29,0.5,100.0,0.0,stable,0.9,0,v23_probability_02_cdf_rounding
2026-09-18T11:55:34.397939+00:00,2026-09-18 20:00,2026-09-18 12:00Z,2026-09-18 19:55:30,27,26.98,0.6,25,0.7,26,20.5,27,59.5,28,18.7,29,0.6,100.0,0.0,stable,0.9,0,v23_probability_02_cdf_rounding
2026-09-18T12:55:34.398071+00:00,2026-09-18 21:00,2026-09-18 13:00Z,2026-09-18 20:55:30,27,27.05,0.6,25,0.5,26,17.5,27,59.3,28,21.9,29,0.8,100.0,0.0,stable,0.83,0,v23_probability_02_cdf_rounding
2026-09-18T13:55:34.398646+00:00,2026-09-18 22:00,2026-09-18 14:00Z,2026-09-18 21:55:30,27,27.17,0.6,25,0.3,26,12.9,27,57.7,28,27.8,29,1.3,100.0,0.0,stable,0.79,0,v23_probability_02_cdf_rounding
2026-09-18T14:55:34.397360+00:00,2026-09-18 23:00,2026-09-18 15:00Z,2026-09-18 22:55:30,27,27.38,0.6,25,0.1,26,7.0,27,50.8,28,39.0,29,3.1,100.0,0.0,stable,0.9,0,v23_probability_02_cdf_rounding
2026-09-18T15:55:34.397621+00:00,2026-09-19 00:00,2026-09-18 16:00Z,2026-09-18 23:55:30,27,27.2,0.6,25,0.2,26,12.0,27,56.9,28,29.4,29,1.5,100.0,0.0,stable,0.9,0,v23_probability_02_cdf_rounding
2026-09-18T16:55:34.171941+00:00,2026-09-19 01:00,2026-09-18 17:00Z,2026-09-19 00:55:30,27,27.12,0.6,25,0.3,26,14.8,27,58.6,28,25.2,29,1.1,100.0,0.0,stable,0.9,0,v23_probability_02_cdf_rounding
2026-09-18T17:55:34.170695+00:00,2026-09-19 02:00,2026-09-18 18:00Z,2026-09-19 01:55:30,27,26.95,0.6,25,0.8,26,21.9,27,59.3,28,17.5,29,0.5,100.0,0.0,stable,0.86,0,v23_probability_02_cdf_rounding
2026-09-18T18:55:34.171576+00:00,2026-09-19 03:00,2026-09-18 19:00Z,2026-09-19 02:55:30,27,26.69,0.6,25,2.4,26,35.2,27,53.5,28,8.8,29,0.1,100.0,0.0,stable,0.78,0,v23_probability_02_cdf_rounding
2026-09-18T19:55:34.171444+00:00,2026-09-19 04:00,2026-09-18 20:00Z,2026-09-19 03:55:30,26,26.35,0.6,24,0.1,25,7.7,26,52.1,27,37.3,28,2.8,100.0,0.0,stable,0.82,0,v23_probability_02_cdf_rounding
2026-09-18T20:55:34.170074+00:00,2026-09-19 05:00,2026-09-18 21:00Z,2026-09-19 04:55:30,26,25.99,0.6,24,0.7,25,20.0,26,59.5,27,19.2,28,0.6,100.0,0.0,stable,0.59,0,v23_probability_02_cdf_rounding
2026-09-18T21:55:34.171786+00:00,2026-09-19 06:00,2026-09-18 22:00Z,2026-09-19 05:55:30,26,25.93,0.6,24,0.9,25,22.8,26,59.2,27,16.7,28,0.4,100.0,-0.0,stable,0.56,0,v23_probability_02_cdf_rounding
2026-09-18T22:55:34.170697+00:00,2026-09-19 07:00,2026-09-18 23:00Z,2026-09-19 06:55:30,27,27.21,0.6,25,0.2,26,11.6,27,56.8,28,29.8,29,1.6,100.0,0.0,stable,0.81,0,v23_probability_02_cdf_rounding
2026-09-18T23:55:34.171911+00:00,2026-09-19 08:00,2026-09-19 00:00Z,2026-09-19 07:55:30,30,29.9,0.6,28,1.0,29,24.2,30,58.9,31,15.5,32,0.4,100.0,0.0,heating,0.55,0,v23_probability_02_cdf_rounding
2026-09-19T00:55:34.172653+00:00,2026-09-19 09:00,2026-09-19 01:00Z,2026-09-19 08:55:30,31,31.06,0.6,29,0.5,30,17.0,31,59.3,32,22.4,33,0.8,100.0,0.0,heating,0.1,0,v23_probability_02_cdf_rounding
2026-09-19T01:55:34.171018+00:00,2026-09-19 10:00,2026-09-19 02:00Z,2026-09-19 09:55:30,31,31.29,0.6,29,0.1,30,9.3,31,54.3,32,34.1,33,2.2,100.0,0.0,stable,0.03,0,v23_probability_02_cdf_rounding
2026-09-19T02:55:34.170668+00:00,2026-09-19 11:00,2026-09-19 03:00Z,2026-09-19 10:55:30,32,32.46,0.6,30,0.1,31,5.4,32,47.2,33,43.1,34,4.2,100.0,-0.0,convective,0.04,0,v23_probability_02_cdf_rounding
2026-09-19T03:55:34.169331+00:00,2026-09-19 12:00,2026-09-19 04:00Z,2026-09-19 11:55:30,33,33.03,0.6,31,0.5,32,18.4,33,59.4,34,21.0,35,0.7,100.0,0.0,convective,-0.05,0,v23_probability_02_cdf_rounding
2026-09-19T05:55:34.059196+00:00,2026-09-19 14:00,2026-09-19 06:00Z,2026-09-19 13:55:30,32,32.31,0.6,30,0.1,31,8.8,32,53.5,33,35.2,34,2.4,100.0,0.0,outflow,0.1,0,v23_probability_02_cdf_rounding
2026-09-19T06:55:34.056672+00:00,2026-09-19 15:00,2026-09-19 07:00Z,2026-09-19 14:55:30,29,29.27,0.6,27,0.2,28,9.8,29,54.9,30,33.1,31,2.0,100.0,0.0,outflow,-0.03,0,v23_probability_02_cdf_rounding
2026-09-19T07:55:34.058398+00:00,2026-09-19 16:00,2026-09-19 08:00Z,2026-09-19 15:55:30,27,27.49,0.6,25,0.0,26,4.9,27,45.8,28,44.7,29,4.6,100.0,0.0,stable,-0.23,0,v23_probability_02_cdf_rounding
2026-09-19T08:55:34.056738+00:00,2026-09-19 17:00,2026-09-19 09:00Z,2026-09-19 16:55:30,28,28.05,0.6,26,0.5,27,17.5,28,59.3,29,21.9,30,0.8,100.0,0.0,stable,-0.06,0,v23_probability_02_cdf_rounding
2026-09-19T09:55:34.057346+00:00,2026-09-19 18:00,2026-09-19 10:00Z,2026-09-19 17:55:30,29,29.35,0.6,27,0.1,28,7.7,29,52.1,30,37.3,31,2.8,100.0,0.0,stable,0.89,0,v23_probability_02_cdf_rounding
2026-09-19T10:55:34.056573+00:00,2026-09-19 19:00,2026-09-19 11:00Z,2026-09-19 18:55:30,29,29.17,0.6,27,0.3,28,12.9,29,57.7,30,27.8,31,1.3,100.0,0.0,stable,0.9,0,v23_probability_02_cdf_rounding
2026-09-19T11:55:34.056263+00:00,2026-09-19 20:00,2026-09-19 12:00Z,2026-09-19 19:55:30,29,29.31,0.6,27,0.1,28,8.8,29,53.5,30,35.2,31,2.4,100.0,0.0,stable,0.9,0,v23_probability_02_cdf_rounding
2026-09-19T12:55:34.057536+00:00,2026-09-19 21:00,2026-09-19 13:00Z,2026-09-19 20:55:30,29,28.81,0.6,27,1.5,28,28.8,29,57.2,30,12.3,31,0.2,100.0,0.0,stable,0.68,0,v23_probability_02_cdf_rounding
2026-09-19T13:55:34.057416+00:00,2026-09-19 22:00,2026-09-19 14:00Z,2026-09-19 21:55:30,29,28.82,0.6,27,1.4,28,28.3,29,57.4,30,12.6,31,0.3,100.0,0.0,stable,0.74,0,v23_probability_02_cdf_rounding
2026-09-19T14:55:34.056411+00:00,2026-09-19 23:00,2026-09-19 15:00Z,2026-09-19 22:55:30,29,28.6,0.6,27,3.3,28,40.1,29,49.9,30,6.6,31,0.1,100.0,0.0,stable,0.7,0,v23_probability_02_cdf_rounding
2026-09-19T15:55:34.056641+00:00,2026-09-20 00:00,2026-09-19 16:00Z,2026-09-19 23:55:30,28,28.22,0.6,26,0.2,27,11.3,28,56.5,29,30.4,30,1.6,100.0,0.0,stable,0.7,0,v23_probability_02_cdf_rounding
2026-09-19T16:55:34.056866+00:00,2026-09-20 01:00,2026-09-19 17:00Z,2026-09-20 00:55:30,28,27.64,0.6,26,2.9,27,37.9,28,51.6,29,7.5,30,0.1,100.0,0.0,stable,0.55,0,v23_probability_02_cdf_rounding
2026-09-19T17:55:34.056432+00:00,2026-09-20 02:00,2026-09-19 18:00Z,2026-09-20 01:55:30,27,27.36,0.6,25,0.1,26,7.5,27,51.6,28,37.9,29,2.9,100.0,0.0,stable,0.61,0,v23_probability_02_cdf_rounding
2026-09-19T18:55:34.057446+00:00,2026-09-20 03:00,2026-09-19 19:00Z,2026-09-20 02:55:30,27,27.34,0.6,25,0.1,26,8.0,27,52.4,28,36.8,29,2.7,100.0,0.0,stable,0.71,0,v23_probability_02_cdf_rounding
2026-09-19T19:55:34.057968+00:00,2026-09-20 04:00,2026-09-19 20:00Z,2026-09-20 03:55:30,27,27.19,0.6,25,0.2,26,12.3,27,57.2,28,28.8,29,1.5,100.0,0.0,stable,0.75,0,v23_probability_02_cdf_rounding
2026-09-19T20:55:34.056562+00:00,2026-09-20 05:00,2026-09-19 21:00Z,2026-09-20 04:55:30,27,27.25,0.6,25,0.2,26,10.4,27,55.6,28,31.9,29,1.9,100.0,0.0,stable,0.83,0,v23_probability_02_cdf_rounding
2026-09-19T21:55:34.056952+00:00,2026-09-20 06:00,2026-09-19 22:00Z,2026-09-20 05:55:30,27,26.99,0.6,25,0.7,26,20.0,27,59.5,28,19.2,29,0.6,100.0,0.0,stable,0.71,0,v23_probability_02_cdf_rounding
2026-09-19T22:55:34.054607+00:00,2026-09-20 07:00,2026-09-19 23:00Z,2026-09-20 06:55:30,28,27.58,0.6,26,3.6,27,41.1,28,49.0,29,6.2,30,0.1,100.0,0.0,stable,0.73,0,v23_probability_02_cdf_rounding
2026-09-19T23:55:34.056307+00:00,2026-09-20 08:00,2026-09-20 00:00Z,2026-09-20 07:55:30,30,29.6,0.6,28,3.3,29,40.1,30,49.9,31,6.6,32,0.1,100.0,0.0,heating,0.52,0,v23_probability_02_cdf_rounding
2026-09-20T00:55:34.057133+00:00,2026-09-20 09:00,2026-09-20 01:00Z,2026-09-20 08:55:30,31,31.25,0.6,29,0.2,30,10.4,31,55.6,32,31.9,33,1.9,100.0,0.0,heating,0.14,0,v23_probability_02_cdf_rounding
2026-09-20T01:55:34.056841+00:00,2026-09-20 10:00,2026-09-20 02:00Z,2026-09-20 09:55:30,32,32.14,0.6,30,0.3,31,14.0,32,58.3,33,26.2,34,1.2,100.0,0.0,rapid_heating,0.04,0,v23_probability_02_cdf_rounding
2026-09-20T02:55:34.418317+00:00,2026-09-20 11:00,2026-09-20 03:00Z,2026-09-20 10:55:30,32,32.29,0.6,30,0.1,31,9.3,32,54.3,33,34.1,34,2.2,100.0,0.0,convective,-0.03,0,v23_probability_02_cdf_rounding
2026-09-20T03:55:34.418104+00:00,2026-09-20 12:00,2026-09-20 04:00Z,2026-09-20 11:55:30,33,32.82,0.6,31,1.4,32,28.3,33,57.4,34,12.6,35,0.3,100.0,0.0,stable,-0.14,0,v23_probability_02_cdf_rounding
2026-09-20T04:55:34.417809+00:00,2026-09-20 13:00,2026-09-20 05:00Z,2026-09-20 12:55:30,32,32.44,0.6,30,0.1,31,5.8,32,48.1,33,42.1,34,3.9,100.0,0.0,stable,-0.25,0,v23_probability_02_cdf_rounding
2026-09-20T05:55:34.416673+00:00,2026-09-20 14:00,2026-09-20 06:00Z,2026-09-20 13:55:30,32,32.44,0.6,30,0.1,31,5.8,32,48.1,33,42.1,34,3.9,100.0,0.0,stable,-0.26,0,v23_probability_02_cdf_rounding
2026-09-20T06:55:34.417132+00:00,2026-09-20 15:00,2026-09-20 07:00Z,2026-09-20 14:55:30,32,32.04,0.6,30,0.5,31,17.9,32,59.4,33,21.5,34,0.7,100.0,0.0,stable,-0.44,0,v23_probability_02_cdf_rounding
2026-09-20T07:55:34.416577+00:00,2026-09-20 16:00,2026-09-20 08:00Z,2026-09-20 15:55:30,32,31.58,0.6,30,3.6,31,41.1,32,49.0,33,6.2,34,0.1,100.0,0.0,stable,-0.43,0,v23_probability_02_cdf_rounding
2026-09-20T08:55:34.415996+00:00,2026-09-20 17:00,2026-09-20 09:00Z,2026-09-20 16:55:30,31,31.21,0.6,29,0.2,30,11.6,31,56.8,32,29.8,33,1.6,100.0,0.0,stable,-0.37,0,v23_probability_02_cdf_rounding
2026-09-20T09:55:34.415140+00:00,2026-09-20 18:00,2026-09-20 10:00Z,2026-09-20 17:55:30,30,29.8,0.6,28,1.5,29,29.4,30,56.9,31,12.0,32,0.2,100.0,0.0,stable,-0.37,0,v23_probability_02_cdf_rounding
2026-09-20T10:55:34.415830+00:00,2026-09-20 19:00,2026-09-20 11:00Z,2026-09-20 18:55:30,29,29.01,0.6,27,0.6,28,19.2,29,59.5,30,20.0,31,0.7,100.0,0.0,stable,-0.36,0,v23_probability_02_cdf_rounding
2026-09-20T11:55:34.418074+00:00,2026-09-20 20:00,2026-09-20 12:00Z,2026-09-20 19:55:30,29,28.95,0.6,27,0.8,28,21.9,29,59.3,30,17.5,31,0.5,100.0,0.0,stable,-0.27,0,v23_probability_02_cdf_rounding
2026-09-20T12:55:34.414714+00:00,2026-09-20 21:00,2026-09-20 13:00Z,2026-09-20 20:55:30,29,29.42,0.6,27,0.1,28,6.2,29,49.0,30,41.1,31,3.6,100.0,0.0,stable,0.45,0,v23_probability_02_cdf_rounding
2026-09-20T13:55:34.416553+00:00,2026-09-20 22:00,2026-09-20 14:00Z,2026-09-20 21:55:30,29,29.15,0.6,27,0.3,28,13.6,29,58.1,30,26.8,31,1.2,100.0,0.0,stable,0.38,0,v23_probability_02_cdf_rounding
2026-09-20T14:55:34.416969+00:00,2026-09-20 23:00,2026-09-20 15:00Z,2026-09-20 22:55:30,29,28.76,0.6,27,1.8,28,31.4,29,55.9,30,10.7,31,0.2,100.0,0.0,stable,0.33,0,v23_probability_02_cdf_rounding
2026-09-20T15:55:34.416929+00:00,2026-09-21 00:00,2026-09-20 16:00Z,2026-09-20 23:55:30,28,28.21,0.6,26,0.2,27,11.6,28,56.8,29,29.8,30,1.6,100.0,0.0,stable,0.24,0,v23_probability_02_cdf_rounding
2026-09-20T16:55:34.419787+00:00,2026-09-21 01:00,2026-09-20 17:00Z,2026-09-21 00:55:30,28,27.79,0.6,26,1.6,27,29.8,28,56.8,29,11.6,30,0.2,100.0,0.0,stable,0.23,0,v23_probability_02_cdf_rounding
2026-09-20T17:55:34.416679+00:00,2026-09-21 02:00,2026-09-20 18:00Z,2026-09-21 01:55:30,27,27.12,0.6,25,0.3,26,14.8,27,58.6,28,25.2,29,1.1,100.0,0.0,stable,0.19,0,v23_probability_02_cdf_rounding
2026-09-20T18:55:34.418110+00:00,2026-09-21 03:00,2026-09-20 19:00Z,2026-09-21 02:55:30,28,27.84,0.6,26,1.3,27,27.2,28,57.9,29,13.3,30,0.3,100.0,0.0,stable,0.9,0,v23_probability_02_cdf_rounding
2026-09-20T19:55:34.416676+00:00,2026-09-21 04:00,2026-09-20 20:00Z,2026-09-21 03:55:30,27,27.18,0.6,25,0.3,26,12.6,27,57.4,28,28.3,29,1.4,100.0,0.0,stable,0.9,0,v23_probability_02_cdf_rounding
2026-09-20T20:55:34.417477+00:00,2026-09-21 05:00,2026-09-20 21:00Z,2026-09-21 04:55:30,27,27.01,0.6,25,0.6,26,19.2,27,59.5,28,20.0,29,0.7,100.0,0.0,stable,0.8,0,v23_probability_02_cdf_rounding
2026-09-20T21:55:34.417399+00:00,2026-09-21 06:00,2026-09-20 22:00Z,2026-09-21 05:55:30,27,26.64,0.6,25,2.9,26,37.9,27,51.6,28,7.5,29,0.1,100.0,0.0,stable,0.67,0,v23_probability_02_cdf_rounding
2026-09-20T22:55:34.417364+00:00,2026-09-21 07:00,2026-09-20 23:00Z,2026-09-21 06:55:30,28,27.92,0.6,26,0.9,27,23.3,28,59.1,29,16.3,30,0.4,100.0,0.0,stable,0.73,0,v23_probability_02_cdf_rounding
2026-09-20T23:55:34.418138+00:00,2026-09-21 08:00,2026-09-21 00:00Z,2026-09-21 07:55:30,29,29.03,0.6,27,0.5,28,18.4,29,59.4,30,21.0,31,0.7,100.0,0.0,heating,0.34,0,v23_probability_02_cdf_rounding
2026-09-21T00:55:34.416663+00:00,2026-09-21 09:00,2026-09-21 01:00Z,2026-09-21 08:55:30,31,30.88,0.6,29,1.1,30,25.2,31,58.6,32,14.8,33,0.3,100.0,0.0,heating,0.24,0,v23_probability_02_cdf_rounding
2026-09-21T01:55:34.418747+00:00,2026-09-21 10:00,2026-09-21 02:00Z,2026-09-21 09:55:30,31,30.94,0.6,29,0.8,30,22.4,31,59.3,32,17.0,33,0.5,100.0,0.0,stable,-0.07,0,v23_probability_02_cdf_rounding
2026-09-21T02:55:34.416724+00:00,2026-09-21 11:00,2026-09-21 03:00Z,2026-09-21 10:55:30,31,31.43,0.6,29,0.1,30,6.0,31,48.5,32,41.7,33,3.7,100.0,-0.0,stable,-0.39,0,v23_probability_02_cdf_rounding
2026-09-21T03:55:34.415451+00:00,2026-09-21 12:00,2026-09-21 04:00Z,2026-09-21 11:55:30,31,31.38,0.6,29,0.1,30,7.0,31,50.8,32,39.0,33,3.1,100.0,0.0,stable,-0.69,0,v23_probability_02_cdf_rounding
2026-09-21T04:55:34.415991+00:00,2026-09-21 13:00,2026-09-21 05:00Z,2026-09-21 12:55:30,31,31.35,0.6,29,0.1,30,7.7,31,52.1,32,37.3,33,2.8,100.0,0.0,stable,-0.61,0,v23_probability_02_cdf_rounding
2026-09-21T05:55:34.416209+00:00,2026-09-21 14:00,2026-09-21 06:00Z,2026-09-21 13:55:30,32,31.87,0.6,30,1.1,31,25.8,32,58.4,33,14.4,34,0.3,100.0,0.0,stable,-0.59,0,v23_probability_02_cdf_rounding
2026-09-21T06:55:34.417075+00:00,2026-09-21 15:00,2026-09-21 07:00Z,2026-09-21 14:55:30,32,31.68,0.6,30,2.5,31,35.7,32,53.2,33,8.5,34,0.1,100.0,0.0,stable,-0.52,0,v23_probability_02_cdf_rounding
2026-09-21T07:55:34.416790+00:00,2026-09-21 16:00,2026-09-21 08:00Z,2026-09-21 15:55:30,31,31.2,0.6,29,0.2,30,12.0,31,56.9,32,29.4,33,1.5,100.0,0.0,stable,-0.51,0,v23_probability_02_cdf_rounding
2026-09-21T08:55:34.415778+00:00,2026-09-21 17:00,2026-09-21 09:00Z,2026-09-21 16:55:30,30,30.39,0.6,28,0.1,29,6.8,30,50.4,31,39.5,32,3.2,100.0,0.0,stable,-0.54,0,v23_probability_02_cdf_rounding
2026-09-21T09:55:34.422772+00:00,2026-09-21 18:00,2026-09-21 10:00Z,2026-09-21 17:55:30,30,29.6,0.6,28,3.3,29,40.1,30,49.9,31,6.6,32,0.1,100.0,0.0,stable,-0.22,0,v23_probability_02_cdf_rounding
2026-09-21T10:55:34.416612+00:00,2026-09-21 19:00,2026-09-21 11:00Z,2026-09-21 18:55:30,29,29.11,0.6,27,0.4,28,15.1,29,58.7,30,24.8,31,1.0,100.0,0.0,stable,-0.22,0,v23_probability_02_cdf_rounding
2026-09-21T12:55:34.417110+00:00,2026-09-21 21:00,2026-09-21 13:00Z,2026-09-21 20:55:30,29,28.94,0.6,27,0.8,28,22.4,29,59.3,30,17.0,31,0.5,100.0,0.0,stable,-0.11,0,v23_probability_02_cdf_rounding
2026-09-21T13:55:34.418541+00:00,2026-09-21 22:00,2026-09-21 14:00Z,2026-09-21 21:55:30,27,27.24,0.6,25,0.2,26,10.7,27,55.9,28,31.4,29,1.8,100.0,0.0,convective,0.14,0,v23_probability_02_cdf_rounding
2026-09-21T14:55:34.417552+00:00,2026-09-21 23:00,2026-09-21 15:00Z,2026-09-21 22:55:30,24,24.13,0.6,22,0.3,23,14.4,24,58.4,25,25.8,26,1.1,100.0,0.0,stable,0.03,0,v23_probability_02_cdf_rounding
2026-09-21T15:55:34.416187+00:00,2026-09-22 00:00,2026-09-21 16:00Z,2026-09-21 23:55:30,25,25.02,0.6,23,0.6,24,18.7,25,59.5,26,20.5,27,0.7,100.0,0.0,stable,0.23,1,v23_probability_02_cdf_rounding
2026-09-21T16:55:34.416248+00:00,2026-09-22 01:00,2026-09-21 17:00Z,2026-09-22 00:55:30,26,25.86,0.6,24,1.2,25,26.2,26,58.3,27,14.0,28,0.3,100.0,0.0,stable,0.9,0,v23_probability_02_cdf_rounding
2026-09-21T17:55:34.416495+00:00,2026-09-22 02:00,2026-09-21 18:00Z,2026-09-22 01:55:30,26,26.07,0.6,24,0.4,25,16.7,26,59.2,27,22.8,28,0.9,100.0,0.0,stable,0.9,0,v23_probability_02_cdf_rounding
2026-09-21T18:55:34.416398+00:00,2026-09-22 03:00,2026-09-21 19:00Z,2026-09-22 02:55:30,26,25.95,0.6,24,0.8,25,21.9,26,59.3,27,17.5,28,0.5,100.0,0.0,stable,0.64,0,v23_probability_02_cdf_rounding
2026-09-21T19:55:34.417587+00:00,2026-09-22 04:00,2026-09-21 20:00Z,2026-09-22 03:55:30,26,26.49,0.6,24,0.0,25,4.9,26,45.8,27,44.7,28,4.6,100.0,0.0,stable,0.85,0,v23_probability_02_cdf_rounding
2026-09-21T21:55:34.417145+00:00,2026-09-22 06:00,2026-09-21 22:00Z,2026-09-22 05:55:30,26,26.39,0.6,24,0.1,25,6.8,26,50.4,27,39.5,28,3.2,100.0,0.0,stable,0.79,0,v23_probability_02_cdf_rounding
2026-09-21T22:55:34.417133+00:00,2026-09-22 07:00,2026-09-21 23:00Z,2026-09-22 06:55:30,27,27.27,0.6,25,0.2,26,9.8,27,54.9,28,33.1,29,2.0,100.0,0.0,stable,0.87,0,v23_probability_02_cdf_rounding
2026-09-21T23:55:34.415563+00:00,2026-09-22 08:00,2026-09-22 00:00Z,2026-09-22 07:55:30,30,29.63,0.6,28,3.0,29,38.4,30,51.2,31,7.3,32,0.1,100.0,0.0,heating,0.67,0,v23_probability_02_cdf_rounding
2026-09-22T00:55:34.416320+00:00,2026-09-22 09:00,2026-09-22 01:00Z,2026-09-22 08:55:30,30,30.35,0.6,28,0.1,29,7.7,30,52.1,31,37.3,32,2.8,100.0,0.0,convective,0.24,0,v23_probability_02_cdf_rounding
2026-09-22T01:55:34.417223+00:00,2026-09-22 10:00,2026-09-22 02:00Z,2026-09-22 09:55:30,30,30.25,0.6,28,0.2,29,10.4,30,55.6,31,31.9,32,1.9,100.0,0.0,stable,0.17,0,v23_probability_02_cdf_rounding
2026-09-22T02:55:34.415931+00:00,2026-09-22 11:00,2026-09-22 03:00Z,2026-09-22 10:55:30,31,31.39,0.6,29,0.1,30,6.8,31,50.4,32,39.5,33,3.2,100.0,0.0,convective,0.05,0,v23_probability_02_cdf_rounding
2026-09-22T03:55:34.415666+00:00,2026-09-22 12:00,2026-09-22 04:00Z,2026-09-22 11:55:30,32,32.34,0.6,30,0.1,31,8.0,32,52.4,33,36.8,34,2.7,100.0,0.0,heating,-0.16,0,v23_probability_02_cdf_rounding
2026-09-22T04:55:34.419055+00:00,2026-09-22 13:00,2026-09-22 05:00Z,2026-09-22 12:55:30,32,31.74,0.6,30,1.9,31,32.6,32,55.2,33,10.1,34,0.2,100.0,0.0,stable,-0.54,0,v23_probability_02_cdf_rounding
2026-09-22T05:55:34.418683+00:00,2026-09-22 14:00,2026-09-22 06:00Z,2026-09-22 13:55:30,31,31.39,0.6,29,0.1,30,6.8,31,50.4,32,39.5,33,3.2,100.0,0.0,convective,-0.13,0,v23_probability_02_cdf_rounding
2026-09-22T06:55:34.417059+00:00,2026-09-22 15:00,2026-09-22 07:00Z,2026-09-22 14:55:30,32,31.55,0.6,30,4.0,31,42.7,32,47.6,33,5.6,34,0.1,100.0,0.0,stable,-0.18,0,v23_probability_02_cdf_rounding
2026-09-22T07:55:34.417474+00:00,2026-09-22 16:00,2026-09-22 08:00Z,2026-09-22 15:55:30,31,30.9,0.6,29,1.0,30,24.2,31,58.9,32,15.5,33,0.4,100.0,0.0,stable,-0.18,0,v23_probability_02_cdf_rounding
2026-09-22T08:55:34.417212+00:00,2026-09-22 17:00,2026-09-22 09:00Z,2026-09-22 16:55:30,30,30.12,0.6,28,0.3,29,14.8,30,58.6,31,25.2,32,1.1,100.0,0.0,stable,-0.13,0,v23_probability_02_cdf_rounding
2026-09-22T09:55:34.416450+00:00,2026-09-22 18:00,2026-09-22 10:00Z,2026-09-22 17:55:30,28,28.28,0.6,26,0.2,27,9.5,28,54.6,29,33.6,30,2.1,100.0,0.0,stable,0.1,0,v23_probability_02_cdf_rounding
2026-09-22T10:55:34.418152+00:00,2026-09-22 19:00,2026-09-22 11:00Z,2026-09-22 18:55:30,28,27.82,0.6,26,1.4,27,28.3,28,57.4,29,12.6,30,0.3,100.0,0.0,stable,0.12,0,v23_probability_02_cdf_rounding
2026-09-22T11:55:34.417270+00:00,2026-09-22 20:00,2026-09-22 12:00Z,2026-09-22 19:55:30,28,28.3,0.6,26,0.1,27,9.0,28,54.0,29,34.6,30,2.3,100.0,0.0,stable,0.41,0,v23_probability_02_cdf_rounding
2026-09-22T12:55:34.418106+00:00,2026-09-22 21:00,2026-09-22 13:00Z,2026-09-22 20:55:30,28,28.37,0.6,26,0.1,27,7.3,28,51.2,29,38.4,30,3.0,100.0,0.0,stable,0.61,0,v23_probability_02_cdf_rounding
2026-09-22T13:55:34.417691+00:00,2026-09-22 22:00,2026-09-22 14:00Z,2026-09-22 21:55:30,28,28.23,0.6,26,0.2,27,11.0,28,56.2,29,30.9,30,1.7,100.0,-0.0,stable,0.65,0,v23_probability_02_cdf_rounding
2026-09-22T14:55:34.416832+00:00,2026-09-22 23:00,2026-09-22 15:00Z,2026-09-22 22:55:30,28,28.26,0.6,26,0.2,27,10.1,28,55.2,29,32.6,30,1.9,100.0,0.0,stable,0.72,0,v23_probability_02_cdf_rounding
2026-09-22T15:55:34.416807+00:00,2026-09-23 00:00,2026-09-22 16:00Z,2026-09-22 23:55:30,28,28.36,0.6,26,0.1,27,7.5,28,51.6,29,37.9,30,2.9,100.0,0.0,stable,0.88,0,v23_probability_02_cdf_rounding
2026-09-22T16:55:34.416742+00:00,2026-09-23 01:00,2026-09-22 17:00Z,2026-09-23 00:55:30,28,27.85,0.6,26,1.2,27,26.8,28,58.1,29,13.6,30,0.3,100.0,0.0,stable,0.65,0,v23_probability_02_cdf_rounding
2026-09-22T17:55:34.417931+00:00,2026-09-23 02:00,2026-09-22 18:00Z,2026-09-23 01:55:30,28,27.67,0.6,26,2.6,27,36.2,28,52.9,29,8.2,30,0.1,100.0,0.0,stable,0.66,0,v23_probability_02_cdf_rounding
2026-09-22T18:55:34.421952+00:00,2026-09-23 03:00,2026-09-22 19:00Z,2026-09-23 02:55:30,27,27.28,0.6,25,0.2,26,9.5,27,54.6,28,33.6,29,2.1,100.0,0.0,stable,0.61,0,v23_probability_02_cdf_rounding
2026-09-22T19:55:34.419461+00:00,2026-09-23 04:00,2026-09-22 20:00Z,2026-09-23 03:55:30,27,26.98,0.6,25,0.7,26,20.5,27,59.5,28,18.7,29,0.6,100.0,0.0,stable,0.49,0,v23_probability_02_cdf_rounding
2026-09-22T20:55:34.416751+00:00,2026-09-23 05:00,2026-09-22 21:00Z,2026-09-23 04:55:30,27,26.76,0.6,25,1.8,26,31.4,27,55.9,28,10.7,29,0.2,100.0,0.0,stable,0.42,0,v23_probability_02_cdf_rounding
2026-09-22T21:55:34.420598+00:00,2026-09-23 06:00,2026-09-22 22:00Z,2026-09-23 05:55:30,27,26.8,0.6,25,1.5,26,29.4,27,56.9,28,12.0,29,0.2,100.0,0.0,stable,0.56,0,v23_probability_02_cdf_rounding
2026-09-22T22:55:34.416349+00:00,2026-09-23 07:00,2026-09-22 23:00Z,2026-09-23 06:55:30,28,27.71,0.6,26,2.2,27,34.1,28,54.3,29,9.3,30,0.1,100.0,0.0,stable,0.58,0,v23_probability_02_cdf_rounding
2026-09-22T23:55:34.418406+00:00,2026-09-23 08:00,2026-09-23 00:00Z,2026-09-23 07:55:30,30,29.86,0.6,28,1.2,29,26.2,30,58.3,31,14.0,32,0.3,100.0,0.0,stable,0.57,0,v23_probability_02_cdf_rounding
2026-09-23T00:55:34.418439+00:00,2026-09-23 09:00,2026-09-23 01:00Z,2026-09-23 08:55:30,31,31.37,0.6,29,0.1,30,7.3,31,51.2,32,38.4,33,3.0,100.0,0.0,heating,0.21,0,v23_probability_02_cdf_rounding
2026-09-23T01:55:34.416721+00:00,2026-09-23 10:00,2026-09-23 02:00Z,2026-09-23 09:55:30,31,31.09,0.6,29,0.4,30,15.9,31,59.0,32,23.8,33,0.9,100.0,0.0,convective,-0.19,0,v23_probability_02_cdf_rounding
2026-09-23T02:55:34.416309+00:00,2026-09-23 11:00,2026-09-23 03:00Z,2026-09-23 10:55:30,33,32.75,0.6,31,1.9,32,31.9,33,55.6,34,10.4,35,0.2,100.0,-0.0,stable,-0.01,0,v23_probability_02_cdf_rounding
2026-09-23T03:55:34.416976+00:00,2026-09-23 12:00,2026-09-23 04:00Z,2026-09-23 11:55:30,32,32.22,0.6,30,0.2,31,11.3,32,56.5,33,30.4,34,1.6,100.0,0.0,convective,-0.52,0,v23_probability_02_cdf_rounding
2026-09-23T04:55:34.417402+00:00,2026-09-23 13:00,2026-09-23 05:00Z,2026-09-23 12:55:30,32,32.17,0.6,30,0.3,31,12.9,32,57.7,33,27.8,34,1.3,100.0,0.0,heating,-0.17,1,v23_probability_02_cdf_rounding
2026-09-23T05:55:34.415410+00:00,2026-09-23 14:00,2026-09-23 06:00Z,2026-09-23 13:55:30,33,32.7,0.6,31,2.3,32,34.6,33,54.0,34,9.0,35,0.1,100.0,0.0,stable,-0.22,1,v23_probability_02_cdf_rounding
2026-09-23T06:55:34.416632+00:00,2026-09-23 15:00,2026-09-23 07:00Z,2026-09-23 14:55:30,31,30.95,0.6,29,0.8,30,21.9,31,59.3,32,17.5,33,0.5,100.0,0.0,stable,-0.8,0,v23_probability_02_cdf_rounding
2026-09-23T07:55:34.415723+00:00,2026-09-23 16:00,2026-09-23 08:00Z,2026-09-23 15:55:30,30,29.99,0.6,28,0.7,29,20.0,30,59.5,31,19.2,32,0.6,100.0,0.0,outflow,-0.11,0,v23_probability_02_cdf_rounding
2026-09-23T08:55:34.415656+00:00,2026-09-23 17:00,2026-09-23 09:00Z,2026-09-23 16:55:30,29,28.72,0.6,27,2.1,28,33.6,29,54.6,30,9.5,31,0.2,100.0,-0.0,stable,-0.14,0,v23_probability_02_cdf_rounding
2026-09-23T09:55:34.417251+00:00,2026-09-23 18:00,2026-09-23 10:00Z,2026-09-23 17:55:30,30,29.53,0.6,28,4.3,29,43.7,30,46.7,31,5.2,32,0.1,100.0,0.0,stable,0.9,0,v23_probability_02_cdf_rounding
2026-09-23T10:55:34.415615+00:00,2026-09-23 19:00,2026-09-23 11:00Z,2026-09-23 18:55:30,28,28.21,0.6,26,0.2,27,11.6,28,56.8,29,29.8,30,1.6,100.0,0.0,stable,0.9,0,v23_probability_02_cdf_rounding
2026-09-23T11:55:34.417267+00:00,2026-09-23 20:00,2026-09-23 12:00Z,2026-09-23 19:55:30,28,28.15,0.6,26,0.3,27,13.6,28,58.1,29,26.8,30,1.2,100.0,0.0,stable,0.9,0,v23_probability_02_cdf_rounding
2026-09-23T12:55:34.417024+00:00,2026-09-23 21:00,2026-09-23 13:00Z,2026-09-23 20:55:30,28,28.41,0.6,26,0.1,27,6.4,28,49.5,29,40.5,30,3.5,100.0,0.0,stable,0.9,0,v23_probability_02_cdf_rounding
2026-09-23T13:55:34.416807+00:00,2026-09-23 22:00,2026-09-23 14:00Z,2026-09-23 21:55:30,28,28.24,0.6,26,0.2,27,10.7,28,55.9,29,31.4,30,1.8,100.0,0.0,stable,0.9,0,v23_probability_02_cdf_rounding
2026-09-23T14:55:34.416230+00:00,2026-09-23 23:00,2026-09-23 15:00Z,2026-09-23 22:55:30,28,28.27,0.6,26,0.2,27,9.8,28,54.9,29,33.1,30,2.0,100.0,0.0,stable,0.9,0,v23_probability_02_cdf_rounding
2026-09-23T15:55:34.416219+00:00,2026-09-24 00:00,2026-09-23 16:00Z,2026-09-23 23:55:30,28,27.92,0.6,26,0.9,27,23.3,28,59.1,29,16.3,30,0.4,100.0,0.0,stable,0.76,0,v23_probability_02_cdf_rounding
2026-09-23T16:55:34.438727+00:00,2026-09-24 01:00,2026-09-23 17:00Z,2026-09-24 00:55:30,28,27.86,0.6,26,1.2,27,26.2,28,58.3,29,14.0,30,0.3,100.0,0.0,stable,0.8,0,v23_probability_02_cdf_rounding
2026-09-23T17:55:34.417586+00:00,2026-09-24 02:00,2026-09-23 18:00Z,2026-09-24 01:55:30,28,27.58,0.6,26,3.6,27,41.1,28,49.0,29,6.2,30,0.1,100.0,0.0,stable,0.77,0,v23_probability_02_cdf_rounding
2026-09-23T18:55:34.415157+00:00,2026-09-24 03:00,2026-09-23 19:00Z,2026-09-24 02:55:30,28,27.51,0.6,26,4.6,27,44.7,28,45.8,29,4.9,30,0.0,100.0,0.0,stable,0.9,0,v23_probability_02_cdf_rounding
2026-09-23T19:55:34.420669+00:00,2026-09-24 04:00,2026-09-23 20:00Z,2026-09-24 03:55:30,27,27.42,0.6,25,0.1,26,6.2,27,49.0,28,41.1,29,3.6,100.0,0.0,stable,0.9,0,v23_probability_02_cdf_rounding
2026-09-23T20:55:34.417144+00:00,2026-09-24 05:00,2026-09-23 21:00Z,2026-09-24 04:55:30,27,27.32,0.6,25,0.1,26,8.5,27,53.2,28,35.7,29,2.5,100.0,0.0,stable,0.9,0,v23_probability_02_cdf_rounding
2026-09-23T21:55:34.416295+00:00,2026-09-24 06:00,2026-09-23 22:00Z,2026-09-24 05:55:30,27,27.22,0.6,25,0.2,26,11.3,27,56.5,28,30.4,29,1.6,100.0,0.0,stable,0.9,0,v23_probability_02_cdf_rounding
2026-09-23T22:55:34.416668+00:00,2026-09-24 07:00,2026-09-23 23:00Z,2026-09-24 06:55:30,27,27.43,0.6,25,0.1,26,6.0,27,48.5,28,41.7,29,3.7,100.0,-0.0,stable,0.9,0,v23_probability_02_cdf_rounding
2026-09-23T23:55:34.419017+00:00,2026-09-24 08:00,2026-09-24 00:00Z,2026-09-24 07:55:30,30,30.01,0.6,28,0.6,29,19.2,30,59.5,31,20.0,32,0.7,100.0,0.0,stable,0.9,0,v23_probability_02_cdf_rounding
2026-09-24T00:55:34.416929+00:00,2026-09-24 09:00,2026-09-24 01:00Z,2026-09-24 08:55:30,31,30.56,0.6,29,3.9,30,42.1,31,48.1,32,5.8,33,0.1,100.0,0.0,stable,0.86,0,v23_probability_02_cdf_rounding
2026-09-24T01:55:34.416678+00:00,2026-09-24 10:00,2026-09-24 02:00Z,2026-09-24 09:55:30,30,29.74,0.6,28,1.9,29,32.6,30,55.2,31,10.1,32,0.2,100.0,0.0,cooling,0.11,0,v23_probability_02_cdf_rounding
2026-09-24T02:55:34.415955+00:00,2026-09-24 11:00,2026-09-24 03:00Z,2026-09-24 10:55:30,30,29.7,0.6,28,2.3,29,34.6,30,54.0,31,9.0,32,0.1,100.0,0.0,stable,0.12,0,v23_probability_02_cdf_rounding
2026-09-24T03:55:34.419182+00:00,2026-09-24 12:00,2026-09-24 04:00Z,2026-09-24 11:55:30,32,32.05,0.6,30,0.5,31,17.5,32,59.3,33,21.9,34,0.8,100.0,0.0,heating,0.32,0,v23_probability_02_cdf_rounding
2026-09-24T04:55:34.416638+00:00,2026-09-24 13:00,2026-09-24 05:00Z,2026-09-24 12:55:30,33,33.42,0.6,31,0.1,32,6.2,33,49.0,34,41.1,35,3.6,100.0,0.0,heating,0.28,0,v23_probability_02_cdf_rounding
2026-09-24T05:55:34.416849+00:00,2026-09-24 14:00,2026-09-24 06:00Z,2026-09-24 13:55:30,33,32.78,0.6,31,1.6,32,30.4,33,56.5,34,11.3,35,0.2,100.0,0.0,convective,0.08,0,v23_probability_02_cdf_rounding
2026-09-24T06:55:34.418051+00:00,2026-09-24 15:00,2026-09-24 07:00Z,2026-09-24 14:55:30,30,30.08,0.6,28,0.4,29,16.3,30,59.1,31,23.3,32,0.9,100.0,0.0,cooling,-0.21,0,v23_probability_02_cdf_rounding
2026-09-24T07:55:34.416478+00:00,2026-09-24 16:00,2026-09-24 08:00Z,2026-09-24 15:55:30,29,28.56,0.6,27,3.9,28,42.1,29,48.1,30,5.8,31,0.1,100.0,0.0,stable,-0.07,1,v23_probability_02_cdf_rounding
2026-09-24T08:55:34.416082+00:00,2026-09-24 17:00,2026-09-24 09:00Z,2026-09-24 16:55:30,29,29.43,0.6,27,0.1,28,6.0,29,48.5,30,41.7,31,3.7,100.0,-0.0,stable,0.05,0,v23_probability_02_cdf_rounding
2026-09-24T09:55:34.416228+00:00,2026-09-24 18:00,2026-09-24 10:00Z,2026-09-24 17:55:30,30,29.68,0.6,28,2.5,29,35.7,30,53.2,31,8.5,32,0.1,100.0,0.0,stable,0.63,0,v23_probability_02_cdf_rounding
2026-09-24T10:55:34.416303+00:00,2026-09-24 19:00,2026-09-24 11:00Z,2026-09-24 18:55:30,29,29.03,0.6,27,0.5,28,18.4,29,59.4,30,21.0,31,0.7,100.0,0.0,stable,0.59,0,v23_probability_02_cdf_rounding
2026-09-24T11:55:34.417759+00:00,2026-09-24 20:00,2026-09-24 12:00Z,2026-09-24 19:55:30,29,29.0,0.6,27,0.6,28,19.6,29,59.6,30,19.6,31,0.6,100.0,0.0,stable,0.86,0,v23_probability_02_cdf_rounding
2026-09-24T12:55:34.416990+00:00,2026-09-24 21:00,2026-09-24 13:00Z,2026-09-24 20:55:30,28,27.64,0.6,26,2.9,27,37.9,28,51.6,29,7.5,30,0.1,100.0,0.0,stable,0.62,0,v23_probability_02_cdf_rounding
2026-09-24T13:55:34.416539+00:00,2026-09-24 22:00,2026-09-24 14:00Z,2026-09-24 21:55:30,27,27.16,0.6,25,0.3,26,13.3,27,57.9,28,27.2,29,1.3,100.0,0.0,stable,0.65,0,v23_probability_02_cdf_rounding
2026-09-24T14:55:34.419605+00:00,2026-09-24 23:00,2026-09-24 15:00Z,2026-09-24 22:55:30,27,26.95,0.6,25,0.8,26,21.9,27,59.3,28,17.5,29,0.5,100.0,0.0,stable,0.47,0,v23_probability_02_cdf_rounding
2026-09-24T15:55:34.416666+00:00,2026-09-25 00:00,2026-09-24 16:00Z,2026-09-24 23:55:30,27,26.69,0.6,25,2.4,26,35.2,27,53.5,28,8.8,29,0.1,100.0,0.0,stable,0.45,0,v23_probability_02_cdf_rounding
2026-09-24T16:55:34.418024+00:00,2026-09-25 01:00,2026-09-24 17:00Z,2026-09-25 00:55:30,27,26.54,0.6,25,4.2,26,43.1,27,47.2,28,5.4,29,0.1,100.0,0.0,stable,0.51,0,v23_probability_02_cdf_rounding
2026-09-24T17:55:34.416203+00:00,2026-09-25 02:00,2026-09-24 18:00Z,2026-09-25 01:55:30,26,26.29,0.6,24,0.1,25,9.3,26,54.3,27,34.1,28,2.2,100.0,0.0,stable,0.54,0,v23_probability_02_cdf_rounding
2026-09-24T18:55:34.418667+00:00,2026-09-25 03:00,2026-09-24 19:00Z,2026-09-25 02:55:30,26,26.34,0.6,24,0.1,25,8.0,26,52.4,27,36.8,28,2.7,100.0,0.0,stable,0.77,0,v23_probability_02_cdf_rounding
2026-09-24T19:55:34.072666+00:00,2026-09-25 04:00,2026-09-24 20:00Z,2026-09-25 03:55:30,26,26.36,0.6,24,0.1,25,7.5,26,51.6,27,37.9,28,2.9,100.0,0.0,stable,0.82,0,v23_probability_02_cdf_rounding
2026-09-24T20:55:34.073834+00:00,2026-09-25 05:00,2026-09-24 21:00Z,2026-09-25 04:55:30,26,25.88,0.6,24,1.1,25,25.2,26,58.6,27,14.8,28,0.3,100.0,0.0,stable,0.53,0,v23_probability_02_cdf_rounding
2026-09-24T21:55:34.074470+00:00,2026-09-25 06:00,2026-09-24 22:00Z,2026-09-25 05:55:30,26,26.24,0.6,24,0.2,25,10.7,26,55.9,27,31.4,28,1.8,100.0,0.0,stable,0.9,0,v23_probability_02_cdf_rounding
2026-09-24T22:55:34.072665+00:00,2026-09-25 07:00,2026-09-24 23:00Z,2026-09-25 06:55:30,27,26.78,0.6,25,1.6,26,30.4,27,56.5,28,11.3,29,0.2,100.0,0.0,stable,0.9,0,v23_probability_02_cdf_rounding
2026-09-24T23:55:34.077117+00:00,2026-09-25 08:00,2026-09-25 00:00Z,2026-09-25 07:55:30,30,29.77,0.6,28,1.7,29,30.9,30,56.2,31,11.0,32,0.2,100.0,-0.0,stable,0.9,0,v23_probability_02_cdf_rounding
2026-09-25T00:55:34.073702+00:00,2026-09-25 09:00,2026-09-25 01:00Z,2026-09-25 08:55:30,31,31.25,0.6,29,0.2,30,10.4,31,55.6,32,31.9,33,1.9,100.0,0.0,heating,0.22,0,v23_probability_02_cdf_rounding
2026-09-25T01:55:34.075970+00:00,2026-09-25 10:00,2026-09-25 02:00Z,2026-09-25 09:55:30,32,31.83,0.6,30,1.3,31,27.8,32,57.7,33,12.9,34,0.3,100.0,-0.0,convective,0.13,0,v23_probability_02_cdf_rounding
2026-09-25T02:55:34.073629+00:00,2026-09-25 11:00,2026-09-25 03:00Z,2026-09-25 10:55:30,34,33.53,0.6,32,4.3,33,43.7,34,46.7,35,5.2,36,0.1,100.0,0.0,heating,0.35,0,v23_probability_02_cdf_rounding
2026-09-25T03:55:34.074016+00:00,2026-09-25 12:00,2026-09-25 04:00Z,2026-09-25 11:55:30,34,33.57,0.6,32,3.7,33,41.7,34,48.5,35,6.0,36,0.1,100.0,0.0,heating,-0.12,0,v23_probability_02_cdf_rounding
2026-09-25T04:55:34.073467+00:00,2026-09-25 13:00,2026-09-25 05:00Z,2026-09-25 12:55:30,34,34.38,0.6,32,0.1,33,7.0,34,50.8,35,39.0,36,3.1,100.0,0.0,heating,-0.13,0,v23_probability_02_cdf_rounding
2026-09-25T05:55:34.076531+00:00,2026-09-25 14:00,2026-09-25 06:00Z,2026-09-25 13:55:30,32,31.79,0.6,30,1.6,31,29.8,32,56.8,33,11.6,34,0.2,100.0,0.0,cooling,-0.11,0,v23_probability_02_cdf_rounding
2026-09-25T06:55:34.074187+00:00,2026-09-25 15:00,2026-09-25 07:00Z,2026-09-25 14:55:30,31,30.59,0.6,29,3.5,30,40.5,31,49.5,32,6.4,33,0.1,100.0,0.0,outflow,0.01,0,v23_probability_02_cdf_rounding
2026-09-25T07:55:34.075110+00:00,2026-09-25 16:00,2026-09-25 08:00Z,2026-09-25 15:55:30,31,31.23,0.6,29,0.2,30,11.0,31,56.2,32,30.9,33,1.7,100.0,-0.0,heating,0.0,1,v23_probability_02_cdf_rounding
2026-09-25T08:55:34.074357+00:00,2026-09-25 17:00,2026-09-25 09:00Z,2026-09-25 16:55:30,31,31.2,0.6,29,0.2,30,12.0,31,56.9,32,29.4,33,1.5,100.0,0.0,stable,0.12,0,v23_probability_02_cdf_rounding
2026-09-25T09:55:34.072734+00:00,2026-09-25 18:00,2026-09-25 10:00Z,2026-09-25 17:55:30,29,29.34,0.6,27,0.1,28,8.0,29,52.4,30,36.8,31,2.7,100.0,0.0,stable,-0.14,0,v23_probability_02_cdf_rounding
2026-09-25T10:55:34.417884+00:00,2026-09-25 19:00,2026-09-25 11:00Z,2026-09-25 18:55:30,29,28.68,0.6,27,2.5,28,35.7,29,53.2,30,8.5,31,0.1,100.0,0.0,stable,-0.14,0,v23_probability_02_cdf_rounding
2026-09-25T11:55:34.417447+00:00,2026-09-25 20:00,2026-09-25 12:00Z,2026-09-25 19:55:30,29,28.69,0.6,27,2.4,28,35.2,29,53.5,30,8.8,31,0.1,100.0,0.0,stable,0.1,0,v23_probability_02_cdf_rounding
2026-09-25T12:55:34.419139+00:00,2026-09-25 21:00,2026-09-25 13:00Z,2026-09-25 20:55:30,29,29.17,0.6,27,0.3,28,12.9,29,57.7,30,27.8,31,1.3,100.0,0.0,stable,0.79,0,v23_probability_02_cdf_rounding
2026-09-25T13:55:34.417370+00:00,2026-09-25 22:00,2026-09-25 14:00Z,2026-09-25 21:55:30,29,28.86,0.6,27,1.2,28,26.2,29,58.3,30,14.0,31,0.3,100.0,0.0,stable,0.6,0,v23_probability_02_cdf_rounding
2026-09-25T15:55:34.419991+00:00,2026-09-26 00:00,2026-09-25 16:00Z,2026-09-25 23:55:30,28,28.04,0.6,26,0.5,27,17.9,28,59.4,29,21.5,30,0.7,100.0,0.0,stable,0.55,0,v23_probability_02_cdf_rounding
2026-09-25T16:55:34.420043+00:00,2026-09-26 01:00,2026-09-25 17:00Z,2026-09-26 00:55:30,28,28.26,0.6,26,0.2,27,10.1,28,55.2,29,32.6,30,1.9,100.0,0.0,stable,0.87,0,v23_probability_02_cdf_rounding
2026-09-25T17:55:34.416805+00:00,2026-09-26 02:00,2026-09-25 18:00Z,2026-09-26 01:55:30,27,27.32,0.6,25,0.1,26,8.5,27,53.2,28,35.7,29,2.5,100.0,0.0,stable,0.2,0,v23_probability_02_cdf_rounding
2026-09-25T18:55:34.418506+00:00,2026-09-26 03:00,2026-09-25 19:00Z,2026-09-26 02:55:30,28,27.97,0.6,26,0.7,27,21.0,28,59.4,29,18.4,30,0.5,100.0,0.0,stable,0.85,0,v23_probability_02_cdf_rounding
2026-09-25T19:55:34.417797+00:00,2026-09-26 04:00,2026-09-25 20:00Z,2026-09-26 03:55:30,28,27.62,0.6,26,3.1,27,39.0,28,50.8,29,7.0,30,0.1,100.0,0.0,stable,0.76,0,v23_probability_02_cdf_rounding
2026-09-25T20:55:34.418636+00:00,2026-09-26 05:00,2026-09-25 21:00Z,2026-09-26 04:55:30,27,27.24,0.6,25,0.2,26,10.7,27,55.9,28,31.4,29,1.8,100.0,0.0,stable,0.65,0,v23_probability_02_cdf_rounding
2026-09-25T21:55:34.424723+00:00,2026-09-26 06:00,2026-09-25 22:00Z,2026-09-26 05:55:30,27,26.93,0.6,25,0.9,26,22.8,27,59.2,28,16.7,29,0.4,100.0,-0.0,stable,0.55,0,v23_probability_02_cdf_rounding
2026-09-25T22:55:34.417714+00:00,2026-09-26 07:00,2026-09-25 23:00Z,2026-09-26 06:55:30,28,27.92,0.6,26,0.9,27,23.3,28,59.1,29,16.3,30,0.4,100.0,0.0,stable,0.58,0,v23_probability_02_cdf_rounding
2026-09-25T23:55:34.418671+00:00,2026-09-26 08:00,2026-09-26 00:00Z,2026-09-26 07:55:30,30,29.78,0.6,28,1.6,29,30.4,30,56.5,31,11.3,32,0.2,100.0,0.0,stable,0.52,0,v23_probability_02_cdf_rounding
2026-09-26T00:55:34.417610+00:00,2026-09-26 09:00,2026-09-26 01:00Z,2026-09-26 08:55:30,31,30.6,0.6,29,3.3,30,40.1,31,49.9,32,6.6,33,0.1,100.0,0.0,stable,0.09,0,v23_probability_02_cdf_rounding
2026-09-26T01:55:34.417104+00:00,2026-09-26 10:00,2026-09-26 02:00Z,2026-09-26 09:55:30,33,33.03,0.6,31,0.5,32,18.4,33,59.4,34,21.0,35,0.7,100.0,0.0,heating,0.22,0,v23_probability_02_cdf_rounding
2026-09-26T02:55:34.417546+00:00,2026-09-26 11:00,2026-09-26 03:00Z,2026-09-26 10:55:30,32,31.81,0.6,30,1.5,31,28.8,32,57.2,33,12.3,34,0.2,100.0,0.0,cooling,-0.21,0,v23_probability_02_cdf_rounding
2026-09-26T03:55:34.418053+00:00,2026-09-26 12:00,2026-09-26 04:00Z,2026-09-26 11:55:30,30,30.11,0.6,28,0.4,29,15.1,30,58.7,31,24.8,32,1.0,100.0,0.0,stable,-0.9,0,v23_probability_02_cdf_rounding
2026-09-26T04:55:34.418781+00:00,2026-09-26 13:00,2026-09-26 05:00Z,2026-09-26 12:55:30,32,31.91,0.6,30,0.9,31,23.8,32,59.0,33,15.9,34,0.4,100.0,-0.0,stable,-0.7,0,v23_probability_02_cdf_rounding
2026-09-26T05:55:34.416576+00:00,2026-09-26 14:00,2026-09-26 06:00Z,2026-09-26 13:55:30,31,30.9,0.6,29,1.0,30,24.2,31,58.9,32,15.5,33,0.4,100.0,0.0,stable,-0.6,0,v23_probability_02_cdf_rounding
2026-09-26T06:55:34.417977+00:00,2026-09-26 15:00,2026-09-26 07:00Z,2026-09-26 14:55:30,30,30.49,0.6,28,0.0,29,4.9,30,45.8,31,44.7,32,4.6,100.0,0.0,stable,-0.42,0,v23_probability_02_cdf_rounding
2026-09-26T07:55:34.417980+00:00,2026-09-26 16:00,2026-09-26 08:00Z,2026-09-26 15:55:30,31,30.53,0.6,29,4.3,30,43.7,31,46.7,32,5.2,33,0.1,100.0,0.0,stable,-0.42,0,v23_probability_02_cdf_rounding
2026-09-26T08:55:34.417410+00:00,2026-09-26 17:00,2026-09-26 09:00Z,2026-09-26 16:55:30,30,29.9,0.6,28,1.0,29,24.2,30,58.9,31,15.5,32,0.4,100.0,0.0,stable,-0.36,0,v23_probability_02_cdf_rounding
2026-09-26T09:55:34.419061+00:00,2026-09-26 18:00,2026-09-26 10:00Z,2026-09-26 17:55:30,30,29.58,0.6,28,3.6,29,41.1,30,49.0,31,6.2,32,0.1,100.0,0.0,stable,-0.15,0,v23_probability_02_cdf_rounding
2026-09-26T10:55:34.417316+00:00,2026-09-26 19:00,2026-09-26 11:00Z,2026-09-26 18:55:30,29,29.15,0.6,27,0.3,28,13.6,29,58.1,30,26.8,31,1.2,100.0,0.0,stable,-0.15,0,v23_probability_02_cdf_rounding
2026-09-26T11:55:34.418228+00:00,2026-09-26 20:00,2026-09-26 12:00Z,2026-09-26 19:55:30,29,28.95,0.6,27,0.8,28,21.9,29,59.3,30,17.5,31,0.5,100.0,0.0,stable,-0.06,0,v23_probability_02_cdf_rounding
2026-09-26T12:55:34.416792+00:00,2026-09-26 21:00,2026-09-26 13:00Z,2026-09-26 20:55:30,29,29.09,0.6,27,0.4,28,15.9,29,59.0,30,23.8,31,0.9,100.0,0.0,stable,0.51,0,v23_probability_02_cdf_rounding
2026-09-26T13:55:34.418033+00:00,2026-09-26 22:00,2026-09-26 14:00Z,2026-09-26 21:55:30,29,28.91,0.6,27,0.9,28,23.8,29,59.0,30,15.9,31,0.4,100.0,-0.0,stable,0.63,0,v23_probability_02_cdf_rounding
2026-09-26T14:55:34.418123+00:00,2026-09-26 23:00,2026-09-26 15:00Z,2026-09-26 22:55:30,28,28.26,0.6,26,0.2,27,10.1,28,55.2,29,32.6,30,1.9,100.0,0.0,stable,0.44,0,v23_probability_02_cdf_rounding
2026-09-26T15:55:34.417625+00:00,2026-09-27 00:00,2026-09-26 16:00Z,2026-09-26 23:55:30,28,28.13,0.6,26,0.3,27,14.4,28,58.4,29,25.8,30,1.1,100.0,0.0,stable,0.66,0,v23_probability_02_cdf_rounding
2026-09-26T16:55:34.416848+00:00,2026-09-27 01:00,2026-09-26 17:00Z,2026-09-27 00:55:30,28,27.72,0.6,26,2.1,27,33.6,28,54.6,29,9.5,30,0.2,100.0,-0.0,stable,0.51,0,v23_probability_02_cdf_rounding
2026-09-26T17:55:34.417131+00:00,2026-09-27 02:00,2026-09-26 18:00Z,2026-09-27 01:55:30,28,27.78,0.6,26,1.6,27,30.4,28,56.5,29,11.3,30,0.2,100.0,0.0,stable,0.52,0,v23_probability_02_cdf_rounding
2026-09-26T18:55:34.418905+00:00,2026-09-27 03:00,2026-09-26 19:00Z,2026-09-27 02:55:30,28,27.81,0.6,26,1.5,27,28.8,28,57.2,29,12.3,30,0.2,100.0,0.0,stable,0.67,0,v23_probability_02_cdf_rounding
2026-09-26T19:55:34.418193+00:00,2026-09-27 04:00,2026-09-26 20:00Z,2026-09-27 03:55:30,28,27.66,0.6,26,2.7,27,36.8,28,52.4,29,8.0,30,0.1,100.0,0.0,stable,0.7,0,v23_probability_02_cdf_rounding
2026-09-26T20:55:34.417736+00:00,2026-09-27 05:00,2026-09-26 21:00Z,2026-09-27 04:55:30,27,27.38,0.6,25,0.1,26,7.0,27,50.8,28,39.0,29,3.1,100.0,0.0,stable,0.7,0,v23_probability_02_cdf_rounding
2026-09-26T21:55:34.416715+00:00,2026-09-27 06:00,2026-09-26 22:00Z,2026-09-27 05:55:30,27,27.23,0.6,25,0.2,26,11.0,27,56.2,28,30.9,29,1.7,100.0,-0.0,stable,0.77,0,v23_probability_02_cdf_rounding
2026-09-26T22:55:34.418484+00:00,2026-09-27 07:00,2026-09-26 23:00Z,2026-09-27 06:55:30,28,27.58,0.6,26,3.6,27,41.1,28,49.0,29,6.2,30,0.1,100.0,0.0,stable,0.58,0,v23_probability_02_cdf_rounding
2026-09-26T23:55:34.417752+00:00,2026-09-27 08:00,2026-09-27 00:00Z,2026-09-27 07:55:30,30,29.97,0.6,28,0.7,29,21.0,30,59.4,31,18.4,32,0.5,100.0,0.0,stable,0.9,0,v23_probability_02_cdf_rounding
2026-09-27T00:55:34.417215+00:00,2026-09-27 09:00,2026-09-27 01:00Z,2026-09-27 08:55:30,31,31.27,0.6,29,0.2,30,9.8,31,54.9,32,33.1,33,2.0,100.0,0.0,heating,0.34,0,v23_probability_02_cdf_rounding
2026-09-27T01:55:34.419632+00:00,2026-09-27 10:00,2026-09-27 02:00Z,2026-09-27 09:55:30,32,31.68,0.6,30,2.5,31,35.7,32,53.2,33,8.5,34,0.1,100.0,0.0,heating,0.27,0,v23_probability_02_cdf_rounding
2026-09-27T02:55:34.417431+00:00,2026-09-27 11:00,2026-09-27 03:00Z,2026-09-27 10:55:30,31,31.48,0.6,29,0.0,30,5.1,31,46.2,32,44.2,33,4.5,100.0,0.0,convective,0.15,0,v23_probability_02_cdf_rounding
2026-09-27T03:55:34.417538+00:00,2026-09-27 12:00,2026-09-27 04:00Z,2026-09-27 11:55:30,32,32.46,0.6,30,0.1,31,5.4,32,47.2,33,43.1,34,4.2,100.0,-0.0,stable,0.46,0,v23_probability_02_cdf_rounding
2026-09-27T04:55:34.417999+00:00,2026-09-27 13:00,2026-09-27 05:00Z,2026-09-27 12:55:30,34,33.54,0.6,32,4.2,33,43.1,34,47.2,35,5.4,36,0.1,100.0,0.0,stable,0.54,0,v23_probability_02_cdf_rounding
2026-09-27T05:55:34.417936+00:00,2026-09-27 14:00,2026-09-27 06:00Z,2026-09-27 13:55:30,33,33.07,0.6,31,0.4,32,16.7,33,59.2,34,22.8,35,0.9,100.0,0.0,stable,0.36,0,v23_probability_02_cdf_rounding
2026-09-27T06:55:34.417580+00:00,2026-09-27 15:00,2026-09-27 07:00Z,2026-09-27 14:55:30,33,32.98,0.6,31,0.7,32,20.5,33,59.5,34,18.7,35,0.6,100.0,0.0,stable,0.16,0,v23_probability_02_cdf_rounding
2026-09-27T07:55:34.417523+00:00,2026-09-27 16:00,2026-09-27 08:00Z,2026-09-27 15:55:30,32,32.21,0.6,30,0.2,31,11.6,32,56.8,33,29.8,34,1.6,100.0,0.0,stable,0.16,0,v23_probability_02_cdf_rounding
2026-09-27T08:55:34.417704+00:00,2026-09-27 17:00,2026-09-27 09:00Z,2026-09-27 16:55:30,31,31.16,0.6,29,0.3,30,13.3,31,57.9,32,27.2,33,1.3,100.0,0.0,stable,0.04,0,v23_probability_02_cdf_rounding
2026-09-27T09:55:34.417445+00:00,2026-09-27 18:00,2026-09-27 10:00Z,2026-09-27 17:55:30,30,30.03,0.6,28,0.5,29,18.4,30,59.4,31,21.0,32,0.7,100.0,0.0,stable,0.04,0,v23_probability_02_cdf_rounding
2026-09-27T10:55:34.417427+00:00,2026-09-27 19:00,2026-09-27 11:00Z,2026-09-27 18:55:30,29,29.34,0.6,27,0.1,28,8.0,29,52.4,30,36.8,31,2.7,100.0,0.0,stable,0.04,0,v23_probability_02_cdf_rounding
2026-09-27T11:55:34.418868+00:00,2026-09-27 20:00,2026-09-27 12:00Z,2026-09-27 19:55:30,29,29.09,0.6,27,0.4,28,15.9,29,59.0,30,23.8,31,0.9,100.0,0.0,stable,0.1,0,v23_probability_02_cdf_rounding
2026-09-27T12:55:34.420004+00:00,2026-09-27 21:00,2026-09-27 13:00Z,2026-09-27 20:55:30,30,29.51,0.6,28,4.6,29,44.7,30,45.8,31,4.9,32,0.0,100.0,0.0,stable,0.7,0,v23_probability_02_cdf_rounding
2026-09-27T13:55:34.417918+00:00,2026-09-27 22:00,2026-09-27 14:00Z,2026-09-27 21:55:30,29,29.24,0.6,27,0.2,28,10.7,29,55.9,30,31.4,31,1.8,100.0,0.0,stable,0.75,0,v23_probability_02_cdf_rounding
2026-09-27T14:55:34.418130+00:00,2026-09-27 23:00,2026-09-27 15:00Z,2026-09-27 22:55:30,29,29.12,0.6,27,0.3,28,14.8,29,58.6,30,25.2,31,1.1,100.0,0.0,stable,0.85,0,v23_probability_02_cdf_rounding
2026-09-27T15:55:34.418496+00:00,2026-09-28 00:00,2026-09-27 16:00Z,2026-09-27 23:55:30,29,28.87,0.6,27,1.1,28,25.8,29,58.4,30,14.4,31,0.3,100.0,0.0,stable,0.75,0,v23_probability_02_cdf_rounding
2026-09-27T16:55:34.416962+00:00,2026-09-28 01:00,2026-09-27 17:00Z,2026-09-28 00:55:30,29,28.69,0.6,27,2.4,28,35.2,29,53.5,30,8.8,31,0.1,100.0,0.0,stable,0.78,0,v23_probability_02_cdf_rounding
2026-09-27T17:55:34.417155+00:00,2026-09-28 02:00,2026-09-27 18:00Z,2026-09-28 01:55:30,29,28.5,0.6,27,4.8,28,45.2,29,45.2,30,4.8,31,0.0,100.0,0.0,stable,0.79,0,v23_probability_02_cdf_rounding
2026-09-27T18:55:34.417432+00:00,2026-09-28 03:00,2026-09-27 19:00Z,2026-09-28 02:55:30,29,28.59,0.6,27,3.5,28,40.5,29,49.5,30,6.4,31,0.1,100.0,0.0,stable,0.88,0,v23_probability_02_cdf_rounding
2026-09-27T19:55:34.418953+00:00,2026-09-28 04:00,2026-09-27 20:00Z,2026-09-28 03:55:30,28,28.29,0.6,26,0.1,27,9.3,28,54.3,29,34.1,30,2.2,100.0,0.0,stable,0.88,0,v23_probability_02_cdf_rounding
2026-09-27T20:55:34.422228+00:00,2026-09-28 05:00,2026-09-27 21:00Z,2026-09-28 04:55:30,28,28.01,0.6,26,0.6,27,19.2,28,59.5,29,20.0,30,0.7,100.0,0.0,stable,0.64,0,v23_probability_02_cdf_rounding
2026-09-27T21:55:34.418148+00:00,2026-09-28 06:00,2026-09-27 22:00Z,2026-09-28 05:55:30,28,27.85,0.6,26,1.2,27,26.8,28,58.1,29,13.6,30,0.3,100.0,0.0,stable,0.69,0,v23_probability_02_cdf_rounding
2026-09-27T22:55:34.419098+00:00,2026-09-28 07:00,2026-09-27 23:00Z,2026-09-28 06:55:30,28,28.27,0.6,26,0.2,27,9.8,28,54.9,29,33.1,30,2.0,100.0,0.0,stable,0.73,0,v23_probability_02_cdf_rounding
2026-09-27T23:55:34.417531+00:00,2026-09-28 08:00,2026-09-28 00:00Z,2026-09-28 07:55:30,30,29.85,0.6,28,1.2,29,26.8,30,58.1,31,13.6,32,0.3,100.0,0.0,stable,0.88,0,v23_probability_02_cdf_rounding
2026-09-28T01:55:34.417878+00:00,2026-09-28 10:00,2026-09-28 02:00Z,2026-09-28 09:55:30,31,31.07,0.6,29,0.4,30,16.7,31,59.2,32,22.8,33,0.9,100.0,0.0,convective,0.47,0,v23_probability_02_cdf_rounding
2026-09-28T02:55:34.416462+00:00,2026-09-28 11:00,2026-09-28 03:00Z,2026-09-28 10:55:30,32,31.57,0.6,30,3.7,31,41.7,32,48.5,33,6.0,34,0.1,100.0,0.0,stable,0.8,0,v23_probability_02_cdf_rounding
2026-09-28T03:55:34.417492+00:00,2026-09-28 12:00,2026-09-28 04:00Z,2026-09-28 11:55:30,32,32.44,0.6,30,0.1,31,5.8,32,48.1,33,42.1,34,3.9,100.0,0.0,cooling,0.28,0,v23_probability_02_cdf_rounding
2026-09-28T04:55:34.417540+00:00,2026-09-28 13:00,2026-09-28 05:00Z,2026-09-28 12:55:30,34,33.51,0.6,32,4.6,33,44.7,34,45.8,35,4.9,36,0.0,100.0,0.0,stable,0.42,0,v23_probability_02_cdf_rounding
2026-09-28T05:55:34.417695+00:00,2026-09-28 14:00,2026-09-28 06:00Z,2026-09-28 13:55:30,32,32.43,0.6,30,0.1,31,6.0,32,48.5,33,41.7,34,3.7,100.0,-0.0,convective,-0.19,0,v23_probability_02_cdf_rounding
2026-09-28T06:55:34.417389+00:00,2026-09-28 15:00,2026-09-28 07:00Z,2026-09-28 14:55:30,32,32.02,0.6,30,0.6,31,18.7,32,59.5,33,20.5,34,0.7,100.0,0.0,stable,-0.36,0,v23_probability_02_cdf_rounding
2026-09-28T07:55:34.417897+00:00,2026-09-28 16:00,2026-09-28 08:00Z,2026-09-28 15:55:30,32,31.78,0.6,30,1.6,31,30.4,32,56.5,33,11.3,34,0.2,100.0,0.0,stable,-0.41,0,v23_probability_02_cdf_rounding
2026-09-28T08:55:34.417690+00:00,2026-09-28 17:00,2026-09-28 09:00Z,2026-09-28 16:55:30,31,30.65,0.6,29,2.8,30,37.3,31,52.1,32,7.7,33,0.1,100.0,0.0,stable,-0.37,0,v23_probability_02_cdf_rounding
2026-09-28T09:55:34.418108+00:00,2026-09-28 18:00,2026-09-28 10:00Z,2026-09-28 17:55:30,30,30.15,0.6,28,0.3,29,13.6,30,58.1,31,26.8,32,1.2,100.0,0.0,stable,-0.26,0,v23_probability_02_cdf_rounding
2026-09-28T13:55:34.419142+00:00,2026-09-28 22:00,2026-09-28 14:00Z,2026-09-28 21:55:30,27,26.78,0.6,25,1.6,26,30.4,27,56.5,28,11.3,29,0.2,100.0,0.0,stable,0.0,0,v23_probability_02_cdf_rounding
2026-09-28T14:55:34.417267+00:00,2026-09-28 23:00,2026-09-28 15:00Z,2026-09-28 22:55:30,27,27.2,0.6,25,0.2,26,12.0,27,56.9,28,29.4,29,1.5,100.0,0.0,stable,0.56,0,v23_probability_02_cdf_rounding
2026-09-28T15:55:34.418019+00:00,2026-09-29 00:00,2026-09-28 16:00Z,2026-09-28 23:55:30,28,27.7,0.6,26,2.3,27,34.6,28,54.0,29,9.0,30,0.1,100.0,0.0,stable,0.88,0,v23_probability_02_cdf_rounding
2026-09-28T16:55:34.418433+00:00,2026-09-29 01:00,2026-09-28 17:00Z,2026-09-29 00:55:30,28,27.76,0.6,26,1.8,27,31.4,28,55.9,29,10.7,30,0.2,100.0,0.0,stable,0.85,0,v23_probability_02_cdf_rounding
2026-09-28T17:55:34.417384+00:00,2026-09-29 02:00,2026-09-28 18:00Z,2026-09-29 01:55:30,28,27.71,0.6,26,2.2,27,34.1,28,54.3,29,9.3,30,0.1,100.0,0.0,stable,0.79,0,v23_probability_02_cdf_rounding
2026-09-28T18:55:34.417724+00:00,2026-09-29 03:00,2026-09-28 19:00Z,2026-09-29 02:55:30,28,28.05,0.6,26,0.5,27,17.5,28,59.3,29,21.9,30,0.8,100.0,0.0,stable,0.9,0,v23_probability_02_cdf_rounding
2026-09-28T19:55:34.416991+00:00,2026-09-29 04:00,2026-09-28 20:00Z,2026-09-29 03:55:30,28,28.21,0.6,26,0.2,27,11.6,28,56.8,29,29.8,30,1.6,100.0,0.0,stable,0.9,0,v23_probability_02_cdf_rounding
2026-09-28T20:55:34.420499+00:00,2026-09-29 05:00,2026-09-28 21:00Z,2026-09-29 04:55:30,28,28.18,0.6,26,0.3,27,12.6,28,57.4,29,28.3,30,1.4,100.0,0.0,stable,0.9,0,v23_probability_02_cdf_rounding
2026-09-28T21:55:34.418490+00:00,2026-09-29 06:00,2026-09-28 22:00Z,2026-09-29 05:55:30,27,27.15,0.6,25,0.3,26,13.6,27,58.1,28,26.8,29,1.2,100.0,0.0,stable,0.36,0,v23_probability_02_cdf_rounding
2026-09-28T22:55:34.417880+00:00,2026-09-29 07:00,2026-09-28 23:00Z,2026-09-29 06:55:30,28,27.72,0.6,26,2.1,27,33.6,28,54.6,29,9.5,30,0.2,100.0,-0.0,stable,0.48,0,v23_probability_02_cdf_rounding
2026-09-28T23:55:34.418512+00:00,2026-09-29 08:00,2026-09-29 00:00Z,2026-09-29 07:55:30,31,30.65,0.6,29,2.8,30,37.3,31,52.1,32,7.7,33,0.1,100.0,0.0,heating,0.45,0,v23_probability_02_cdf_rounding
2026-09-29T00:55:34.419396+00:00,2026-09-29 09:00,2026-09-29 01:00Z,2026-09-29 08:55:30,31,31.29,0.6,29,0.1,30,9.3,31,54.3,32,34.1,33,2.2,100.0,0.0,stable,0.42,0,v23_probability_02_cdf_rounding
2026-09-29T01:55:34.418031+00:00,2026-09-29 10:00,2026-09-29 02:00Z,2026-09-29 09:55:30,30,30.48,0.6,28,0.0,29,5.1,30,46.2,31,44.2,32,4.5,100.0,0.0,cooling,0.22,0,v23_probability_02_cdf_rounding
2026-09-29T02:55:34.419251+00:00,2026-09-29 11:00,2026-09-29 03:00Z,2026-09-29 10:55:30,31,31.09,0.6,29,0.4,30,15.9,31,59.0,32,23.8,33,0.9,100.0,0.0,stable,0.29,0,v23_probability_02_cdf_rounding
2026-09-29T03:55:34.105688+00:00,2026-09-29 12:00,2026-09-29 04:00Z,2026-09-29 11:55:30,34,33.51,0.6,32,4.6,33,44.7,34,45.8,35,4.9,36,0.0,100.0,0.0,rapid_heating,0.0,0,v23_probability_02_cdf_rounding
2026-09-29T04:55:34.105104+00:00,2026-09-29 13:00,2026-09-29 05:00Z,2026-09-29 12:55:30,34,33.54,0.6,32,4.2,33,43.1,34,47.2,35,5.4,36,0.1,100.0,0.0,convective,0.0,0,v23_probability_02_cdf_rounding
2026-09-29T05:55:34.104392+00:00,2026-09-29 14:00,2026-09-29 06:00Z,2026-09-29 13:55:30,31,30.99,0.6,29,0.7,30,20.0,31,59.5,32,19.2,33,0.6,100.0,0.0,outflow,0.0,0,v23_probability_02_cdf_rounding
2026-09-29T06:55:34.104258+00:00,2026-09-29 15:00,2026-09-29 07:00Z,2026-09-29 14:55:30,31,31.32,0.6,29,0.1,30,8.5,31,53.2,32,35.7,33,2.5,100.0,0.0,stable,-0.23,1,v23_probability_02_cdf_rounding
2026-09-29T07:55:34.103971+00:00,2026-09-29 16:00,2026-09-29 08:00Z,2026-09-29 15:55:30,31,30.99,0.6,29,0.7,30,20.0,31,59.5,32,19.2,33,0.6,100.0,0.0,stable,-0.8,0,v23_probability_02_cdf_rounding
2026-09-29T08:55:34.104438+00:00,2026-09-29 17:00,2026-09-29 09:00Z,2026-09-29 16:55:30,30,29.9,0.6,28,1.0,29,24.2,30,58.9,31,15.5,32,0.4,100.0,0.0,stable,-0.68,0,v23_probability_02_cdf_rounding
2026-09-29T12:55:34.103829+00:00,2026-09-29 21:00,2026-09-29 13:00Z,2026-09-29 20:55:30,28,27.95,0.6,26,0.8,27,21.9,28,59.3,29,17.5,30,0.5,100.0,0.0,stable,-0.02,0,v23_probability_02_cdf_rounding
2026-09-29T14:55:34.104305+00:00,2026-09-29 23:00,2026-09-29 15:00Z,2026-09-29 22:55:30,28,28.1,0.6,26,0.4,27,15.5,28,58.9,29,24.2,30,1.0,100.0,0.0,stable,0.41,0,v23_probability_02_cdf_rounding
2026-09-29T17:55:34.109120+00:00,2026-09-30 02:00,2026-09-29 18:00Z,2026-09-30 01:55:30,28,27.95,0.6,26,0.8,27,21.9,28,59.3,29,17.5,30,0.5,100.0,0.0,stable,0.68,0,v23_probability_02_cdf_rounding
2026-09-29T18:55:34.104084+00:00,2026-09-30 03:00,2026-09-29 19:00Z,2026-09-30 02:55:30,27,27.25,0.6,25,0.2,26,10.4,27,55.6,28,31.9,29,1.9,100.0,0.0,stable,0.41,0,v23_probability_02_cdf_rounding
2026-09-29T19:55:34.478894+00:00,2026-09-30 04:00,2026-09-29 20:00Z,2026-09-30 03:55:30,27,27.31,0.6,25,0.1,26,8.8,27,53.5,28,35.2,29,2.4,100.0,0.0,stable,0.52,0,v23_probability_02_cdf_rounding
2026-09-29T20:55:34.478847+00:00,2026-09-30 05:00,2026-09-29 21:00Z,2026-09-30 04:55:30,27,26.71,0.6,25,2.2,26,34.1,27,54.3,28,9.3,29,0.1,100.0,0.0,stable,0.32,0,v23_probability_02_cdf_rounding
2026-09-29T21:55:34.479940+00:00,2026-09-30 06:00,2026-09-29 22:00Z,2026-09-30 05:55:30,27,26.65,0.6,25,2.8,26,37.3,27,52.1,28,7.7,29,0.1,100.0,0.0,stable,0.44,0,v23_probability_02_cdf_rounding
2026-09-29T22:55:34.477356+00:00,2026-09-30 07:00,2026-09-29 23:00Z,2026-09-30 06:55:30,28,27.66,0.6,26,2.7,27,36.8,28,52.4,29,8.0,30,0.1,100.0,0.0,stable,0.45,0,v23_probability_02_cdf_rounding
2026-09-29T23:55:34.478440+00:00,2026-09-30 08:00,2026-09-30 00:00Z,2026-09-30 07:55:30,31,30.86,0.6,29,1.2,30,26.2,31,58.3,32,14.0,33,0.3,100.0,0.0,stable,0.9,0,v23_probability_02_cdf_rounding
2026-09-30T00:55:34.477426+00:00,2026-09-30 09:00,2026-09-30 01:00Z,2026-09-30 08:55:30,33,32.91,0.6,31,0.9,32,23.8,33,59.0,34,15.9,35,0.4,100.0,-0.0,heating,0.51,0,v23_probability_02_cdf_rounding
2026-09-30T01:55:34.478118+00:00,2026-09-30 10:00,2026-09-30 02:00Z,2026-09-30 09:55:30,33,32.88,0.6,31,1.1,32,25.2,33,58.6,34,14.8,35,0.3,100.0,0.0,convective,0.26,0,v23_probability_02_cdf_rounding
2026-09-30T02:55:34.481108+00:00,2026-09-30 11:00,2026-09-30 03:00Z,2026-09-30 10:55:30,34,33.81,0.6,32,1.5,33,28.8,34,57.2,35,12.3,36,0.2,100.0,0.0,heating,0.36,0,v23_probability_02_cdf_rounding
2026-09-30T03:55:34.477612+00:00,2026-09-30 12:00,2026-09-30 04:00Z,2026-09-30 11:55:30,34,33.83,0.6,32,1.3,33,27.8,34,57.7,35,12.9,36,0.3,100.0,-0.0,outflow,-0.06,0,v23_probability_02_cdf_rounding
2026-09-30T04:55:34.477129+00:00,2026-09-30 13:00,2026-09-30 05:00Z,2026-09-30 12:55:30,33,33.12,0.6,31,0.3,32,14.8,33,58.6,34,25.2,35,1.1,100.0,0.0,heating,-0.09,1,v23_probability_02_cdf_rounding
2026-09-30T05:55:34.478413+00:00,2026-09-30 14:00,2026-09-30 06:00Z,2026-09-30 13:55:30,34,34.23,0.6,32,0.2,33,11.0,34,56.2,35,30.9,36,1.7,100.0,-0.0,heating,-0.1,1,v23_probability_02_cdf_rounding
2026-09-30T06:55:34.478220+00:00,2026-09-30 15:00,2026-09-30 07:00Z,2026-09-30 14:55:30,31,30.63,0.6,29,3.0,30,38.4,31,51.2,32,7.3,33,0.1,100.0,0.0,stable,-0.19,1,v23_probability_02_cdf_rounding
2026-09-30T07:55:34.479335+00:00,2026-09-30 16:00,2026-09-30 08:00Z,2026-09-30 15:55:30,32,32.17,0.6,30,0.3,31,12.9,32,57.7,33,27.8,34,1.3,100.0,0.0,stable,-0.1,1,v23_probability_02_cdf_rounding
2026-09-30T08:55:34.478572+00:00,2026-09-30 17:00,2026-09-30 09:00Z,2026-09-30 16:55:30,31,31.18,0.6,29,0.3,30,12.6,31,57.4,32,28.3,33,1.4,100.0,0.0,stable,-0.47,0,v23_probability_02_cdf_rounding
2026-09-30T09:55:34.477272+00:00,2026-09-30 18:00,2026-09-30 10:00Z,2026-09-30 17:55:30,30,29.95,0.6,28,0.8,29,21.9,30,59.3,31,17.5,32,0.5,100.0,0.0,stable,-0.06,0,v23_probability_02_cdf_rounding
2026-09-30T10:55:34.478078+00:00,2026-09-30 19:00,2026-09-30 11:00Z,2026-09-30 18:55:30,30,29.84,0.6,28,1.3,29,27.2,30,57.9,31,13.3,32,0.3,100.0,0.0,stable,0.11,0,v23_probability_02_cdf_rounding
2026-09-30T12:55:34.478272+00:00,2026-09-30 21:00,2026-09-30 13:00Z,2026-09-30 20:55:30,29,29.28,0.6,27,0.2,28,9.5,29,54.6,30,33.6,31,2.1,100.0,0.0,stable,-0.03,0,v23_probability_02_cdf_rounding
2026-09-30T13:55:34.478889+00:00,2026-09-30 22:00,2026-09-30 14:00Z,2026-09-30 21:55:30,29,29.38,0.6,27,0.1,28,7.0,29,50.8,30,39.0,31,3.1,100.0,0.0,stable,0.17,0,v23_probability_02_cdf_rounding
2026-09-30T14:55:34.478157+00:00,2026-09-30 23:00,2026-09-30 15:00Z,2026-09-30 22:55:30,29,29.34,0.6,27,0.1,28,8.0,29,52.4,30,36.8,31,2.7,100.0,0.0,stable,0.25,0,v23_probability_02_cdf_rounding
2026-09-30T15:55:34.478497+00:00,2026-10-01 00:00,2026-09-30 16:00Z,2026-09-30 23:55:30,29,29.01,0.6,27,0.6,28,19.2,29,59.5,30,20.0,31,0.7,100.0,0.0,stable,0.46,0,v23_probability_02_cdf_rounding
2026-09-30T16:55:34.477320+00:00,2026-10-01 01:00,2026-09-30 17:00Z,2026-10-01 00:55:30,29,29.04,0.6,27,0.5,28,17.9,29,59.4,30,21.5,31,0.7,100.0,0.0,stable,0.36,0,v23_probability_02_cdf_rounding
2026-09-30T17:55:34.478283+00:00,2026-10-01 02:00,2026-09-30 18:00Z,2026-10-01 01:55:30,28,28.42,0.6,26,0.1,27,6.2,28,49.0,29,41.1,30,3.6,100.0,0.0,stable,0.31,0,v23_probability_02_cdf_rounding
2026-09-30T18:55:34.477705+00:00,2026-10-01 03:00,2026-09-30 19:00Z,2026-10-01 02:55:30,28,28.27,0.6,26,0.2,27,9.8,28,54.9,29,33.1,30,2.0,100.0,0.0,stable,0.7,0,v23_probability_02_cdf_rounding
2026-09-30T19:55:34.477792+00:00,2026-10-01 04:00,2026-09-30 20:00Z,2026-10-01 03:55:30,28,28.14,0.6,26,0.3,27,14.0,28,58.3,29,26.2,30,1.2,100.0,0.0,stable,0.84,0,v23_probability_02_cdf_rounding
2026-09-30T20:55:34.477923+00:00,2026-10-01 05:00,2026-09-30 21:00Z,2026-10-01 04:55:30,28,28.06,0.6,26,0.5,27,17.0,28,59.3,29,22.4,30,0.8,100.0,0.0,stable,0.9,0,v23_probability_02_cdf_rounding
2026-10-01T11:55:34.477243+00:00,2026-10-01 20:00,2026-10-01 12:00Z,2026-10-01 19:55:30,28,28.36,0.6,26,0.1,27,7.5,28,51.6,29,37.9,30,2.9,100.0,0.0,stable,0.0,0,v23_probability_02_cdf_rounding
2026-10-01T12:55:34.476859+00:00,2026-10-01 21:00,2026-10-01 13:00Z,2026-10-01 20:55:30,29,29.08,0.6,27,0.4,28,16.3,29,59.1,30,23.3,31,0.9,100.0,0.0,stable,0.9,0,v23_probability_02_cdf_rounding
2026-10-01T13:55:34.498176+00:00,2026-10-01 22:00,2026-10-01 14:00Z,2026-10-01 21:55:30,29,29.06,0.6,27,0.5,28,17.0,29,59.3,30,22.4,31,0.8,100.0,0.0,stable,0.9,0,v23_probability_02_cdf_rounding
2026-10-01T14:55:34.496565+00:00,2026-10-01 23:00,2026-10-01 15:00Z,2026-10-01 22:55:30,29,29.38,0.6,27,0.1,28,7.0,29,50.8,30,39.0,31,3.1,100.0,0.0,stable,0.9,0,v23_probability_02_cdf_rounding
2026-10-01T15:55:34.496229+00:00,2026-10-02 00:00,2026-10-01 16:00Z,2026-10-01 23:55:30,29,29.09,0.6,27,0.4,28,15.9,29,59.0,30,23.8,31,0.9,100.0,0.0,stable,0.9,0,v23_probability_02_cdf_rounding
2026-10-01T16:55:34.499761+00:00,2026-10-02 01:00,2026-10-01 17:00Z,2026-10-02 00:55:30,29,28.54,0.6,27,4.2,28,43.1,29,47.2,30,5.4,31,0.1,100.0,0.0,stable,0.82,0,v23_probability_02_cdf_rounding
2026-10-01T17:55:34.495975+00:00,2026-10-02 02:00,2026-10-01 18:00Z,2026-10-02 01:55:30,29,28.5,0.6,27,4.8,28,45.2,29,45.2,30,4.8,31,0.0,100.0,0.0,stable,0.9,0,v23_probability_02_cdf_rounding
2026-10-01T18:55:34.497368+00:00,2026-10-02 03:00,2026-10-01 19:00Z,2026-10-02 02:55:30,28,27.55,0.6,26,4.0,27,42.7,28,47.6,29,5.6,30,0.1,100.0,0.0,stable,0.43,0,v23_probability_02_cdf_rounding
2026-10-01T19:55:34.496454+00:00,2026-10-02 04:00,2026-10-01 20:00Z,2026-10-02 03:55:30,27,27.33,0.6,25,0.1,26,8.2,27,52.9,28,36.2,29,2.6,100.0,0.0,stable,0.47,0,v23_probability_02_cdf_rounding
2026-10-01T20:55:34.497821+00:00,2026-10-02 05:00,2026-10-01 21:00Z,2026-10-02 04:55:30,27,26.93,0.6,25,0.9,26,22.8,27,59.2,28,16.7,29,0.4,100.0,-0.0,stable,0.58,0,v23_probability_02_cdf_rounding
2026-10-01T21:55:34.497324+00:00,2026-10-02 06:00,2026-10-01 22:00Z,2026-10-02 05:55:30,27,26.75,0.6,25,1.9,26,31.9,27,55.6,28,10.4,29,0.2,100.0,-0.0,stable,0.65,0,v23_probability_02_cdf_rounding
2026-10-01T22:55:34.496283+00:00,2026-10-02 07:00,2026-10-01 23:00Z,2026-10-02 06:55:30,28,28.01,0.6,26,0.6,27,19.2,28,59.5,29,20.0,30,0.7,100.0,0.0,stable,0.7,0,v23_probability_02_cdf_rounding
2026-10-01T23:55:34.496631+00:00,2026-10-02 08:00,2026-10-02 00:00Z,2026-10-02 07:55:30,31,30.6,0.6,29,3.3,30,40.1,31,49.9,32,6.6,33,0.1,100.0,0.0,stable,0.9,0,v23_probability_02_cdf_rounding
2026-10-02T00:55:34.496430+00:00,2026-10-02 09:00,2026-10-02 01:00Z,2026-10-02 08:55:30,30,30.43,0.6,28,0.1,29,6.0,30,48.5,31,41.7,32,3.7,100.0,-0.0,convective,-0.07,0,v23_probability_02_cdf_rounding
2026-10-02T02:55:34.496200+00:00,2026-10-02 11:00,2026-10-02 03:00Z,2026-10-02 10:55:30,29,29.06,0.6,27,0.5,28,17.0,29,59.3,30,22.4,31,0.8,100.0,0.0,stable,-0.15,0,v23_probability_02_cdf_rounding
2026-10-02T03:55:34.182982+00:00,2026-10-02 12:00,2026-10-02 04:00Z,2026-10-02 11:55:30,34,34.12,0.6,32,0.3,33,14.8,34,58.6,35,25.2,36,1.1,100.0,0.0,heating,0.9,0,v23_probability_02_cdf_rounding
2026-10-02T04:55:34.184291+00:00,2026-10-02 13:00,2026-10-02 05:00Z,2026-10-02 12:55:30,32,32.22,0.6,30,0.2,31,11.3,32,56.5,33,30.4,34,1.6,100.0,0.0,cooling,0.59,0,v23_probability_02_cdf_rounding
2026-10-02T05:55:34.184237+00:00,2026-10-02 14:00,2026-10-02 06:00Z,2026-10-02 13:55:30,33,33.02,0.6,31,0.6,32,18.7,33,59.5,34,20.5,35,0.7,100.0,0.0,heating,0.64,0,v23_probability_02_cdf_rounding
2026-10-02T06:55:34.183683+00:00,2026-10-02 15:00,2026-10-02 07:00Z,2026-10-02 14:55:30,31,30.89,0.6,29,1.0,30,24.8,31,58.7,32,15.1,33,0.4,100.0,0.0,stable,0.18,0,v23_probability_02_cdf_rounding
2026-10-02T07:55:34.183374+00:00,2026-10-02 16:00,2026-10-02 08:00Z,2026-10-02 15:55:30,30,30.49,0.6,28,0.0,29,4.9,30,45.8,31,44.7,32,4.6,100.0,0.0,stable,0.12,0,v23_probability_02_cdf_rounding
2026-10-02T08:55:34.183857+00:00,2026-10-02 17:00,2026-10-02 09:00Z,2026-10-02 16:55:30,30,30.28,0.6,28,0.2,29,9.5,30,54.6,31,33.6,32,2.1,100.0,0.0,stable,0.16,0,v23_probability_02_cdf_rounding
2026-10-02T09:55:34.185046+00:00,2026-10-02 18:00,2026-10-02 10:00Z,2026-10-02 17:55:30,30,30.09,0.6,28,0.4,29,15.9,30,59.0,31,23.8,32,0.9,100.0,0.0,stable,0.63,0,v23_probability_02_cdf_rounding
2026-10-02T10:55:34.184064+00:00,2026-10-02 19:00,2026-10-02 11:00Z,2026-10-02 18:55:30,29,29.34,0.6,27,0.1,28,8.0,29,52.4,30,36.8,31,2.7,100.0,0.0,stable,0.74,0,v23_probability_02_cdf_rounding
2026-10-02T11:55:34.183303+00:00,2026-10-02 20:00,2026-10-02 12:00Z,2026-10-02 19:55:30,28,28.43,0.6,26,0.1,27,6.0,28,48.5,29,41.7,30,3.7,100.0,-0.0,stable,0.52,0,v23_probability_02_cdf_rounding
2026-10-02T12:55:34.183972+00:00,2026-10-02 21:00,2026-10-02 13:00Z,2026-10-02 20:55:30,28,28.45,0.6,26,0.1,27,5.6,28,47.6,29,42.7,30,4.0,100.0,0.0,stable,0.9,0,v23_probability_02_cdf_rounding
2026-10-02T13:55:34.184819+00:00,2026-10-02 22:00,2026-10-02 14:00Z,2026-10-02 21:55:30,28,28.08,0.6,26,0.4,27,16.3,28,59.1,29,23.3,30,0.9,100.0,0.0,stable,0.9,0,v23_probability_02_cdf_rounding
2026-10-02T14:55:34.184460+00:00,2026-10-02 23:00,2026-10-02 15:00Z,2026-10-02 22:55:30,28,27.85,0.6,26,1.2,27,26.8,28,58.1,29,13.6,30,0.3,100.0,0.0,stable,0.9,0,v23_probability_02_cdf_rounding
2026-10-02T15:55:34.183902+00:00,2026-10-03 00:00,2026-10-02 16:00Z,2026-10-02 23:55:30,27,27.45,0.6,25,0.1,26,5.6,27,47.6,28,42.7,29,4.0,100.0,0.0,stable,0.77,0,v23_probability_02_cdf_rounding
2026-10-02T16:55:34.183884+00:00,2026-10-03 01:00,2026-10-02 17:00Z,2026-10-03 00:55:30,27,27.46,0.6,25,0.1,26,5.4,27,47.2,28,43.1,29,4.2,100.0,-0.0,stable,0.84,0,v23_probability_02_cdf_rounding
2026-10-02T17:55:34.184195+00:00,2026-10-03 02:00,2026-10-02 18:00Z,2026-10-03 01:55:30,27,27.26,0.6,25,0.2,26,10.1,27,55.2,28,32.6,29,1.9,100.0,0.0,stable,0.86,0,v23_probability_02_cdf_rounding
2026-10-02T18:55:34.183482+00:00,2026-10-03 03:00,2026-10-02 19:00Z,2026-10-03 02:55:30,27,27.24,0.6,25,0.2,26,10.7,27,55.9,28,31.4,29,1.8,100.0,0.0,stable,0.9,0,v23_probability_02_cdf_rounding
2026-10-02T19:55:34.183812+00:00,2026-10-03 04:00,2026-10-02 20:00Z,2026-10-03 03:55:30,27,27.18,0.6,25,0.3,26,12.6,27,57.4,28,28.3,29,1.4,100.0,0.0,stable,0.9,0,v23_probability_02_cdf_rounding
2026-10-02T20:55:34.183044+00:00,2026-10-03 05:00,2026-10-02 21:00Z,2026-10-03 04:55:30,27,27.11,0.6,25,0.4,26,15.1,27,58.7,28,24.8,29,1.0,100.0,0.0,stable,0.9,0,v23_probability_02_cdf_rounding
2026-10-02T21:55:34.184483+00:00,2026-10-03 06:00,2026-10-02 22:00Z,2026-10-03 05:55:30,27,26.98,0.6,25,0.7,26,20.5,27,59.5,28,18.7,29,0.6,100.0,0.0,stable,0.9,0,v23_probability_02_cdf_rounding
2026-10-02T22:55:34.184998+00:00,2026-10-03 07:00,2026-10-02 23:00Z,2026-10-03 06:55:30,28,27.53,0.6,26,4.3,27,43.7,28,46.7,29,5.2,30,0.1,100.0,0.0,stable,0.9,0,v23_probability_02_cdf_rounding
2026-10-02T23:55:34.184623+00:00,2026-10-03 08:00,2026-10-03 00:00Z,2026-10-03 07:55:30,30,29.84,0.6,28,1.3,29,27.2,30,57.9,31,13.3,32,0.3,100.0,0.0,heating,0.72,0,v23_probability_02_cdf_rounding
2026-10-03T00:55:34.184486+00:00,2026-10-03 09:00,2026-10-03 01:00Z,2026-10-03 08:55:30,30,30.47,0.6,28,0.1,29,5.2,30,46.7,31,43.7,32,4.3,100.0,0.0,stable,0.48,0,v23_probability_02_cdf_rounding
2026-10-03T01:55:34.184200+00:00,2026-10-03 10:00,2026-10-03 02:00Z,2026-10-03 09:55:30,32,32.21,0.6,30,0.2,31,11.6,32,56.8,33,29.8,34,1.6,100.0,0.0,heating,0.49,0,v23_probability_02_cdf_rounding
2026-10-03T02:55:34.183951+00:00,2026-10-03 11:00,2026-10-03 03:00Z,2026-10-03 10:55:30,29,29.37,0.6,27,0.1,28,7.3,29,51.2,30,38.4,31,3.0,100.0,0.0,convective,0.12,0,v23_probability_02_cdf_rounding
2026-10-03T03:55:34.183946+00:00,2026-10-03 12:00,2026-10-03 04:00Z,2026-10-03 11:55:30,33,32.53,0.6,31,4.3,32,43.7,33,46.7,34,5.2,35,0.1,100.0,0.0,heating,-0.01,1,v23_probability_02_cdf_rounding
2026-10-03T04:55:34.184398+00:00,2026-10-03 13:00,2026-10-03 05:00Z,2026-10-03 12:55:30,34,33.56,0.6,32,3.9,33,42.1,34,48.1,35,5.8,36,0.1,100.0,0.0,heating,-0.07,0,v23_probability_02_cdf_rounding
2026-10-03T05:55:34.183918+00:00,2026-10-03 14:00,2026-10-03 06:00Z,2026-10-03 13:55:30,32,32.49,0.6,30,0.0,31,4.9,32,45.8,33,44.7,34,4.6,100.0,0.0,stable,-0.33,0,v23_probability_02_cdf_rounding
2026-10-03T06:55:34.184000+00:00,2026-10-03 15:00,2026-10-03 07:00Z,2026-10-03 14:55:30,32,31.75,0.6,30,1.9,31,31.9,32,55.6,33,10.4,34,0.2,100.0,-0.0,convective,-0.19,0,v23_probability_02_cdf_rounding
2026-10-03T07:55:34.184594+00:00,2026-10-03 16:00,2026-10-03 08:00Z,2026-10-03 15:55:30,30,29.87,0.6,28,1.1,29,25.8,30,58.4,31,14.4,32,0.3,100.0,0.0,stable,-0.43,0,v23_probability_02_cdf_rounding
2026-10-03T08:55:34.186546+00:00,2026-10-03 17:00,2026-10-03 09:00Z,2026-10-03 16:55:30,29,29.36,0.6,27,0.1,28,7.5,29,51.6,30,37.9,31,2.9,100.0,0.0,stable,-0.37,0,v23_probability_02_cdf_rounding
2026-10-03T09:55:34.183242+00:00,2026-10-03 18:00,2026-10-03 10:00Z,2026-10-03 17:55:30,29,29.19,0.6,27,0.2,28,12.3,29,57.2,30,28.8,31,1.5,100.0,0.0,stable,0.09,0,v23_probability_02_cdf_rounding
2026-10-03T10:55:34.183729+00:00,2026-10-03 19:00,2026-10-03 11:00Z,2026-10-03 18:55:30,29,29.0,0.6,27,0.6,28,19.6,29,59.6,30,19.6,31,0.6,100.0,0.0,stable,0.17,0,v23_probability_02_cdf_rounding
2026-10-03T11:55:34.184133+00:00,2026-10-03 20:00,2026-10-03 12:00Z,2026-10-03 19:55:30,29,29.18,0.6,27,0.3,28,12.6,29,57.4,30,28.3,31,1.4,100.0,0.0,stable,0.42,0,v23_probability_02_cdf_rounding
2026-10-03T12:55:34.183870+00:00,2026-10-03 21:00,2026-10-03 13:00Z,2026-10-03 20:55:30,29,28.69,0.6,27,2.4,28,35.2,29,53.5,30,8.8,31,0.1,100.0,0.0,stable,0.35,0,v23_probability_02_cdf_rounding
2026-10-03T13:55:34.184399+00:00,2026-10-03 22:00,2026-10-03 14:00Z,2026-10-03 21:55:30,28,28.2,0.6,26,0.2,27,12.0,28,56.9,29,29.4,30,1.5,100.0,0.0,stable,0.39,0,v23_probability_02_cdf_rounding
2026-10-03T14:55:34.184765+00:00,2026-10-03 23:00,2026-10-03 15:00Z,2026-10-03 22:55:30,28,28.11,0.6,26,0.4,27,15.1,28,58.7,29,24.8,30,1.0,100.0,0.0,stable,0.53,0,v23_probability_02_cdf_rounding
2026-10-03T15:55:34.183905+00:00,2026-10-04 00:00,2026-10-03 16:00Z,2026-10-03 23:55:30,28,28.19,0.6,26,0.2,27,12.3,28,57.2,29,28.8,30,1.5,100.0,0.0,stable,0.82,0,v23_probability_02_cdf_rounding
2026-10-03T16:55:34.184550+00:00,2026-10-04 01:00,2026-10-03 17:00Z,2026-10-04 00:55:30,28,27.77,0.6,26,1.7,27,30.9,28,56.2,29,11.0,30,0.2,100.0,-0.0,stable,0.64,0,v23_probability_02_cdf_rounding
2026-10-03T17:55:34.184214+00:00,2026-10-04 02:00,2026-10-03 18:00Z,2026-10-04 01:55:30,28,27.55,0.6,26,4.0,27,42.7,28,47.6,29,5.6,30,0.1,100.0,0.0,stable,0.64,0,v23_probability_02_cdf_rounding
2026-10-03T18:55:34.183598+00:00,2026-10-04 03:00,2026-10-03 19:00Z,2026-10-04 02:55:30,27,27.49,0.6,25,0.0,26,4.9,27,45.8,28,44.7,29,4.6,100.0,0.0,stable,0.75,0,v23_probability_02_cdf_rounding
2026-10-03T19:55:34.183884+00:00,2026-10-04 04:00,2026-10-03 20:00Z,2026-10-04 03:55:30,27,27.15,0.6,25,0.3,26,13.6,27,58.1,28,26.8,29,1.2,100.0,0.0,stable,0.6,0,v23_probability_02_cdf_rounding
2026-10-03T20:55:34.183743+00:00,2026-10-04 05:00,2026-10-03 21:00Z,2026-10-04 04:55:30,27,27.21,0.6,25,0.2,26,11.6,27,56.8,28,29.8,29,1.6,100.0,0.0,stable,0.83,0,v23_probability_02_cdf_rounding
2026-10-03T21:55:34.183822+00:00,2026-10-04 06:00,2026-10-03 22:00Z,2026-10-04 05:55:30,27,26.73,0.6,25,2.0,26,33.1,27,54.9,28,9.8,29,0.2,100.0,0.0,stable,0.49,0,v23_probability_02_cdf_rounding
2026-10-03T22:55:34.183998+00:00,2026-10-04 07:00,2026-10-03 23:00Z,2026-10-04 06:55:30,27,27.27,0.6,25,0.2,26,9.8,27,54.9,28,33.1,29,2.0,100.0,0.0,stable,0.52,0,v23_probability_02_cdf_rounding
2026-10-03T23:55:34.185057+00:00,2026-10-04 08:00,2026-10-04 00:00Z,2026-10-04 07:55:30,30,30.05,0.6,28,0.5,29,17.5,30,59.3,31,21.9,32,0.8,100.0,0.0,heating,0.42,0,v23_probability_02_cdf_rounding
2026-10-04T00:55:34.184386+00:00,2026-10-04 09:00,2026-10-04 01:00Z,2026-10-04 08:55:30,31,30.53,0.6,29,4.3,30,43.7,31,46.7,32,5.2,33,0.1,100.0,0.0,stable,0.3,0,v23_probability_02_cdf_rounding
2026-10-04T01:55:34.183253+00:00,2026-10-04 10:00,2026-10-04 02:00Z,2026-10-04 09:55:30,32,32.16,0.6,30,0.3,31,13.3,32,57.9,33,27.2,34,1.3,100.0,0.0,heating,0.18,0,v23_probability_02_cdf_rounding
2026-10-04T02:55:34.455584+00:00,2026-10-04 11:00,2026-10-04 03:00Z,2026-10-04 10:55:30,31,30.73,0.6,29,2.0,30,33.1,31,54.9,32,9.8,33,0.2,100.0,0.0,stable,-0.31,0,v23_probability_02_cdf_rounding
2026-10-04T03:55:34.454213+00:00,2026-10-04 12:00,2026-10-04 04:00Z,2026-10-04 11:55:30,33,32.55,0.6,31,4.0,32,42.7,33,47.6,34,5.6,35,0.1,100.0,0.0,stable,0.51,0,v23_probability_02_cdf_rounding
2026-10-04T04:55:34.453535+00:00,2026-10-04 13:00,2026-10-04 05:00Z,2026-10-04 12:55:30,32,32.4,0.6,30,0.1,31,6.6,32,49.9,33,40.1,34,3.3,100.0,0.0,rapid_heating,0.04,1,v23_probability_02_cdf_rounding
2026-10-04T05:55:34.455060+00:00,2026-10-04 14:00,2026-10-04 06:00Z,2026-10-04 13:55:30,34,33.8,0.6,32,1.5,33,29.4,34,56.9,35,12.0,36,0.2,100.0,0.0,heating,0.07,1,v23_probability_02_cdf_rounding
2026-10-04T06:55:34.453774+00:00,2026-10-04 15:00,2026-10-04 07:00Z,2026-10-04 14:55:30,33,32.74,0.6,31,1.9,32,32.6,33,55.2,34,10.1,35,0.2,100.0,0.0,stable,-0.46,0,v23_probability_02_cdf_rounding
2026-10-04T07:55:34.454602+00:00,2026-10-04 16:00,2026-10-04 08:00Z,2026-10-04 15:55:30,32,32.32,0.6,30,0.1,31,8.5,32,53.2,33,35.7,34,2.5,100.0,0.0,cooling,-0.28,0,v23_probability_02_cdf_rounding
2026-10-04T08:55:34.453796+00:00,2026-10-04 17:00,2026-10-04 09:00Z,2026-10-04 16:55:30,31,30.68,0.6,29,2.5,30,35.7,31,53.2,32,8.5,33,0.1,100.0,0.0,stable,-0.41,0,v23_probability_02_cdf_rounding
2026-10-04T09:55:34.454540+00:00,2026-10-04 18:00,2026-10-04 10:00Z,2026-10-04 17:55:30,30,29.96,0.6,28,0.7,29,21.5,30,59.4,31,17.9,32,0.5,100.0,0.0,stable,-0.24,0,v23_probability_02_cdf_rounding
2026-10-04T10:55:34.454631+00:00,2026-10-04 19:00,2026-10-04 11:00Z,2026-10-04 18:55:30,30,29.69,0.6,28,2.4,29,35.2,30,53.5,31,8.8,32,0.1,100.0,0.0,stable,-0.11,0,v23_probability_02_cdf_rounding
2026-10-04T11:55:34.456437+00:00,2026-10-04 20:00,2026-10-04 12:00Z,2026-10-04 19:55:30,29,29.32,0.6,27,0.1,28,8.5,29,53.2,30,35.7,31,2.5,100.0,0.0,stable,-0.17,0,v23_probability_02_cdf_rounding
2026-10-04T12:55:34.453801+00:00,2026-10-04 21:00,2026-10-04 13:00Z,2026-10-04 20:55:30,29,29.35,0.6,27,0.1,28,7.7,29,52.1,30,37.3,31,2.8,100.0,0.0,stable,0.26,0,v23_probability_02_cdf_rounding
2026-10-04T13:55:34.455700+00:00,2026-10-04 22:00,2026-10-04 14:00Z,2026-10-04 21:55:30,29,29.07,0.6,27,0.4,28,16.7,29,59.2,30,22.8,31,0.9,100.0,0.0,stable,0.53,0,v23_probability_02_cdf_rounding
2026-10-04T14:55:34.454726+00:00,2026-10-04 23:00,2026-10-04 15:00Z,2026-10-04 22:55:30,28,27.96,0.6,26,0.7,27,21.5,28,59.4,29,17.9,30,0.5,100.0,0.0,convective,0.28,0,v23_probability_02_cdf_rounding
2026-10-04T15:55:34.454157+00:00,2026-10-05 00:00,2026-10-04 16:00Z,2026-10-04 23:55:30,28,28.23,0.6,26,0.2,27,11.0,28,56.2,29,30.9,30,1.7,100.0,-0.0,stable,0.9,0,v23_probability_02_cdf_rounding
2026-10-04T16:55:34.453899+00:00,2026-10-05 01:00,2026-10-04 17:00Z,2026-10-05 00:55:30,27,27.37,0.6,25,0.1,26,7.3,27,51.2,28,38.4,29,3.0,100.0,0.0,stable,0.9,0,v23_probability_02_cdf_rounding
2026-10-04T17:55:34.453809+00:00,2026-10-05 02:00,2026-10-04 18:00Z,2026-10-05 01:55:30,27,27.27,0.6,25,0.2,26,9.8,27,54.9,28,33.1,29,2.0,100.0,0.0,stable,0.88,0,v23_probability_02_cdf_rounding
2026-10-04T18:55:34.454788+00:00,2026-10-05 03:00,2026-10-04 19:00Z,2026-10-05 02:55:30,27,26.96,0.6,25,0.7,26,21.5,27,59.4,28,17.9,29,0.5,100.0,0.0,stable,0.59,0,v23_probability_02_cdf_rounding
2026-10-04T19:55:34.453558+00:00,2026-10-05 04:00,2026-10-04 20:00Z,2026-10-05 03:55:30,27,26.84,0.6,25,1.3,26,27.2,27,57.9,28,13.3,29,0.3,100.0,0.0,stable,0.59,0,v23_probability_02_cdf_rounding
2026-10-04T20:55:34.454222+00:00,2026-10-05 05:00,2026-10-04 21:00Z,2026-10-05 04:55:30,27,26.89,0.6,25,1.0,26,24.8,27,58.7,28,15.1,29,0.4,100.0,0.0,stable,0.57,0,v23_probability_02_cdf_rounding
2026-10-04T21:55:34.455492+00:00,2026-10-05 06:00,2026-10-04 22:00Z,2026-10-05 05:55:30,27,27.2,0.6,25,0.2,26,12.0,27,56.9,28,29.4,29,1.5,100.0,0.0,stable,0.9,0,v23_probability_02_cdf_rounding
2026-10-04T22:55:34.454234+00:00,2026-10-05 07:00,2026-10-04 23:00Z,2026-10-05 06:55:30,28,27.78,0.6,26,1.6,27,30.4,28,56.5,29,11.3,30,0.2,100.0,0.0,stable,0.85,0,v23_probability_02_cdf_rounding
2026-10-04T23:55:34.454633+00:00,2026-10-05 08:00,2026-10-05 00:00Z,2026-10-05 07:55:30,31,31.17,0.6,29,0.3,30,12.9,31,57.7,32,27.8,33,1.3,100.0,0.0,heating,0.9,0,v23_probability_02_cdf_rounding
2026-10-05T00:55:34.456761+00:00,2026-10-05 09:00,2026-10-05 01:00Z,2026-10-05 08:55:30,31,31.29,0.6,29,0.1,30,9.3,31,54.3,32,34.1,33,2.2,100.0,0.0,stable,0.69,0,v23_probability_02_cdf_rounding
2026-10-05T01:55:34.455524+00:00,2026-10-05 10:00,2026-10-05 02:00Z,2026-10-05 09:55:30,33,33.35,0.6,31,0.1,32,7.7,33,52.1,34,37.3,35,2.8,100.0,0.0,heating,0.57,0,v23_probability_02_cdf_rounding
2026-10-05T02:55:34.455273+00:00,2026-10-05 11:00,2026-10-05 03:00Z,2026-10-05 10:55:30,32,31.85,0.6,30,1.2,31,26.8,32,58.1,33,13.6,34,0.3,100.0,0.0,heating,-0.14,1,v23_probability_02_cdf_rounding
2026-10-05T03:55:34.453370+00:00,2026-10-05 12:00,2026-10-05 04:00Z,2026-10-05 11:55:30,32,31.68,0.6,30,2.5,31,35.7,32,53.2,33,8.5,34,0.1,100.0,0.0,cooling,-0.27,0,v23_probability_02_cdf_rounding
2026-10-05T04:55:34.454634+00:00,2026-10-05 13:00,2026-10-05 05:00Z,2026-10-05 12:55:30,31,30.97,0.6,29,0.7,30,21.0,31,59.4,32,18.4,33,0.5,100.0,0.0,stable,-0.43,0,v23_probability_02_cdf_rounding
2026-10-05T05:55:34.455079+00:00,2026-10-05 14:00,2026-10-05 06:00Z,2026-10-05 13:55:30,33,32.77,0.6,31,1.7,32,30.9,33,56.2,34,11.0,35,0.2,100.0,-0.0,stable,0.0,0,v23_probability_02_cdf_rounding
2026-10-05T06:55:34.456126+00:00,2026-10-05 15:00,2026-10-05 07:00Z,2026-10-05 14:55:30,32,32.48,0.6,30,0.0,31,5.1,32,46.2,33,44.2,34,4.5,100.0,0.0,stable,-0.19,0,v23_probability_02_cdf_rounding
2026-10-05T07:55:34.076532+00:00,2026-10-05 16:00,2026-10-05 08:00Z,2026-10-05 15:55:30,31,30.86,0.6,29,1.2,30,26.2,31,58.3,32,14.0,33,0.3,100.0,0.0,cooling,-0.11,0,v23_probability_02_cdf_rounding
2026-10-05T08:55:34.075620+00:00,2026-10-05 17:00,2026-10-05 09:00Z,2026-10-05 16:55:30,29,29.18,0.6,27,0.3,28,12.6,29,57.4,30,28.3,31,1.4,100.0,0.0,stable,-0.18,0,v23_probability_02_cdf_rounding
2026-10-05T09:55:34.075234+00:00,2026-10-05 18:00,2026-10-05 10:00Z,2026-10-05 17:55:30,30,29.76,0.6,28,1.8,29,31.4,30,55.9,31,10.7,32,0.2,100.0,0.0,stable,0.5,0,v23_probability_02_cdf_rounding
2026-10-05T10:55:34.152393+00:00,2026-10-05 19:00,2026-10-05 11:00Z,2026-10-05 18:55:30,29,29.42,0.6,27,0.1,28,6.2,29,49.0,30,41.1,31,3.6,100.0,0.0,stable,0.52,0,v23_probability_02_cdf_rounding
2026-10-05T11:55:34.149829+00:00,2026-10-05 20:00,2026-10-05 12:00Z,2026-10-05 19:55:30,29,29.48,0.6,27,0.0,28,5.1,29,46.2,30,44.2,31,4.5,100.0,0.0,stable,0.51,0,v23_probability_02_cdf_rounding
2026-10-05T12:55:34.150329+00:00,2026-10-05 21:00,2026-10-05 13:00Z,2026-10-05 20:55:30,30,29.64,0.6,28,2.9,29,37.9,30,51.6,31,7.5,32,0.1,100.0,0.0,stable,0.9,0,v23_probability_02_cdf_rounding
2026-10-05T13:55:34.150097+00:00,2026-10-05 22:00,2026-10-05 14:00Z,2026-10-05 21:55:30,30,29.69,0.6,28,2.4,29,35.2,30,53.5,31,8.8,32,0.1,100.0,0.0,stable,0.9,0,v23_probability_02_cdf_rounding
2026-10-05T14:55:34.150075+00:00,2026-10-05 23:00,2026-10-05 15:00Z,2026-10-05 22:55:30,29,29.03,0.6,27,0.5,28,18.4,29,59.4,30,21.0,31,0.7,100.0,0.0,stable,0.71,0,v23_probability_02_cdf_rounding
2026-10-05T15:55:34.150299+00:00,2026-10-06 00:00,2026-10-05 16:00Z,2026-10-05 23:55:30,29,28.66,0.6,27,2.7,28,36.8,29,52.4,30,8.0,31,0.1,100.0,0.0,stable,0.6,0,v23_probability_02_cdf_rounding
2026-10-05T16:55:34.150119+00:00,2026-10-06 01:00,2026-10-05 17:00Z,2026-10-06 00:55:30,27,26.94,0.6,25,0.8,26,22.4,27,59.3,28,17.0,29,0.5,100.0,0.0,stable,0.66,0,v23_probability_02_cdf_rounding
2026-10-05T17:55:34.149855+00:00,2026-10-06 02:00,2026-10-05 18:00Z,2026-10-06 01:55:30,26,26.36,0.6,24,0.1,25,7.5,26,51.6,27,37.9,28,2.9,100.0,0.0,stable,0.56,0,v23_probability_02_cdf_rounding
2026-10-05T18:55:34.149224+00:00,2026-10-06 03:00,2026-10-05 19:00Z,2026-10-06 02:55:30,26,26.35,0.6,24,0.1,25,7.7,26,52.1,27,37.3,28,2.8,100.0,0.0,stable,0.68,0,v23_probability_02_cdf_rounding
2026-10-05T19:55:34.149664+00:00,2026-10-06 04:00,2026-10-05 20:00Z,2026-10-06 03:55:30,27,26.66,0.6,25,2.7,26,36.8,27,52.4,28,8.0,29,0.1,100.0,0.0,stable,0.74,0,v23_probability_02_cdf_rounding
2026-10-05T20:55:34.149040+00:00,2026-10-06 05:00,2026-10-05 21:00Z,2026-10-06 04:55:30,26,26.41,0.6,24,0.1,25,6.4,26,49.5,27,40.5,28,3.5,100.0,0.0,stable,0.57,0,v23_probability_02_cdf_rounding
2026-10-05T21:55:34.151852+00:00,2026-10-06 06:00,2026-10-05 22:00Z,2026-10-06 05:55:30,27,26.5,0.6,25,4.8,26,45.2,27,45.2,28,4.8,29,0.0,100.0,0.0,stable,0.66,0,v23_probability_02_cdf_rounding
2026-10-05T22:55:34.150255+00:00,2026-10-06 07:00,2026-10-05 23:00Z,2026-10-06 06:55:30,27,26.68,0.6,25,2.5,26,35.7,27,53.2,28,8.5,29,0.1,100.0,0.0,stable,0.67,0,v23_probability_02_cdf_rounding
2026-10-05T23:55:34.150562+00:00,2026-10-06 08:00,2026-10-06 00:00Z,2026-10-06 07:55:30,28,27.82,0.6,26,1.4,27,28.3,28,57.4,29,12.6,30,0.3,100.0,0.0,stable,0.61,0,v23_probability_02_cdf_rounding
2026-10-06T00:55:34.150252+00:00,2026-10-06 09:00,2026-10-06 01:00Z,2026-10-06 08:55:30,30,30.37,0.6,28,0.1,29,7.3,30,51.2,31,38.4,32,3.0,100.0,0.0,heating,0.31,0,v23_probability_02_cdf_rounding
2026-10-06T01:55:34.149391+00:00,2026-10-06 10:00,2026-10-06 02:00Z,2026-10-06 09:55:30,32,32.09,0.6,30,0.4,31,15.9,32,59.0,33,23.8,34,0.9,100.0,0.0,heating,0.07,0,v23_probability_02_cdf_rounding
2026-10-06T02:55:34.150836+00:00,2026-10-06 11:00,2026-10-06 03:00Z,2026-10-06 10:55:30,33,32.88,0.6,31,1.1,32,25.2,33,58.6,34,14.8,35,0.3,100.0,0.0,heating,0.05,0,v23_probability_02_cdf_rounding
2026-10-06T03:55:34.150871+00:00,2026-10-06 12:00,2026-10-06 04:00Z,2026-10-06 11:55:30,33,32.68,0.6,31,2.5,32,35.7,33,53.2,34,8.5,35,0.1,100.0,0.0,stable,-0.01,0,v23_probability_02_cdf_rounding
2026-10-06T04:55:34.150208+00:00,2026-10-06 13:00,2026-10-06 05:00Z,2026-10-06 12:55:30,34,34.16,0.6,32,0.3,33,13.3,34,57.9,35,27.2,36,1.3,100.0,0.0,heating,0.12,0,v23_probability_02_cdf_rounding
2026-10-06T05:55:34.150720+00:00,2026-10-06 14:00,2026-10-06 06:00Z,2026-10-06 13:55:30,33,32.94,0.6,31,0.8,32,22.4,33,59.3,34,17.0,35,0.5,100.0,0.0,convective,-0.0,0,v23_probability_02_cdf_rounding
2026-10-06T06:55:34.150031+00:00,2026-10-06 15:00,2026-10-06 07:00Z,2026-10-06 14:55:30,29,29.1,0.6,27,0.4,28,15.5,29,58.9,30,24.2,31,1.0,100.0,0.0,cooling,0.28,0,v23_probability_02_cdf_rounding
2026-10-06T07:55:34.150409+00:00,2026-10-06 16:00,2026-10-06 08:00Z,2026-10-06 15:55:30,30,29.55,0.6,28,4.0,29,42.7,30,47.6,31,5.6,32,0.1,100.0,0.0,stable,0.12,1,v23_probability_02_cdf_rounding
2026-10-06T08:55:34.149295+00:00,2026-10-06 17:00,2026-10-06 09:00Z,2026-10-06 16:55:30,30,30.19,0.6,28,0.2,29,12.3,30,57.2,31,28.8,32,1.5,100.0,0.0,stable,0.65,0,v23_probability_02_cdf_rounding
2026-10-06T09:55:34.149857+00:00,2026-10-06 18:00,2026-10-06 10:00Z,2026-10-06 17:55:30,30,29.97,0.6,28,0.7,29,21.0,30,59.4,31,18.4,32,0.5,100.0,0.0,stable,0.73,0,v23_probability_02_cdf_rounding
2026-10-06T10:55:34.149148+00:00,2026-10-06 19:00,2026-10-06 11:00Z,2026-10-06 18:55:30,30,29.71,0.6,28,2.2,29,34.1,30,54.3,31,9.3,32,0.1,100.0,0.0,stable,0.79,0,v23_probability_02_cdf_rounding
2026-10-06T11:55:34.152727+00:00,2026-10-06 20:00,2026-10-06 12:00Z,2026-10-06 19:55:30,29,29.44,0.6,27,0.1,28,5.8,29,48.1,30,42.1,31,3.9,100.0,0.0,stable,0.8,0,v23_probability_02_cdf_rounding
2026-10-06T12:55:34.149986+00:00,2026-10-06 21:00,2026-10-06 13:00Z,2026-10-06 20:55:30,29,29.29,0.6,27,0.1,28,9.3,29,54.3,30,34.1,31,2.2,100.0,0.0,stable,0.9,0,v23_probability_02_cdf_rounding
2026-10-06T13:55:34.149703+00:00,2026-10-06 22:00,2026-10-06 14:00Z,2026-10-06 21:55:30,28,28.19,0.6,26,0.2,27,12.3,28,57.2,29,28.8,30,1.5,100.0,0.0,stable,0.89,0,v23_probability_02_cdf_rounding
2026-10-06T14:55:34.151581+00:00,2026-10-06 23:00,2026-10-06 15:00Z,2026-10-06 22:55:30,28,27.84,0.6,26,1.3,27,27.2,28,57.9,29,13.3,30,0.3,100.0,0.0,stable,0.81,0,v23_probability_02_cdf_rounding
2026-10-06T15:55:34.150415+00:00,2026-10-07 00:00,2026-10-06 16:00Z,2026-10-06 23:55:30,27,26.61,0.6,25,3.2,26,39.5,27,50.4,28,6.8,29,0.1,100.0,0.0,stable,0.1,0,v23_probability_02_cdf_rounding
2026-10-06T16:55:34.150766+00:00,2026-10-07 01:00,2026-10-06 17:00Z,2026-10-07 00:55:30,26,26.39,0.6,24,0.1,25,6.8,26,50.4,27,39.5,28,3.2,100.0,0.0,stable,0.09,0,v23_probability_02_cdf_rounding
2026-10-06T18:55:34.150717+00:00,2026-10-07 03:00,2026-10-06 19:00Z,2026-10-07 02:55:30,26,26.42,0.6,24,0.1,25,6.2,26,49.0,27,41.1,28,3.6,100.0,0.0,stable,0.15,0,v23_probability_02_cdf_rounding
2026-10-06T19:55:34.150386+00:00,2026-10-07 04:00,2026-10-06 20:00Z,2026-10-07 03:55:30,26,26.25,0.6,24,0.2,25,10.4,26,55.6,27,31.9,28,1.9,100.0,0.0,stable,0.23,0,v23_probability_02_cdf_rounding
2026-10-06T20:55:34.150039+00:00,2026-10-07 05:00,2026-10-06 21:00Z,2026-10-07 04:55:30,26,26.09,0.6,24,0.4,25,15.9,26,59.0,27,23.8,28,0.9,100.0,0.0,stable,0.43,0,v23_probability_02_cdf_rounding
2026-10-06T21:55:34.150129+00:00,2026-10-07 06:00,2026-10-06 22:00Z,2026-10-07 05:55:30,26,26.26,0.6,24,0.2,25,10.1,26,55.2,27,32.6,28,1.9,100.0,0.0,stable,0.78,0,v23_probability_02_cdf_rounding
2026-10-06T22:55:34.150099+00:00,2026-10-07 07:00,2026-10-06 23:00Z,2026-10-07 06:55:30,27,26.96,0.6,25,0.7,26,21.5,27,59.4,28,17.9,29,0.5,100.0,0.0,stable,0.84,0,v23_probability_02_cdf_rounding
2026-10-06T23:55:34.151032+00:00,2026-10-07 08:00,2026-10-07 00:00Z,2026-10-07 07:55:30,30,30.17,0.6,28,0.3,29,12.9,30,57.7,31,27.8,32,1.3,100.0,0.0,stable,0.9,0,v23_probability_02_cdf_rounding
2026-10-07T00:55:34.150066+00:00,2026-10-07 09:00,2026-10-07 01:00Z,2026-10-07 08:55:30,32,31.56,0.6,30,3.9,31,42.1,32,48.1,33,5.8,34,0.1,100.0,0.0,heating,0.52,0,v23_probability_02_cdf_rounding
2026-10-07T01:55:34.150259+00:00,2026-10-07 10:00,2026-10-07 02:00Z,2026-10-07 09:55:30,33,32.95,0.6,31,0.8,32,21.9,33,59.3,34,17.5,35,0.5,100.0,0.0,stable,0.73,0,v23_probability_02_cdf_rounding
2026-10-07T02:55:34.151251+00:00,2026-10-07 11:00,2026-10-07 03:00Z,2026-10-07 10:55:30,33,32.79,0.6,31,1.6,32,29.8,33,56.8,34,11.6,35,0.2,100.0,0.0,stable,0.1,1,v23_probability_02_cdf_rounding
2026-10-07T03:55:34.153575+00:00,2026-10-07 12:00,2026-10-07 04:00Z,2026-10-07 11:55:30,33,32.64,0.6,31,2.9,32,37.9,33,51.6,34,7.5,35,0.1,100.0,0.0,outflow,0.07,0,v23_probability_02_cdf_rounding
2026-10-07T04:55:34.167366+00:00,2026-10-07 13:00,2026-10-07 05:00Z,2026-10-07 12:55:30,31,30.86,0.6,29,1.2,30,26.2,31,58.3,32,14.0,33,0.3,100.0,0.0,heating,-0.04,1,v23_probability_02_cdf_rounding
2026-10-07T05:55:34.154165+00:00,2026-10-07 14:00,2026-10-07 06:00Z,2026-10-07 13:55:30,33,32.75,0.6,31,1.9,32,31.9,33,55.6,34,10.4,35,0.2,100.0,-0.0,heating,0.02,1,v23_probability_02_cdf_rounding
2026-10-07T06:55:34.148735+00:00,2026-10-07 15:00,2026-10-07 07:00Z,2026-10-07 14:55:30,33,33.05,0.6,31,0.5,32,17.5,33,59.3,34,21.9,35,0.8,100.0,0.0,stable,-0.06,0,v23_probability_02_cdf_rounding
2026-10-07T07:55:34.152832+00:00,2026-10-07 16:00,2026-10-07 08:00Z,2026-10-07 15:55:30,33,33.14,0.6,31,0.3,32,14.0,33,58.3,34,26.2,35,1.2,100.0,0.0,stable,-0.04,1,v23_probability_02_cdf_rounding
2026-10-07T08:55:34.149006+00:00,2026-10-07 17:00,2026-10-07 09:00Z,2026-10-07 16:55:30,32,32.46,0.6,30,0.1,31,5.4,32,47.2,33,43.1,34,4.2,100.0,-0.0,stable,-0.06,0,v23_probability_02_cdf_rounding
2026-10-07T09:55:34.150515+00:00,2026-10-07 18:00,2026-10-07 10:00Z,2026-10-07 17:55:30,30,30.38,0.6,28,0.1,29,7.0,30,50.8,31,39.0,32,3.1,100.0,0.0,stable,0.12,0,v23_probability_02_cdf_rounding
2026-10-07T10:55:34.149668+00:00,2026-10-07 19:00,2026-10-07 11:00Z,2026-10-07 18:55:30,30,29.72,0.6,28,2.1,29,33.6,30,54.6,31,9.5,32,0.2,100.0,-0.0,stable,0.22,0,v23_probability_02_cdf_rounding
2026-10-07T11:55:34.149873+00:00,2026-10-07 20:00,2026-10-07 12:00Z,2026-10-07 19:55:30,30,29.92,0.6,28,0.9,29,23.3,30,59.1,31,16.3,32,0.4,100.0,0.0,stable,0.41,0,v23_probability_02_cdf_rounding
2026-10-07T12:55:34.150204+00:00,2026-10-07 21:00,2026-10-07 13:00Z,2026-10-07 20:55:30,30,29.65,0.6,28,2.8,29,37.3,30,52.1,31,7.7,32,0.1,100.0,0.0,stable,0.43,0,v23_probability_02_cdf_rounding
2026-10-07T13:55:34.151251+00:00,2026-10-07 22:00,2026-10-07 14:00Z,2026-10-07 21:55:30,30,29.5,0.6,28,4.8,29,45.2,30,45.2,31,4.8,32,0.0,100.0,0.0,stable,0.66,0,v23_probability_02_cdf_rounding
2026-10-07T14:55:34.149883+00:00,2026-10-07 23:00,2026-10-07 15:00Z,2026-10-07 22:55:30,29,29.1,0.6,27,0.4,28,15.5,29,58.9,30,24.2,31,1.0,100.0,0.0,stable,0.73,0,v23_probability_02_cdf_rounding
2026-10-07T15:55:34.152627+00:00,2026-10-08 00:00,2026-10-07 16:00Z,2026-10-07 23:55:30,29,29.08,0.6,27,0.4,28,16.3,29,59.1,30,23.3,31,0.9,100.0,0.0,stable,0.9,0,v23_probability_02_cdf_rounding
2026-10-07T16:55:34.149261+00:00,2026-10-08 01:00,2026-10-07 17:00Z,2026-10-08 00:55:30,29,28.94,0.6,27,0.8,28,22.4,29,59.3,30,17.0,31,0.5,100.0,0.0,stable,0.9,0,v23_probability_02_cdf_rounding
2026-10-07T17:55:34.151413+00:00,2026-10-08 02:00,2026-10-07 18:00Z,2026-10-08 01:55:30,28,28.36,0.6,26,0.1,27,7.5,28,51.6,29,37.9,30,2.9,100.0,0.0,stable,0.71,0,v23_probability_02_cdf_rounding
2026-10-07T18:55:34.149547+00:00,2026-10-08 03:00,2026-10-07 19:00Z,2026-10-08 02:55:30,28,27.62,0.6,26,3.1,27,39.0,28,50.8,29,7.0,30,0.1,100.0,0.0,stable,0.49,0,v23_probability_02_cdf_rounding
2026-10-07T19:55:34.150128+00:00,2026-10-08 04:00,2026-10-07 20:00Z,2026-10-08 03:55:30,27,27.1,0.6,25,0.4,26,15.5,27,58.9,28,24.2,29,1.0,100.0,0.0,stable,0.35,0,v23_probability_02_cdf_rounding
2026-10-07T20:55:34.151133+00:00,2026-10-08 05:00,2026-10-07 21:00Z,2026-10-08 04:55:30,27,27.04,0.6,25,0.5,26,17.9,27,59.4,28,21.5,29,0.7,100.0,0.0,stable,0.65,0,v23_probability_02_cdf_rounding
2026-10-07T21:55:34.150856+00:00,2026-10-08 06:00,2026-10-07 22:00Z,2026-10-08 05:55:30,27,27.03,0.6,25,0.5,26,18.4,27,59.4,28,21.0,29,0.7,100.0,0.0,stable,0.9,0,v23_probability_02_cdf_rounding
2026-10-07T22:55:34.150408+00:00,2026-10-08 07:00,2026-10-07 23:00Z,2026-10-08 06:55:30,28,27.91,0.6,26,0.9,27,23.8,28,59.0,29,15.9,30,0.4,100.0,-0.0,stable,0.9,0,v23_probability_02_cdf_rounding
2026-10-07T23:55:34.152056+00:00,2026-10-08 08:00,2026-10-08 00:00Z,2026-10-08 07:55:30,30,29.64,0.6,28,2.9,29,37.9,30,51.6,31,7.5,32,0.1,100.0,0.0,stable,0.9,0,v23_probability_02_cdf_rounding
2026-10-08T00:55:34.149533+00:00,2026-10-08 09:00,2026-10-08 01:00Z,2026-10-08 08:55:30,29,28.8,0.6,27,1.5,28,29.4,29,56.9,30,12.0,31,0.2,100.0,0.0,stable,0.22,0,v23_probability_02_cdf_rounding
2026-10-08T01:55:34.150291+00:00,2026-10-08 10:00,2026-10-08 02:00Z,2026-10-08 09:55:30,29,28.64,0.6,27,2.9,28,37.9,29,51.6,30,7.5,31,0.1,100.0,0.0,stable,0.15,0,v23_probability_02_cdf_rounding
2026-10-08T02:55:34.153865+00:00,2026-10-08 11:00,2026-10-08 03:00Z,2026-10-08 10:55:30,30,29.76,0.6,28,1.8,29,31.4,30,55.9,31,10.7,32,0.2,100.0,0.0,heating,0.07,0,v23_probability_02_cdf_rounding
2026-10-08T03:55:34.150265+00:00,2026-10-08 12:00,2026-10-08 04:00Z,2026-10-08 11:55:30,28,28.35,0.6,26,0.1,27,7.7,28,52.1,29,37.3,30,2.8,100.0,0.0,convective,0.14,0,v23_probability_02_cdf_rounding
2026-10-08T04:55:34.153291+00:00,2026-10-08 13:00,2026-10-08 05:00Z,2026-10-08 12:55:30,30,29.78,0.6,28,1.6,29,30.4,30,56.5,31,11.3,32,0.2,100.0,0.0,heating,0.07,1,v23_probability_02_cdf_rounding
2026-10-08T05:55:34.150285+00:00,2026-10-08 14:00,2026-10-08 06:00Z,2026-10-08 13:55:30,30,30.25,0.6,28,0.2,29,10.4,30,55.6,31,31.9,32,1.9,100.0,0.0,stable,0.07,1,v23_probability_02_cdf_rounding
2026-10-08T06:55:34.154110+00:00,2026-10-08 15:00,2026-10-08 07:00Z,2026-10-08 14:55:30,30,30.06,0.6,28,0.5,29,17.0,30,59.3,31,22.4,32,0.8,100.0,0.0,cooling,0.25,0,v23_probability_02_cdf_rounding
2026-10-08T07:55:34.150379+00:00,2026-10-08 16:00,2026-10-08 08:00Z,2026-10-08 15:55:30,29,28.72,0.6,27,2.1,28,33.6,29,54.6,30,9.5,31,0.2,100.0,-0.0,stable,0.33,0,v23_probability_02_cdf_rounding
2026-10-08T08:55:34.149966+00:00,2026-10-08 17:00,2026-10-08 09:00Z,2026-10-08 16:55:30,29,28.65,0.6,27,2.8,28,37.3,29,52.1,30,7.7,31,0.1,100.0,0.0,stable,0.33,0,v23_probability_02_cdf_rounding
2026-10-08T10:55:34.150675+00:00,2026-10-08 19:00,2026-10-08 11:00Z,2026-10-08 18:55:30,28,28.26,0.6,26,0.2,27,10.1,28,55.2,29,32.6,30,1.9,100.0,0.0,stable,0.74,0,v23_probability_02_cdf_rounding
2026-10-08T12:55:34.154504+00:00,2026-10-08 21:00,2026-10-08 13:00Z,2026-10-08 20:55:30,28,27.65,0.6,26,2.8,27,37.3,28,52.1,29,7.7,30,0.1,100.0,0.0,stable,0.56,0,v23_probability_02_cdf_rounding
2026-10-08T13:55:34.150339+00:00,2026-10-08 22:00,2026-10-08 14:00Z,2026-10-08 21:55:30,27,27.35,0.6,25,0.1,26,7.7,27,52.1,28,37.3,29,2.8,100.0,0.0,stable,0.34,0,v23_probability_02_cdf_rounding
2026-10-08T14:55:34.150587+00:00,2026-10-08 23:00,2026-10-08 15:00Z,2026-10-08 22:55:30,27,27.34,0.6,25,0.1,26,8.0,27,52.4,28,36.8,29,2.7,100.0,0.0,stable,0.43,0,v23_probability_02_cdf_rounding
2026-10-08T16:55:34.150326+00:00,2026-10-09 01:00,2026-10-08 17:00Z,2026-10-09 00:55:30,27,27.0,0.6,25,0.6,26,19.6,27,59.6,28,19.6,29,0.6,100.0,0.0,stable,0.8,0,v23_probability_02_cdf_rounding
2026-10-08T18:55:34.149926+00:00,2026-10-09 03:00,2026-10-08 19:00Z,2026-10-09 02:55:30,27,26.76,0.6,25,1.8,26,31.4,27,55.9,28,10.7,29,0.2,100.0,0.0,stable,0.62,0,v23_probability_02_cdf_rounding
2026-10-08T19:55:34.150178+00:00,2026-10-09 04:00,2026-10-08 20:00Z,2026-10-09 03:55:30,26,26.24,0.6,24,0.2,25,10.7,26,55.9,27,31.4,28,1.8,100.0,0.0,stable,0.36,0,v23_probability_02_cdf_rounding
2026-10-08T21:55:34.148917+00:00,2026-10-09 06:00,2026-10-08 22:00Z,2026-10-09 05:55:30,26,25.99,0.6,24,0.7,25,20.0,26,59.5,27,19.2,28,0.6,100.0,0.0,stable,0.56,0,v23_probability_02_cdf_rounding
2026-10-08T22:55:34.151045+00:00,2026-10-09 07:00,2026-10-08 23:00Z,2026-10-09 06:55:30,27,27.02,0.6,25,0.6,26,18.7,27,59.5,28,20.5,29,0.7,100.0,0.0,stable,0.9,0,v23_probability_02_cdf_rounding
2026-10-08T23:55:34.150066+00:00,2026-10-09 08:00,2026-10-09 00:00Z,2026-10-09 07:55:30,29,28.69,0.6,27,2.4,28,35.2,29,53.5,30,8.8,31,0.1,100.0,0.0,heating,0.28,0,v23_probability_02_cdf_rounding
2026-10-09T00:55:34.150185+00:00,2026-10-09 09:00,2026-10-09 01:00Z,2026-10-09 08:55:30,30,29.98,0.6,28,0.7,29,20.5,30,59.5,31,18.7,32,0.6,100.0,0.0,stable,0.19,0,v23_probability_02_cdf_rounding
2026-10-09T01:55:34.149438+00:00,2026-10-09 10:00,2026-10-09 02:00Z,2026-10-09 09:55:30,30,30.07,0.6,28,0.4,29,16.7,30,59.2,31,22.8,32,0.9,100.0,0.0,stable,0.09,0,v23_probability_02_cdf_rounding
2026-10-09T02:55:34.150531+00:00,2026-10-09 11:00,2026-10-09 03:00Z,2026-10-09 10:55:30,32,31.67,0.6,30,2.6,31,36.2,32,52.9,33,8.2,34,0.1,100.0,0.0,convective,0.02,0,v23_probability_02_cdf_rounding
2026-10-09T03:55:34.150152+00:00,2026-10-09 12:00,2026-10-09 04:00Z,2026-10-09 11:55:30,31,30.93,0.6,29,0.9,30,22.8,31,59.2,32,16.7,33,0.4,100.0,-0.0,stable,-0.4,0,v23_probability_02_cdf_rounding
2026-10-09T04:55:34.150083+00:00,2026-10-09 13:00,2026-10-09 05:00Z,2026-10-09 12:55:30,33,33.3,0.6,31,0.1,32,9.0,33,54.0,34,34.6,35,2.3,100.0,0.0,rapid_heating,-0.13,0,v23_probability_02_cdf_rounding
2026-10-09T05:55:34.149903+00:00,2026-10-09 14:00,2026-10-09 06:00Z,2026-10-09 13:55:30,32,31.92,0.6,30,0.9,31,23.3,32,59.1,33,16.3,34,0.4,100.0,0.0,convective,-0.43,0,v23_probability_02_cdf_rounding
2026-10-09T06:55:34.149941+00:00,2026-10-09 15:00,2026-10-09 07:00Z,2026-10-09 14:55:30,32,31.77,0.6,30,1.7,31,30.9,32,56.2,33,11.0,34,0.2,100.0,-0.0,stable,-0.13,1,v23_probability_02_cdf_rounding
2026-10-09T07:55:34.152874+00:00,2026-10-09 16:00,2026-10-09 08:00Z,2026-10-09 15:55:30,32,32.18,0.6,30,0.3,31,12.6,32,57.4,33,28.3,34,1.4,100.0,0.0,cooling,-0.35,0,v23_probability_02_cdf_rounding
2026-10-09T08:55:34.154071+00:00,2026-10-09 17:00,2026-10-09 09:00Z,2026-10-09 16:55:30,32,31.95,0.6,30,0.8,31,21.9,32,59.3,33,17.5,34,0.5,100.0,0.0,stable,-0.25,0,v23_probability_02_cdf_rounding
2026-10-09T09:55:34.150572+00:00,2026-10-09 18:00,2026-10-09 10:00Z,2026-10-09 17:55:30,31,30.81,0.6,29,1.5,30,28.8,31,57.2,32,12.3,33,0.2,100.0,0.0,stable,-0.31,0,v23_probability_02_cdf_rounding
