logged_at_utc,logged_at_manila,target_manila,target_utc,frozen_manila,valid,v23_final,v23_estimated,v21_final,v21_estimated,v22_final,v22_estimated,airport_bias_raw,airport_bias_effective,post_outflow_recovery,weather_regime,convective_score,convective_risk,station_spread,network_change_5m,network_change_15m,wind_role,metar_interval_last,metar_interval_ewma,metar_age_minutes,synop_last,synop_ewma,synop_age_minutes,pagasa_last,pagasa_ewma,pagasa_age_minutes,last_confirmed_outflow,bias_formula_version,metar_signal,synop_signal,pagasa_signal,metar_decay,synop_decay,pagasa_decay,metar_weight,synop_weight,pagasa_weight,weight_sum,raw_fused_bias,regime_factor
2026-09-03T12:55:45Z,2026-09-03 20:55:45,2026-09-03 21:00,2026-09-03 13:00Z,2026-09-03 20:55:30,1,26,26.23,26.0,25.72,26,25.66,0.51,0.51,0,stable,2,low,0.7,0.0,0.0,crosswind,-3.0,-3.0,955.0,0.64,0.64,25.0,0.14,-0.0,297.9,2026-09-03 00:00:00,v23_bias_fusion_01
2026-09-03T13:55:45Z,2026-09-03 21:55:45,2026-09-03 22:00,2026-09-03 14:00Z,2026-09-03 21:55:30,1,26,26.13,26.0,25.75,26,25.87,0.38,0.38,0,stable,0,none,0.75,0.0,0.03,calm,0.0,0.0,47.2,0.64,0.64,85.0,0.14,-0.0,357.9,2026-09-03 00:00:00,v23_bias_fusion_01
2026-09-03T14:55:45Z,2026-09-03 22:55:45,2026-09-03 23:00,2026-09-03 15:00Z,2026-09-03 22:55:30,1,26,25.87,26.0,25.5,26,25.61,0.37,0.37,0,stable,0,none,0.73,0.0,0.01,calm,0.0,0.0,47.2,0.64,0.64,145.0,0.14,-0.0,417.9,2026-09-03 00:00:00,v23_bias_fusion_01
2026-09-03T15:55:45Z,2026-09-03 23:55:45,2026-09-04 00:00,2026-09-03 16:00Z,2026-09-03 23:55:30,1,26,25.93,26.0,25.52,26,25.81,0.41,0.41,0,stable,0,none,0.63,0.0,0.04,calm,0.0,0.0,47.2,0.6,0.63,11.4,0.14,-0.0,477.9,2026-09-03 00:00:00,v23_bias_fusion_01
2026-09-03T16:55:45Z,2026-09-04 00:55:45,2026-09-04 01:00,2026-09-03 17:00Z,2026-09-04 00:55:30,1,26,26.14,26.0,25.73,26,26.01,0.41,0.41,0,stable,2,low,0.75,0.0,0.06,crosswind,0.0,0.0,47.2,0.6,0.63,71.4,0.14,-0.0,537.9,2026-09-03 00:00:00,v23_bias_fusion_01
2026-09-03T17:55:45Z,2026-09-04 01:55:45,2026-09-04 02:00,2026-09-03 18:00Z,2026-09-04 01:55:30,1,26,25.55,25.0,25.2,25,25.32,0.35,0.35,0,stable,2,low,0.99,0.0,-0.04,crosswind,0.0,0.0,47.2,0.6,0.63,131.4,0.14,-0.0,597.9,2026-09-03 00:00:00,v23_bias_fusion_01
2026-09-03T18:55:45Z,2026-09-04 02:55:45,2026-09-04 03:00,2026-09-03 19:00Z,2026-09-04 02:55:30,1,26,26.08,25.0,25.42,26,25.89,0.66,0.66,0,stable,0,none,0.72,0.0,-0.04,calm,0.3,0.09,47.2,0.9,0.72,11.4,0.14,-0.0,657.9,2026-09-03 00:00:00,v23_bias_fusion_01
2026-09-03T19:55:45Z,2026-09-04 03:55:45,2026-09-04 04:00,2026-09-03 20:00Z,2026-09-04 03:55:30,1,25,25.42,25.0,25.17,26,25.75,0.25,0.25,0,convective,3,moderate,1.01,0.0,0.31,upstream,0.08,0.09,47.1,0.9,0.72,71.4,0.14,-0.0,717.9,2026-09-03 00:00:00,v23_bias_fusion_01
2026-09-03T20:55:45Z,2026-09-04 04:55:45,2026-09-04 05:00,2026-09-03 21:00Z,2026-09-04 04:55:30,1,25,24.63,25.0,24.5,24,24.44,0.51,0.13,1,stable,2,low,0.67,0.0,0.18,crosswind,0.0,0.06,47.1,0.9,0.72,131.4,0.14,-0.0,777.9,2026-09-03 23:15:00,v23_bias_fusion_01
2026-09-03T21:55:45Z,2026-09-04 05:55:45,2026-09-04 06:00,2026-09-03 22:00Z,2026-09-04 05:55:30,1,26,26.32,25.0,25.49,26,26.37,0.83,0.83,0,stable,2,low,0.88,0.0,0.08,crosswind,1.0,0.34,47.1,0.9,0.72,191.4,0.14,-0.0,837.9,2026-09-03 23:15:00,v23_bias_fusion_01
2026-09-03T22:55:45Z,2026-09-04 06:55:45,2026-09-04 07:00,2026-09-03 23:00Z,2026-09-04 06:55:30,1,26,25.77,26.0,25.69,26,26.02,0.08,0.08,0,stable,0,none,0.75,0.0,0.08,crosswind,0.01,0.24,47.1,0.9,0.72,251.4,0.14,-0.0,897.9,2026-09-03 23:15:00,v23_bias_fusion_01
2026-09-03T23:55:45Z,2026-09-04 07:55:45,2026-09-04 08:00,2026-09-04 00:00Z,2026-09-04 07:55:30,1,27,26.9,26.0,26.21,27,26.98,0.69,0.69,0,stable,0,none,0.84,0.0,0.1,calm,0.81,0.41,47.0,0.9,0.72,311.4,0.14,-0.0,957.9,2026-09-03 23:15:00,v23_bias_fusion_01
2026-09-04T00:55:45Z,2026-09-04 08:55:45,2026-09-04 09:00,2026-09-04 01:00Z,2026-09-04 08:55:30,1,26,26.42,26.0,25.98,27,26.93,0.44,0.44,0,convective,4,moderate,1.25,-0.12,-0.42,upstream,1.29,0.67,45.5,0.9,0.72,371.4,0.14,-0.0,1017.9,2026-09-03 23:15:00,v23_bias_fusion_01
2026-09-04T01:55:45Z,2026-09-04 09:55:45,2026-09-04 10:00,2026-09-04 02:00Z,2026-09-04 09:55:30,1,28,28.44,28.0,28.35,28,28.44,0.09,0.09,0,heating,0,none,0.51,0.29,0.72,upstream,0.0,0.47,49.7,0.9,0.72,431.4,0.14,-0.0,1077.9,2026-09-03 23:15:00,v23_bias_fusion_01
2026-09-04T02:55:45Z,2026-09-04 10:55:45,2026-09-04 11:00,2026-09-04 03:00Z,2026-09-04 10:55:30,1,29,28.59,29.0,28.57,29,29.22,0.02,0.02,0,outflow,7,extreme,1.06,-0.72,-1.57,crosswind,0.15,0.37,52.4,0.9,0.72,491.4,0.15,0.05,-242.2,2026-09-04 05:55:00,v23_bias_fusion_01
2026-09-04T03:55:45Z,2026-09-04 11:55:45,2026-09-04 12:00,2026-09-04 04:00Z,2026-09-04 11:55:30,1,28,28.2,28.0,28.23,28,27.71,-0.03,-0.03,0,outflow,9,extreme,1.04,-1.21,-2.39,crosswind,-0.07,0.24,53.0,-1.07,0.09,20.5,0.15,0.05,-182.2,2026-09-04 06:55:00,v23_bias_fusion_01
2026-09-04T04:55:45Z,2026-09-04 12:55:45,2026-09-04 13:00,2026-09-04 05:00Z,2026-09-04 12:55:30,1,27,26.71,27.0,26.79,26,26.07,-0.32,-0.08,1,stable,1,low,0.62,0.18,0.21,upstream,-0.73,-0.05,50.3,-1.07,0.09,80.5,0.15,0.05,-122.2,2026-09-04 07:42:00,v23_bias_fusion_01
2026-09-04T05:55:45Z,2026-09-04 13:55:45,2026-09-04 14:00,2026-09-04 06:00Z,2026-09-04 13:55:30,1,28,28.2,28,28.24,28,28.32,-0.15,-0.04,1,stable,1,low,0.5,0.03,0.11,upstream,0.0,-0.03,51.7,-1.07,0.09,140.5,0.15,0.05,-62.2,2026-09-04 07:42:00,v23_bias_fusion_01
2026-09-04T06:55:45Z,2026-09-04 14:55:45,2026-09-04 15:00,2026-09-04 07:00Z,2026-09-04 14:55:30,1,28,27.96,28,27.97,28,27.74,-0.01,-0.01,0,convective,5,high,1.55,-0.08,-0.17,crosswind,0.0,-0.02,49.4,-1.07,0.09,200.5,0.15,0.05,-2.2,2026-09-04 07:42:00,v23_bias_fusion_01
2026-09-04T07:55:45Z,2026-09-04 15:55:45,2026-09-04 16:00,2026-09-04 08:00Z,2026-09-04 15:55:30,1,26,25.68,26,25.88,25,24.93,-0.2,-0.2,0,stable,2,low,0.97,0.0,0.04,crosswind,-1.47,-0.45,47.7,-1.07,0.09,260.5,0.15,0.05,57.8,2026-09-04 10:21:01,v23_bias_fusion_01
2026-09-04T08:55:45Z,2026-09-04 16:55:45,2026-09-04 17:00,2026-09-04 09:00Z,2026-09-04 16:55:30,1,26,26.45,26,26.22,27,26.85,0.23,0.23,0,stable,1,low,0.7,0.0,-0.04,calm,0.62,-0.13,52.7,-1.07,0.09,320.5,0.15,0.05,117.8,2026-09-04 10:21:01,v23_bias_fusion_01
2026-09-04T09:55:45Z,2026-09-04 17:55:45,2026-09-04 18:00,2026-09-04 10:00Z,2026-09-04 17:55:30,1,27,26.79,26,26.4,27,26.86,0.39,0.39,0,stable,0,none,0.77,0.0,0.06,calm,0.28,-0.01,22.7,0.78,0.33,29.5,0.15,0.05,177.8,2026-09-04 10:21:01,v23_bias_fusion_01
2026-09-04T10:55:45Z,2026-09-04 18:55:45,2026-09-04 19:00,2026-09-04 11:00Z,2026-09-04 18:55:30,1,27,26.77,26,26.34,27,26.7,0.43,0.43,0,stable,0,none,0.67,0.0,0.07,crosswind,0.1,0.02,52.7,0.78,0.33,89.5,0.15,0.05,237.8,2026-09-04 10:21:01,v23_bias_fusion_01
2026-09-04T11:55:45Z,2026-09-04 19:55:45,2026-09-04 20:00,2026-09-04 12:00Z,2026-09-04 19:55:30,1,26,25.82,25,25.44,26,25.83,0.38,0.38,0,stable,1,low,0.66,0.0,-0.18,upstream,0.16,0.06,22.7,0.78,0.33,149.5,0.15,0.05,297.8,2026-09-04 10:21:01,v23_bias_fusion_01
2026-09-04T12:55:45Z,2026-09-04 20:55:45,2026-09-04 21:00,2026-09-04 13:00Z,2026-09-04 20:55:30,1,26,25.74,25,25.36,26,25.7,0.38,0.38,0,stable,0,none,0.77,0.0,-0.02,crosswind,0.06,0.06,22.7,0.66,0.45,14.3,0.15,0.05,357.8,2026-09-04 10:21:01,v23_bias_fusion_01
2026-09-04T13:55:45Z,2026-09-04 21:55:45,2026-09-04 22:00,2026-09-04 14:00Z,2026-09-04 21:55:30,1,26,26.26,26,25.8,26,26.18,0.46,0.46,0,stable,0,none,0.57,0.0,0.12,calm,0.14,0.08,52.7,0.66,0.45,74.3,0.15,0.05,417.8,2026-09-04 10:21:01,v23_bias_fusion_01
2026-09-04T14:55:45Z,2026-09-04 22:55:45,2026-09-04 23:00,2026-09-04 15:00Z,2026-09-04 22:55:30,1,25,25.01,25,24.77,26,25.72,0.24,0.24,0,convective,4,moderate,2.16,0.0,-0.52,downstream,0.7,0.27,52.6,0.66,0.45,134.3,0.15,0.05,477.8,2026-09-04 17:55:00,v23_bias_fusion_01
2026-09-04T15:55:45Z,2026-09-04 23:55:45,2026-09-05 00:00,2026-09-04 16:00Z,2026-09-04 23:55:30,1,25,25.05,25,24.68,25,24.8,0.37,0.37,0,stable,1,low,1.22,0.0,-0.05,crosswind,0.0,0.19,22.6,0.53,0.48,29.3,0.15,0.05,537.8,2026-09-04 17:56:00,v23_bias_fusion_01
2026-09-04T16:55:45Z,2026-09-05 00:55:45,2026-09-05 01:00,2026-09-04 17:00Z,2026-09-05 00:55:30,1,25,25.49,25,25.06,25,25.21,0.43,0.43,0,stable,2,low,1.31,0.0,0.08,crosswind,0.0,0.19,82.6,0.53,0.48,89.3,0.15,0.05,597.8,2026-09-04 17:56:00,v23_bias_fusion_01
2026-09-04T17:55:45Z,2026-09-05 01:55:45,2026-09-05 02:00,2026-09-04 18:00Z,2026-09-05 01:55:30,1,25,25.42,25,24.95,26,25.5,0.47,0.47,0,stable,2,low,1.14,0.0,-0.05,calm,0.44,0.27,52.6,0.53,0.48,149.3,0.15,0.05,657.8,2026-09-04 17:56:00,v23_bias_fusion_01
2026-09-04T18:55:45Z,2026-09-05 02:55:45,2026-09-05 03:00,2026-09-04 19:00Z,2026-09-05 02:55:30,1,25,25.23,25,24.9,25,24.94,0.33,0.33,0,stable,1,low,0.93,0.0,-0.01,calm,0.0,0.19,22.5,0.45,0.47,14.2,0.15,0.05,717.8,2026-09-04 17:56:00,v23_bias_fusion_01
2026-09-04T19:55:45Z,2026-09-05 03:55:45,2026-09-05 04:00,2026-09-04 20:00Z,2026-09-05 03:55:30,1,25,25.14,25,24.82,25,24.87,0.32,0.32,0,stable,0,none,0.82,0.0,0.02,crosswind,0.0,0.13,52.5,0.45,0.47,74.2,0.15,0.05,777.8,2026-09-04 17:56:00,v23_bias_fusion_01
2026-09-04T20:55:45Z,2026-09-05 04:55:45,2026-09-05 05:00,2026-09-04 21:00Z,2026-09-05 04:55:30,1,25,25.29,25,25.16,25,25.34,0.13,0.13,0,convective,3,moderate,0.7,0.0,0.1,crosswind,0.0,0.13,112.5,0.45,0.47,134.2,0.15,0.05,837.8,2026-09-04 17:56:00,v23_bias_fusion_01
2026-09-04T21:55:45Z,2026-09-05 05:55:45,2026-09-05 06:00,2026-09-04 22:00Z,2026-09-05 05:55:30,1,25,24.84,25,24.57,25,24.51,0.27,0.27,0,stable,2,low,0.78,0.0,-0.08,upstream,0.0,0.13,172.5,0.24,0.39,14.2,0.15,0.05,897.8,2026-09-04 17:56:00,v23_bias_fusion_01
2026-09-04T22:55:45Z,2026-09-05 06:55:45,2026-09-05 07:00,2026-09-04 23:00Z,2026-09-05 06:55:30,1,25,24.85,25,24.66,25,24.84,0.19,0.19,0,stable,1,low,0.73,0.0,0.04,upstream,0.0,0.09,52.3,0.24,0.39,74.2,0.15,0.05,957.8,2026-09-04 17:56:00,v23_bias_fusion_01
2026-09-04T23:55:45Z,2026-09-05 07:55:45,2026-09-05 08:00,2026-09-05 00:00Z,2026-09-05 07:55:30,1,26,25.6,25,25.44,26,25.59,0.16,0.16,0,stable,0,none,0.76,0.0,0.11,upstream,0.0,0.06,52.3,0.24,0.39,134.2,0.15,0.05,1017.8,2026-09-04 17:56:00,v23_bias_fusion_01
2026-09-05T00:55:45Z,2026-09-05 08:55:45,2026-09-05 09:00,2026-09-05 01:00Z,2026-09-05 08:55:30,1,27,26.58,26,25.96,26,26.29,0.62,0.62,0,stable,0,none,0.57,0.11,0.23,crosswind,0.06,0.06,52.6,0.96,0.59,14.2,0.15,0.05,1077.8,2026-09-04 17:56:00,v23_bias_fusion_01
2026-09-05T01:55:45Z,2026-09-05 09:55:45,2026-09-05 10:00,2026-09-05 02:00Z,2026-09-05 09:55:30,1,29,29.06,28,28.41,29,29.36,0.65,0.65,0,heating,1,low,0.15,0.17,0.51,upstream,1.54,0.5,49.7,0.96,0.59,74.2,0.15,0.05,1137.8,2026-09-04 17:56:00,v23_bias_fusion_01
2026-09-05T02:55:45Z,2026-09-05 10:55:45,2026-09-05 11:00,2026-09-05 03:00Z,2026-09-05 10:55:30,1,28,27.56,27,27.39,28,28.01,0.17,0.17,0,convective,4,moderate,1.11,-0.62,-1.34,crosswind,0.09,0.38,54.0,0.96,0.59,134.3,0.29,0.13,58.2,2026-09-05 05:53:00,v23_bias_fusion_01,0.177,0.886,0.266,1.0,0.65,1.0,0.35,0.4875,1.0,1.8375,0.414,0.4
2026-09-05T03:55:45Z,2026-09-05 11:55:45,2026-09-05 12:00,2026-09-05 04:00Z,2026-09-05 11:55:30,1,27,26.87,27,26.9,27,26.74,-0.12,-0.03,1,stable,1,low,0.55,0.05,-0.05,crosswind,0.0,0.27,45.3,-0.69,0.14,28.9,0.29,0.13,118.1,2026-09-05 05:53:00,v23_bias_fusion_01,0.081,-0.524,0.266,1.0,1.0,0.6,0.35,0.75,0.6,1.7,-0.121,1.0
2026-09-05T04:55:45Z,2026-09-05 12:55:45,2026-09-05 13:00,2026-09-05 05:00Z,2026-09-05 12:55:30,1,27,27.35,27,27.43,28,27.53,-0.08,-0.08,0,heating,1,low,0.37,0.28,0.6,crosswind,0.0,0.19,47.6,-0.69,0.14,88.9,0.29,0.13,178.1,2026-09-05 05:53:00,v23_bias_fusion_01,0.057,-0.524,0.266,1.0,1.0,0.6,0.35,0.75,0.6,1.7,-0.126,0.65
2026-09-05T05:55:45Z,2026-09-05 13:55:45,2026-09-05 14:00,2026-09-05 06:00Z,2026-09-05 13:55:30,1,27,27.05,27,27.19,28,27.52,-0.14,-0.14,0,stable,1,low,0.68,-0.04,-0.19,crosswind,0.07,0.15,50.9,-0.69,0.14,148.9,0.29,0.13,238.1,2026-09-05 05:53:00,v23_bias_fusion_01,0.094,-0.524,0.266,1.0,0.65,0.25,0.35,0.4875,0.25,1.0875,-0.143,1.0
2026-09-05T06:55:45Z,2026-09-05 14:55:45,2026-09-05 15:00,2026-09-05 07:00Z,2026-09-05 14:55:30,1,27,26.88,27,26.81,27,26.74,0.07,0.07,0,stable,1,low,0.71,-0.03,-0.04,crosswind,0.0,0.1,47.7,0.01,0.09,13.9,0.29,0.13,298.1,2026-09-05 05:53:00,v23_bias_fusion_01,0.03,0.026,0.266,1.0,1.0,0.25,0.35,0.75,0.25,1.35,0.071,1.0
2026-09-05T07:55:45Z,2026-09-05 15:55:45,2026-09-05 16:00,2026-09-05 08:00Z,2026-09-05 15:55:30,1,27,27.06,27,26.99,27,27.07,0.07,0.07,0,stable,0,none,0.77,-0.01,-0.03,crosswind,0.0,0.07,52.5,0.01,0.09,73.9,0.29,0.13,358.1,2026-09-05 05:53:00,v23_bias_fusion_01,0.021,0.026,0.266,1.0,1.0,0.25,0.35,0.75,0.25,1.35,0.069,1.0
2026-09-05T08:55:45Z,2026-09-05 16:55:45,2026-09-05 17:00,2026-09-05 09:00Z,2026-09-05 16:55:30,1,25,24.96,25,24.88,26,25.83,0.08,0.08,0,convective,3,moderate,0.41,0.0,0.02,crosswind,0.51,0.2,50.2,0.01,0.09,133.9,0.29,0.13,418.1,2026-09-05 11:30:00,v23_bias_fusion_01,0.417,0.026,0.266,1.0,0.65,0.0,0.35,0.4875,0.0,0.8375,0.189,0.4
2026-09-05T09:55:45Z,2026-09-05 17:55:45,2026-09-05 18:00,2026-09-05 10:00Z,2026-09-05 17:55:30,1,26,25.68,25,25.13,26,25.79,0.55,0.55,0,stable,0,none,0.47,0.0,0.06,upstream,0.62,0.33,50.0,0.62,0.28,28.9,0.29,0.13,478.1,2026-09-05 11:30:00,v23_bias_fusion_01,0.533,0.552,0.266,1.0,1.0,0.0,0.35,0.75,0.0,1.1,0.546,1.0
2026-09-05T10:55:45Z,2026-09-05 18:55:45,2026-09-05 19:00,2026-09-05 11:00Z,2026-09-05 18:55:30,1,26,25.87,25,25.38,26,25.9,0.49,0.49,0,stable,0,none,0.67,0.0,-0.04,upstream,0.37,0.34,50.0,0.62,0.28,88.9,0.29,0.13,538.1,2026-09-05 11:30:00,v23_bias_fusion_01,0.361,0.552,0.266,1.0,1.0,0.0,0.35,0.75,0.0,1.1,0.491,1.0
2026-09-05T11:55:45Z,2026-09-05 19:55:45,2026-09-05 20:00,2026-09-05 12:00Z,2026-09-05 19:55:30,1,25,25.44,25,25.05,25,25.43,0.39,0.39,0,stable,0,none,0.67,0.0,-0.03,upstream,0.12,0.27,50.0,0.62,0.28,148.9,0.29,0.13,598.1,2026-09-05 11:30:00,v23_bias_fusion_01,0.165,0.552,0.266,1.0,0.65,0.0,0.35,0.4875,0.0,0.8375,0.39,1.0
2026-09-05T12:55:45Z,2026-09-05 20:55:45,2026-09-05 21:00,2026-09-05 13:00Z,2026-09-05 20:55:30,1,26,25.5,25,24.9,25,25.46,0.6,0.6,0,stable,0,none,0.87,0.0,0.07,calm,0.45,0.32,20.0,0.75,0.44,28.6,0.29,0.13,658.1,2026-09-05 11:30:00,v23_bias_fusion_01,0.411,0.688,0.266,1.0,1.0,0.0,0.35,0.75,0.0,1.1,0.6,1.0
2026-09-05T13:55:45Z,2026-09-05 21:55:45,2026-09-05 22:00,2026-09-05 14:00Z,2026-09-05 21:55:30,1,26,25.72,25,25.08,26,25.73,0.64,0.64,0,stable,0,none,0.77,0.0,-0.01,calm,0.6,0.4,50.0,0.75,0.44,88.6,0.29,0.13,718.1,2026-09-05 11:30:00,v23_bias_fusion_01,0.54,0.688,0.266,1.0,1.0,0.0,0.35,0.75,0.0,1.1,0.641,1.0
2026-09-05T14:55:45Z,2026-09-05 22:55:45,2026-09-05 23:00,2026-09-05 15:00Z,2026-09-05 22:55:30,1,26,25.81,25,25.24,26,25.79,0.57,0.57,0,stable,0,none,0.7,0.0,-0.02,calm,0.42,0.41,50.0,0.75,0.44,148.6,0.29,0.13,778.1,2026-09-05 11:30:00,v23_bias_fusion_01,0.417,0.688,0.266,1.0,0.65,0.0,0.35,0.4875,0.0,0.8375,0.575,1.0
2026-09-05T15:55:45Z,2026-09-05 23:55:45,2026-09-06 00:00,2026-09-05 16:00Z,2026-09-05 23:55:30,1,26,25.74,25,25.22,26,25.68,0.52,0.52,0,stable,0,none,0.85,0.0,0.02,calm,0.26,0.37,20.0,0.66,0.52,28.5,0.29,0.13,838.1,2026-09-05 11:30:00,v23_bias_fusion_01,0.293,0.632,0.266,1.0,1.0,0.0,0.35,0.75,0.0,1.1,0.524,1.0
2026-09-05T16:55:45Z,2026-09-06 00:55:45,2026-09-06 01:00,2026-09-05 17:00Z,2026-09-06 00:55:30,1,26,25.8,25,25.27,26,25.74,0.53,0.53,0,stable,0,none,0.91,0.0,0.0,calm,0.28,0.34,50.0,0.66,0.52,88.5,0.29,0.13,898.1,2026-09-05 11:30:00,v23_bias_fusion_01,0.298,0.632,0.266,1.0,1.0,0.0,0.35,0.75,0.0,1.1,0.526,1.0
2026-09-05T17:55:45Z,2026-09-06 01:55:45,2026-09-06 02:00,2026-09-05 18:00Z,2026-09-06 01:55:30,1,26,25.7,25,25.23,26,25.67,0.47,0.47,0,stable,1,low,0.75,0.0,-0.04,calm,0.23,0.31,50.0,0.66,0.52,148.5,0.29,0.13,958.1,2026-09-05 11:30:00,v23_bias_fusion_01,0.254,0.632,0.266,1.0,0.65,0.0,0.35,0.4875,0.0,0.8375,0.474,1.0
2026-09-05T18:55:45Z,2026-09-06 02:55:45,2026-09-06 03:00,2026-09-05 19:00Z,2026-09-06 02:55:30,1,26,25.54,25,25.25,26,25.71,0.29,0.29,0,stable,0,none,0.91,0.0,0.02,upstream,0.27,0.3,19.9,0.27,0.43,13.5,0.29,0.13,1018.1,2026-09-05 11:30:00,v23_bias_fusion_01,0.279,0.302,0.266,1.0,1.0,0.0,0.35,0.75,0.0,1.1,0.295,1.0
2026-09-05T19:55:45Z,2026-09-06 03:55:45,2026-09-06 04:00,2026-09-05 20:00Z,2026-09-06 03:55:30,1,26,25.9,26,25.61,26,26.06,0.29,0.29,0,stable,0,none,0.77,0.0,0.04,upstream,0.25,0.28,49.9,0.27,0.43,73.5,0.29,0.13,1078.1,2026-09-05 11:30:00,v23_bias_fusion_01,0.259,0.302,0.266,1.0,1.0,0.0,0.35,0.75,0.0,1.1,0.288,1.0
2026-09-05T20:55:45Z,2026-09-06 04:55:45,2026-09-06 05:00,2026-09-05 21:00Z,2026-09-06 04:55:30,1,26,26.27,26,25.78,27,26.6,0.49,0.49,0,stable,0,none,0.67,0.0,-0.11,upstream,0.89,0.46,49.8,0.27,0.43,133.5,0.29,0.13,1138.1,2026-09-05 11:30:00,v23_bias_fusion_01,0.761,0.302,0.266,1.0,0.65,0.0,0.35,0.4875,0.0,0.8375,0.494,1.0
2026-09-05T21:55:45Z,2026-09-06 05:55:45,2026-09-06 06:00,2026-09-05 22:00Z,2026-09-06 05:55:30,1,26,26.43,26,25.63,26,26.36,0.8,0.8,0,stable,0,none,0.77,0.0,-0.04,calm,0.72,0.54,19.8,0.92,0.6,13.5,0.29,0.13,1198.1,2026-09-05 11:30:00,v23_bias_fusion_01,0.666,0.856,0.266,1.0,1.0,0.0,0.35,0.75,0.0,1.1,0.796,1.0
2026-09-05T22:55:45Z,2026-09-06 06:55:45,2026-09-06 07:00,2026-09-05 23:00Z,2026-09-06 06:55:30,1,27,26.9,26,26.06,27,26.88,0.84,0.84,0,stable,0,none,0.57,0.0,0.17,calm,0.87,0.64,49.8,0.92,0.6,73.5,0.29,0.13,1258.1,2026-09-05 11:30:00,v23_bias_fusion_01,0.801,0.856,0.266,1.0,1.0,0.0,0.35,0.75,0.0,1.1,0.838,1.0
2026-09-05T23:55:45Z,2026-09-06 07:55:45,2026-09-06 08:00,2026-09-06 00:00Z,2026-09-06 07:55:30,1,27,26.87,26,25.97,27,26.55,0.9,0.9,0,stable,1,low,1.0,0.0,0.18,crosswind,1.44,0.88,49.8,0.92,0.6,133.5,0.29,0.13,1318.1,2026-09-05 11:30:00,v23_bias_fusion_01,1.272,0.856,0.266,1.0,0.65,0.0,0.35,0.4875,0.0,0.8375,1.03,1.0
2026-09-06T00:55:45Z,2026-09-06 08:55:45,2026-09-06 09:00,2026-09-06 01:00Z,2026-09-06 08:55:30,1,27,27.04,26,26.34,27,26.96,0.7,0.7,0,stable,1,low,0.77,-0.06,0.0,crosswind,0.53,0.78,51.5,0.92,0.6,193.5,0.29,0.13,1378.1,2026-09-05 11:30:00,v23_bias_fusion_01,0.605,0.856,0.266,1.0,0.3,0.0,0.35,0.225,0.0,0.575,0.703,1.0
2026-09-06T01:55:45Z,2026-09-06 09:55:45,2026-09-06 10:00,2026-09-06 02:00Z,2026-09-06 09:55:30,1,30,29.54,29,28.64,30,29.59,0.9,0.9,0,stable,1,low,0.13,0.12,0.26,crosswind,1.16,0.89,49.2,0.92,0.6,253.5,0.29,0.13,1438.1,2026-09-05 11:30:00,v23_bias_fusion_01,1.079,0.856,0.266,1.0,0.0,0.0,0.35,0.0,0.0,0.35,1.079,1.0
2026-09-06T02:55:45Z,2026-09-06 10:55:45,2026-09-06 11:00,2026-09-06 03:00Z,2026-09-06 10:55:30,1,30,29.67,29,29.47,30,29.88,0.2,0.2,0,convective,3,moderate,1.56,-0.13,-0.65,crosswind,0.0,0.62,51.5,0.92,0.6,313.5,0.66,0.32,58.3,2026-09-05 11:30:00,v23_bias_fusion_01,0.186,0.856,0.609,1.0,0.0,1.0,0.35,0.0,1.0,1.35,0.499,0.4
2026-09-06T03:55:45Z,2026-09-06 11:55:45,2026-09-06 12:00,2026-09-06 04:00Z,2026-09-06 11:55:30,1,30,29.95,30,30.13,30,29.72,-0.18,-0.18,0,heating,1,low,0.72,-0.04,0.44,crosswind,0.0,0.43,51.6,-0.47,0.23,29.2,-0.47,0.04,56.3,2026-09-05 11:30:00,v23_bias_fusion_01,0.129,-0.33,-0.393,1.0,1.0,1.0,0.35,0.75,1.0,2.1,-0.284,0.65
2026-09-06T04:55:45Z,2026-09-06 12:55:45,2026-09-06 13:00,2026-09-06 05:00Z,2026-09-06 12:55:30,1,31,30.56,31,30.77,31,30.65,-0.21,-0.21,0,heating,2,low,0.27,0.26,0.92,crosswind,0.0,0.3,50.4,-0.47,0.23,89.2,-0.53,-0.16,58.2,2026-09-05 11:30:00,v23_bias_fusion_01,0.09,-0.33,-0.475,1.0,1.0,1.0,0.35,0.75,1.0,2.1,-0.329,0.65
2026-09-06T05:55:45Z,2026-09-06 13:55:45,2026-09-06 14:00,2026-09-06 06:00Z,2026-09-06 13:55:30,1,29,29.46,30,29.55,29,29.11,-0.35,-0.09,1,stable,1,low,0.22,0.12,-0.21,upstream,-0.27,0.13,51.4,-0.47,0.23,149.2,-0.53,-0.16,118.2,2026-09-06 08:04:00,v23_bias_fusion_01,-0.15,-0.33,-0.475,1.0,0.65,0.6,0.35,0.4875,0.6,1.4375,-0.346,1.0
2026-09-06T06:55:45Z,2026-09-06 14:55:45,2026-09-06 15:00,2026-09-06 07:00Z,2026-09-06 14:55:30,1,29,28.62,29,28.95,29,28.62,-0.33,-0.33,0,stable,1,low,0.27,-0.04,-0.04,crosswind,-0.05,0.08,49.3,-0.45,-0.01,14.2,-0.53,-0.16,178.2,2026-09-06 08:04:00,v23_bias_fusion_01,-0.011,-0.362,-0.475,1.0,1.0,0.6,0.35,0.75,0.6,1.7,-0.329,1.0
2026-09-06T07:55:45Z,2026-09-06 15:55:45,2026-09-06 16:00,2026-09-06 08:00Z,2026-09-06 15:55:30,1,29,28.7,29,28.98,29,28.99,-0.28,-0.28,0,stable,1,low,0.31,0.0,0.03,crosswind,0.0,0.06,51.4,-0.45,-0.01,74.2,-0.53,-0.16,238.2,2026-09-06 08:04:00,v23_bias_fusion_01,0.018,-0.362,-0.475,1.0,1.0,0.25,0.35,0.75,0.25,1.35,-0.284,1.0
2026-09-06T08:55:45Z,2026-09-06 16:55:45,2026-09-06 17:00,2026-09-06 09:00Z,2026-09-06 16:55:30,1,28,27.81,28,28.08,28,28.08,-0.27,-0.27,0,stable,1,low,0.53,0.0,-0.27,crosswind,0.0,0.04,49.4,-0.45,-0.01,134.2,-0.53,-0.16,298.2,2026-09-06 08:04:00,v23_bias_fusion_01,0.012,-0.362,-0.475,1.0,0.65,0.25,0.35,0.4875,0.25,1.0875,-0.267,1.0
2026-09-06T09:55:45Z,2026-09-06 17:55:45,2026-09-06 18:00,2026-09-06 10:00Z,2026-09-06 17:55:30,1,27,26.91,27,27.08,27,27.04,-0.17,-0.17,0,stable,1,low,0.63,0.0,-0.14,crosswind,0.0,0.03,49.4,-0.18,-0.07,29.2,-0.53,-0.16,358.2,2026-09-06 08:04:00,v23_bias_fusion_01,0.009,-0.158,-0.475,1.0,1.0,0.25,0.35,0.75,0.25,1.35,-0.173,1.0
2026-09-06T10:55:45Z,2026-09-06 18:55:45,2026-09-06 19:00,2026-09-06 11:00Z,2026-09-06 18:55:30,1,27,26.74,27,26.85,27,26.81,-0.11,-0.11,0,stable,0,none,0.3,0.0,-0.06,upstream,0.0,0.02,49.3,-0.18,-0.07,89.2,-0.53,-0.16,418.2,2026-09-06 08:04:00,v23_bias_fusion_01,0.006,-0.158,-0.475,1.0,1.0,0.0,0.35,0.75,0.0,1.1,-0.106,1.0
2026-09-06T11:55:45Z,2026-09-06 19:55:45,2026-09-06 20:00,2026-09-06 12:00Z,2026-09-06 19:55:30,1,26,26.31,26,26.4,26,26.46,-0.09,-0.09,0,stable,0,none,0.61,0.0,0.0,upstream,0.0,0.01,49.3,-0.18,-0.07,149.2,-0.53,-0.16,478.2,2026-09-06 08:04:00,v23_bias_fusion_01,0.003,-0.158,-0.475,1.0,0.65,0.0,0.35,0.4875,0.0,0.8375,-0.091,1.0
2026-09-06T12:55:45Z,2026-09-06 20:55:45,2026-09-06 21:00,2026-09-06 13:00Z,2026-09-06 20:55:30,1,26,26.41,26,26.21,27,26.56,0.2,0.2,0,stable,0,none,0.67,0.0,-0.06,calm,0.1,0.04,49.3,0.3,0.06,14.2,-0.53,-0.16,538.2,2026-09-06 08:04:00,v23_bias_fusion_01,0.082,0.252,-0.475,1.0,1.0,0.0,0.35,0.75,0.0,1.1,0.198,1.0
2026-09-06T13:55:45Z,2026-09-06 21:55:45,2026-09-06 22:00,2026-09-06 14:00Z,2026-09-06 21:55:30,1,26,26.32,26,26.07,27,26.53,0.25,0.25,0,stable,1,low,0.67,0.0,-0.04,calm,0.29,0.11,49.1,0.3,0.06,74.2,-0.53,-0.16,598.2,2026-09-06 08:04:00,v23_bias_fusion_01,0.236,0.252,-0.475,1.0,1.0,0.0,0.35,0.75,0.0,1.1,0.247,1.0
2026-09-06T14:55:45Z,2026-09-06 22:55:45,2026-09-06 23:00,2026-09-06 15:00Z,2026-09-06 22:55:30,1,27,26.61,26,26.31,27,26.86,0.3,0.3,0,stable,0,none,0.5,0.0,-0.01,upstream,0.43,0.21,49.1,0.3,0.06,134.2,-0.53,-0.16,658.2,2026-09-06 08:04:00,v23_bias_fusion_01,0.364,0.252,-0.475,1.0,0.65,0.0,0.35,0.4875,0.0,0.8375,0.299,1.0
2026-09-06T15:55:45Z,2026-09-06 23:55:45,2026-09-07 00:00,2026-09-06 16:00Z,2026-09-06 23:55:30,1,27,26.54,26,26.18,27,26.6,0.36,0.36,0,stable,0,none,0.38,0.0,-0.17,crosswind,0.19,0.2,49.0,0.49,0.21,14.2,-0.53,-0.16,718.2,2026-09-06 08:04:00,v23_bias_fusion_01,0.193,0.434,-0.475,1.0,1.0,0.0,0.35,0.75,0.0,1.1,0.357,1.0
2026-09-06T16:55:45Z,2026-09-07 00:55:45,2026-09-07 01:00,2026-09-06 17:00Z,2026-09-07 00:55:30,1,25,25.23,25,24.84,25,25.33,0.39,0.39,0,stable,0,none,0.3,0.0,-0.09,crosswind,0.32,0.24,49.0,0.49,0.21,74.2,-0.53,-0.16,778.2,2026-09-06 08:04:00,v23_bias_fusion_01,0.296,0.434,-0.475,1.0,1.0,0.0,0.35,0.75,0.0,1.1,0.39,1.0
2026-09-06T17:55:45Z,2026-09-07 01:55:45,2026-09-07 02:00,2026-09-06 18:00Z,2026-09-07 01:55:30,1,25,24.94,25,24.67,25,24.75,0.27,0.27,0,stable,0,none,0.07,0.0,0.0,calm,0.0,0.17,49.0,0.49,0.21,134.2,-0.53,-0.16,838.2,2026-09-06 08:04:00,v23_bias_fusion_01,0.051,0.434,-0.475,1.0,0.65,0.0,0.35,0.4875,0.0,0.8375,0.274,1.0
2026-09-06T18:55:45Z,2026-09-07 02:55:45,2026-09-07 03:00,2026-09-06 19:00Z,2026-09-07 02:55:30,1,25,25.02,25,24.79,25,24.94,0.23,0.23,0,stable,0,none,0.4,0.0,0.01,calm,0.0,0.12,49.0,0.33,0.25,14.2,-0.53,-0.16,898.2,2026-09-06 08:04:00,v23_bias_fusion_01,0.036,0.314,-0.475,1.0,1.0,0.0,0.35,0.75,0.0,1.1,0.226,1.0
2026-09-06T19:55:45Z,2026-09-07 03:55:45,2026-09-07 04:00,2026-09-06 20:00Z,2026-09-07 03:55:30,1,25,25.21,25,24.99,25,25.09,0.22,0.22,0,stable,0,none,0.37,0.0,0.05,calm,0.0,0.08,48.9,0.33,0.25,74.2,-0.53,-0.16,958.2,2026-09-06 08:04:00,v23_bias_fusion_01,0.024,0.314,-0.475,1.0,1.0,0.0,0.35,0.75,0.0,1.1,0.222,1.0
2026-09-06T20:55:45Z,2026-09-07 04:55:45,2026-09-07 05:00,2026-09-06 21:00Z,2026-09-07 04:55:30,1,26,25.57,25,25.21,26,25.8,0.36,0.36,0,stable,2,low,0.38,0.0,-0.06,calm,0.51,0.21,48.9,0.33,0.25,134.2,-0.53,-0.16,1018.2,2026-09-06 08:04:00,v23_bias_fusion_01,0.42,0.314,-0.475,1.0,0.65,0.0,0.35,0.4875,0.0,0.8375,0.358,1.0
2026-09-06T21:55:45Z,2026-09-07 05:55:45,2026-09-07 06:00,2026-09-06 22:00Z,2026-09-07 05:55:30,1,25,25.49,25,25.2,26,25.67,0.29,0.29,0,stable,0,none,0.63,0.0,0.04,crosswind,0.29,0.23,18.8,0.33,0.25,194.2,-0.53,-0.16,1078.2,2026-09-06 08:04:00,v23_bias_fusion_01,0.272,0.314,-0.475,1.0,0.3,0.0,0.35,0.225,0.0,0.575,0.288,1.0
2026-09-06T22:55:45Z,2026-09-07 06:55:45,2026-09-07 07:00,2026-09-06 23:00Z,2026-09-07 06:55:30,1,26,25.71,25,25.43,26,25.91,0.28,0.28,0,stable,0,none,0.49,0.0,0.08,calm,0.3,0.25,48.7,0.33,0.25,254.2,-0.53,-0.16,1138.2,2026-09-06 08:04:00,v23_bias_fusion_01,0.285,0.314,-0.475,1.0,0.0,0.0,0.35,0.0,0.0,0.35,0.285,1.0
2026-09-06T23:55:45Z,2026-09-07 07:55:45,2026-09-07 08:00,2026-09-07 00:00Z,2026-09-07 07:55:30,1,26,26.13,26,26.02,26,26.37,0.11,0.11,0,stable,1,low,0.58,0.0,0.11,crosswind,0.07,0.2,48.5,0.33,0.25,314.2,-0.53,-0.16,1198.2,2026-09-06 08:04:00,v23_bias_fusion_01,0.109,0.314,-0.475,1.0,0.0,0.0,0.35,0.0,0.0,0.35,0.109,1.0
2026-09-07T00:55:45Z,2026-09-07 08:55:45,2026-09-07 09:00,2026-09-07 01:00Z,2026-09-07 08:55:30,1,27,26.66,26,26.49,27,27.44,0.17,0.17,0,convective,3,moderate,1.56,0.04,0.05,calm,0.48,0.28,50.7,0.33,0.25,374.2,-0.53,-0.16,1258.2,2026-09-06 08:04:00,v23_bias_fusion_01,0.42,0.314,-0.475,1.0,0.0,0.0,0.35,0.0,0.0,0.35,0.42,0.4
2026-09-07T01:55:45Z,2026-09-07 09:55:45,2026-09-07 10:00,2026-09-07 02:00Z,2026-09-07 09:55:30,1,25,24.7,25,24.66,25,25.11,0.04,0.04,0,cooling,2,low,1.1,-0.04,-0.54,crosswind,0.01,0.2,49.9,0.33,0.25,434.2,-0.53,-0.16,1318.2,2026-09-07 04:46:00,v23_bias_fusion_01,0.067,0.314,-0.475,1.0,0.0,0.0,0.35,0.0,0.0,0.35,0.067,0.65
2026-09-07T02:55:45Z,2026-09-07 10:55:45,2026-09-07 11:00,2026-09-07 03:00Z,2026-09-07 10:55:30,1,26,25.5,25,25.49,26,25.65,0.04,0.01,1,stable,1,low,0.57,0.09,0.11,crosswind,0.0,0.14,49.4,0.33,0.25,494.2,-0.53,-0.16,1378.2,2026-09-07 04:46:00,v23_bias_fusion_01,0.042,0.314,-0.475,1.0,0.0,0.0,0.35,0.0,0.0,0.35,0.042,1.0
2026-09-07T03:55:45Z,2026-09-07 11:55:45,2026-09-07 12:00,2026-09-07 04:00Z,2026-09-07 11:55:30,1,27,26.66,26,26.21,27,26.52,0.45,0.45,0,stable,0,none,0.43,0.09,0.1,calm,0.01,0.1,52.7,0.71,0.41,14.0,-0.53,-0.16,1438.2,2026-09-07 04:46:00,v23_bias_fusion_01,0.037,0.65,-0.475,1.0,1.0,0.0,0.35,0.75,0.0,1.1,0.455,1.0
2026-09-07T04:55:45Z,2026-09-07 12:55:45,2026-09-07 13:00,2026-09-07 05:00Z,2026-09-07 12:55:30,1,26,25.85,25,25.33,26,25.8,0.52,0.52,0,stable,0,none,0.52,0.09,-0.09,crosswind,0.29,0.16,52.7,0.71,0.41,74.0,-0.53,-0.16,1498.2,2026-09-07 04:46:00,v23_bias_fusion_01,0.251,0.65,-0.475,1.0,1.0,0.0,0.35,0.75,0.0,1.1,0.523,1.0
2026-09-07T05:55:45Z,2026-09-07 13:55:45,2026-09-07 14:00,2026-09-07 06:00Z,2026-09-07 13:55:30,1,26,25.79,26,25.61,26,26.28,0.18,0.18,0,convective,3,moderate,1.04,-0.15,-0.79,crosswind,0.17,0.16,49.5,0.71,0.41,134.0,-0.53,-0.16,1558.2,2026-09-07 08:52:00,v23_bias_fusion_01,0.167,0.65,-0.475,1.0,0.65,0.0,0.35,0.4875,0.0,0.8375,0.448,0.4
2026-09-07T06:55:45Z,2026-09-07 14:55:45,2026-09-07 15:00,2026-09-07 07:00Z,2026-09-07 14:55:30,1,25,25.45,25,25.41,26,25.81,0.04,0.04,0,convective,3,moderate,1.23,-0.02,-0.33,crosswind,0.0,0.11,51.5,0.09,0.3,14.0,-0.53,-0.16,1618.2,2026-09-07 08:52:00,v23_bias_fusion_01,0.033,0.132,-0.475,1.0,1.0,0.0,0.35,0.75,0.0,1.1,0.101,0.4
2026-09-07T07:55:45Z,2026-09-07 15:55:45,2026-09-07 16:00,2026-09-07 08:00Z,2026-09-07 15:55:30,1,26,25.64,26,25.52,26,25.87,0.12,0.12,0,stable,2,low,1.23,-0.01,-0.0,crosswind,0.09,0.1,49.5,0.09,0.3,74.0,-0.53,-0.16,1678.2,2026-09-07 08:52:00,v23_bias_fusion_01,0.093,0.132,-0.475,1.0,1.0,0.0,0.35,0.75,0.0,1.1,0.12,1.0
2026-09-07T08:55:45Z,2026-09-07 16:55:45,2026-09-07 17:00,2026-09-07 09:00Z,2026-09-07 16:55:30,1,25,24.64,25,24.61,25,25.09,0.03,0.03,0,convective,3,moderate,1.19,0.0,-0.29,crosswind,0.0,0.07,51.1,0.09,0.3,134.0,-0.53,-0.16,1738.2,2026-09-07 08:52:00,v23_bias_fusion_01,0.021,0.132,-0.475,1.0,0.65,0.0,0.35,0.4875,0.0,0.8375,0.086,0.4
2026-09-07T09:55:45Z,2026-09-07 17:55:45,2026-09-07 18:00,2026-09-07 10:00Z,2026-09-07 17:55:30,1,24,24.38,24,24.25,25,24.65,0.13,0.13,0,convective,3,moderate,0.76,0.0,0.04,crosswind,0.0,0.05,51.1,0.49,0.37,13.9,-0.53,-0.16,1798.2,2026-09-07 08:52:00,v23_bias_fusion_01,0.015,0.466,-0.475,1.0,1.0,0.0,0.35,0.75,0.0,1.1,0.323,0.4
2026-09-07T10:55:45Z,2026-09-07 18:55:45,2026-09-07 19:00,2026-09-07 11:00Z,2026-09-07 18:55:30,1,25,24.65,24,24.27,25,24.71,0.38,0.38,0,stable,0,none,1.33,0.0,0.03,crosswind,0.25,0.11,51.1,0.49,0.37,73.9,-0.53,-0.16,1858.2,2026-09-07 08:52:00,v23_bias_fusion_01,0.208,0.466,-0.475,1.0,1.0,0.0,0.35,0.75,0.0,1.1,0.384,1.0
2026-09-07T11:55:45Z,2026-09-07 19:55:45,2026-09-07 20:00,2026-09-07 12:00Z,2026-09-07 19:55:30,1,24,24.49,24,24.13,25,24.57,0.36,0.36,0,stable,0,none,0.8,0.0,-0.09,calm,0.23,0.15,51.1,0.49,0.37,133.9,-0.53,-0.16,1918.2,2026-09-07 08:52:00,v23_bias_fusion_01,0.206,0.466,-0.475,1.0,0.65,0.0,0.35,0.4875,0.0,0.8375,0.357,1.0
2026-09-07T12:55:45Z,2026-09-07 20:55:45,2026-09-07 21:00,2026-09-07 13:00Z,2026-09-07 20:55:30,1,24,24.35,24,23.88,24,24.4,0.47,0.47,0,stable,0,none,0.59,0.0,-0.01,calm,0.37,0.22,21.1,0.57,0.44,13.9,-0.53,-0.16,1978.2,2026-09-07 08:52:00,v23_bias_fusion_01,0.325,0.544,-0.475,1.0,1.0,0.0,0.35,0.75,0.0,1.1,0.474,1.0
2026-09-07T13:55:45Z,2026-09-07 21:55:45,2026-09-07 22:00,2026-09-07 14:00Z,2026-09-07 21:55:30,1,24,24.34,24,23.8,24,24.46,0.54,0.54,0,stable,0,none,0.61,0.0,0.03,calm,0.62,0.34,21.1,0.57,0.44,73.9,-0.53,-0.16,2038.2,2026-09-07 08:52:00,v23_bias_fusion_01,0.536,0.544,-0.475,1.0,1.0,0.0,0.35,0.75,0.0,1.1,0.541,1.0
2026-09-07T14:55:45Z,2026-09-07 22:55:45,2026-09-07 23:00,2026-09-07 15:00Z,2026-09-07 22:55:30,1,24,24.41,24,23.83,25,24.54,0.58,0.58,0,stable,0,none,0.61,0.0,-0.04,crosswind,0.7,0.45,21.0,0.57,0.44,133.9,-0.53,-0.16,2098.2,2026-09-07 08:52:00,v23_bias_fusion_01,0.625,0.544,-0.475,1.0,0.65,0.0,0.35,0.4875,0.0,0.8375,0.578,1.0
2026-09-07T15:55:45Z,2026-09-07 23:55:45,2026-09-08 00:00,2026-09-07 16:00Z,2026-09-07 23:55:30,1,25,24.9,24,24.0,25,24.7,0.9,0.9,0,stable,0,none,0.83,0.0,0.04,crosswind,0.67,0.52,21.0,1.27,0.73,28.9,-0.53,-0.16,2158.2,2026-09-07 08:52:00,v23_bias_fusion_01,0.625,1.162,-0.475,1.0,1.0,0.0,0.35,0.75,0.0,1.1,0.991,1.0
2026-09-07T16:55:45Z,2026-09-08 00:55:45,2026-09-08 01:00,2026-09-07 17:00Z,2026-09-07 23:55:30,0,,,24,24.0,,,0.9,0.9,0,stable,0,none,0.83,0.0,0.04,crosswind,0.5,0.51,51.0,1.27,0.73,88.9,-0.53,-0.16,2218.2,2026-09-07 08:52:00,v23_bias_fusion_01,0.503,1.162,-0.475,1.0,1.0,0.0,0.35,0.75,0.0,1.1,0.952,0.6
2026-09-07T17:55:45Z,2026-09-08 01:55:45,2026-09-08 02:00,2026-09-07 18:00Z,2026-09-08 01:55:30,1,25,25.09,24,24.19,24,24.19,0.9,0.9,0,stable,1,low,0.91,0.0,0.04,crosswind,0.5,0.51,111.0,1.27,0.73,148.9,-0.53,-0.16,2278.2,2026-09-07 08:52:00,v23_bias_fusion_01,0.503,1.162,-0.475,0.55,0.65,0.0,0.1925,0.4875,0.0,0.68,0.975,1.0
2026-09-07T18:55:45Z,2026-09-08 02:55:45,2026-09-08 03:00,2026-09-07 19:00Z,2026-09-08 02:55:30,1,25,24.72,24,24.18,25,24.67,0.54,0.54,0,stable,0,none,0.75,0.0,0.0,calm,0.31,0.45,20.8,0.61,0.69,13.8,-0.53,-0.16,2338.2,2026-09-07 08:52:00,v23_bias_fusion_01,0.352,0.626,-0.475,1.0,1.0,0.0,0.35,0.75,0.0,1.1,0.539,1.0
2026-09-07T19:55:45Z,2026-09-08 03:55:45,2026-09-08 04:00,2026-09-07 20:00Z,2026-09-08 03:55:30,1,25,24.76,24,24.22,25,24.71,0.54,0.54,0,stable,0,none,0.81,0.0,0.04,calm,0.32,0.41,20.8,0.61,0.69,73.8,-0.53,-0.16,2398.2,2026-09-07 08:52:00,v23_bias_fusion_01,0.347,0.626,-0.475,1.0,1.0,0.0,0.35,0.75,0.0,1.1,0.537,1.0
2026-09-07T20:55:45Z,2026-09-08 04:55:45,2026-09-08 05:00,2026-09-07 21:00Z,2026-09-08 04:55:30,1,25,24.7,24,24.21,25,24.68,0.49,0.49,0,stable,0,none,0.75,0.0,0.0,crosswind,0.28,0.37,20.8,0.61,0.69,133.8,-0.53,-0.16,2458.2,2026-09-07 08:52:00,v23_bias_fusion_01,0.307,0.626,-0.475,1.0,0.65,0.0,0.35,0.4875,0.0,0.8375,0.493,1.0
2026-09-07T21:55:45Z,2026-09-08 05:55:45,2026-09-08 06:00,2026-09-07 22:00Z,2026-09-08 05:55:30,1,25,24.82,24,24.25,25,24.72,0.57,0.57,0,stable,0,none,0.81,0.0,-0.01,crosswind,0.29,0.35,50.7,0.69,0.69,13.8,-0.53,-0.16,2518.2,2026-09-07 08:52:00,v23_bias_fusion_01,0.308,0.69,-0.475,1.0,1.0,0.0,0.35,0.75,0.0,1.1,0.568,1.0
2026-09-07T22:55:45Z,2026-09-08 06:55:45,2026-09-08 07:00,2026-09-07 23:00Z,2026-09-08 06:55:30,1,25,24.84,24,24.28,25,24.73,0.56,0.56,0,stable,0,none,0.77,0.0,0.04,crosswind,0.25,0.32,50.5,0.69,0.69,73.8,-0.53,-0.16,2578.2,2026-09-07 08:52:00,v23_bias_fusion_01,0.271,0.69,-0.475,1.0,1.0,0.0,0.35,0.75,0.0,1.1,0.557,1.0
2026-09-07T23:55:45Z,2026-09-08 07:55:45,2026-09-08 08:00,2026-09-08 00:00Z,2026-09-08 07:55:30,1,25,25.45,25,24.95,25,25.38,0.5,0.5,0,stable,0,none,0.77,0.0,0.04,calm,0.22,0.29,50.3,0.69,0.69,133.8,-0.53,-0.16,2638.2,2026-09-07 08:52:00,v23_bias_fusion_01,0.241,0.69,-0.475,1.0,0.65,0.0,0.35,0.4875,0.0,0.8375,0.502,1.0
2026-09-08T00:55:45Z,2026-09-08 08:55:45,2026-09-08 09:00,2026-09-08 01:00Z,2026-09-08 08:55:30,1,27,26.72,26,26.35,27,27.3,0.37,0.37,0,heating,1,low,0.47,0.18,0.41,crosswind,0.55,0.37,44.7,0.69,0.69,193.8,-0.53,-0.16,2698.2,2026-09-07 08:52:00,v23_bias_fusion_01,0.496,0.69,-0.475,1.0,0.3,0.0,0.35,0.225,0.0,0.575,0.572,0.65
2026-09-08T01:55:45Z,2026-09-08 09:55:45,2026-09-08 10:00,2026-09-08 02:00Z,2026-09-08 09:55:30,1,28,27.53,27,27.4,28,27.97,0.13,0.13,0,cooling,1,low,0.75,-0.16,-0.47,upstream,0.15,0.3,52.7,0.69,0.69,253.8,-0.53,-0.16,2758.2,2026-09-07 08:52:00,v23_bias_fusion_01,0.195,0.69,-0.475,1.0,0.0,0.0,0.35,0.0,0.0,0.35,0.195,0.65
2026-09-08T02:55:45Z,2026-09-08 10:55:45,2026-09-08 11:00,2026-09-08 03:00Z,2026-09-08 10:55:30,1,28,27.58,27,27.44,28,27.81,0.14,0.14,0,stable,0,none,1.33,0.01,-0.01,crosswind,0.1,0.24,48.8,0.69,0.69,313.8,-0.53,-0.16,2818.2,2026-09-07 08:52:00,v23_bias_fusion_01,0.142,0.69,-0.475,1.0,0.0,0.0,0.35,0.0,0.0,0.35,0.142,1.0
2026-09-08T03:55:45Z,2026-09-08 11:55:45,2026-09-08 12:00,2026-09-08 04:00Z,2026-09-08 11:55:30,1,28,28.23,28,28.24,28,27.95,-0.01,-0.01,0,stable,2,low,0.13,-0.12,-0.06,crosswind,0.0,0.17,51.9,-0.14,0.4,13.8,-0.53,-0.16,2878.2,2026-09-07 08:52:00,v23_bias_fusion_01,0.051,-0.032,-0.475,1.0,1.0,0.0,0.35,0.75,0.0,1.1,-0.006,1.0
2026-09-08T04:55:45Z,2026-09-08 12:55:45,2026-09-08 13:00,2026-09-08 05:00Z,2026-09-08 12:55:30,1,27,27.16,27,27.15,27,26.92,0.01,0.01,0,convective,4,moderate,1.26,-0.2,-0.53,crosswind,0.0,0.12,52.7,-0.14,0.4,73.8,0.06,-0.08,58.0,2026-09-08 07:53:00,v23_bias_fusion_01,0.036,-0.032,0.039,1.0,1.0,1.0,0.35,0.75,1.0,2.1,0.013,0.4
2026-09-08T05:55:45Z,2026-09-08 13:55:45,2026-09-08 14:00,2026-09-08 06:00Z,2026-09-08 13:55:30,1,27,27.47,27,27.47,27,27.38,0.01,0.0,1,stable,0,none,1.13,0.15,0.37,crosswind,0.0,0.08,52.9,-0.14,0.4,133.8,0.06,-0.08,118.0,2026-09-08 07:53:00,v23_bias_fusion_01,0.024,-0.032,0.039,1.0,0.65,0.6,0.35,0.4875,0.6,1.4375,0.011,1.0
2026-09-08T06:55:45Z,2026-09-08 14:55:45,2026-09-08 15:00,2026-09-08 07:00Z,2026-09-08 13:55:30,0,,,27,27.47,,,0.01,0.0,1,stable,0,none,1.13,0.15,0.37,crosswind,0.0,0.06,53.8,-0.17,0.2,13.8,-0.17,-0.11,57.9,2026-09-08 07:53:00,v23_bias_fusion_01,0.018,-0.096,-0.161,1.0,1.0,1.0,0.35,0.75,1.0,2.1,-0.108,0.6
2026-09-08T07:55:45Z,2026-09-08 15:55:45,2026-09-08 16:00,2026-09-08 08:00Z,2026-09-08 15:55:30,1,27,27.28,27,27.39,27,27.39,-0.11,-0.11,0,stable,0,none,0.54,-0.11,-0.18,crosswind,0.0,0.06,113.8,-0.17,0.2,73.8,-0.17,-0.11,117.9,2026-09-08 07:53:00,v23_bias_fusion_01,0.018,-0.096,-0.161,0.55,1.0,0.6,0.1925,0.75,0.6,1.5425,-0.107,1.0
2026-09-08T08:55:45Z,2026-09-08 16:55:45,2026-09-08 17:00,2026-09-08 09:00Z,2026-09-08 16:55:30,1,28,27.61,28,27.69,28,28.06,-0.08,-0.08,0,stable,1,low,0.63,0.0,0.13,crosswind,0.11,0.07,51.6,-0.17,0.2,133.8,-0.17,-0.11,177.9,2026-09-08 07:53:00,v23_bias_fusion_01,0.098,-0.096,-0.161,1.0,0.65,0.6,0.35,0.4875,0.6,1.4375,-0.076,1.0
2026-09-08T09:55:45Z,2026-09-08 17:55:45,2026-09-08 18:00,2026-09-08 10:00Z,2026-09-08 17:55:30,1,27,27.32,27,27.23,27,27.38,0.09,0.09,0,stable,0,none,0.81,0.0,-0.08,crosswind,0.0,0.05,51.4,0.21,0.2,28.8,-0.17,-0.11,237.9,2026-09-08 07:53:00,v23_bias_fusion_01,0.015,0.208,-0.161,1.0,1.0,0.25,0.35,0.75,0.25,1.35,0.09,1.0
2026-09-08T10:55:45Z,2026-09-08 18:55:45,2026-09-08 19:00,2026-09-08 11:00Z,2026-09-08 17:55:30,0,,,27,27.23,,,0.09,0.09,0,stable,0,none,0.81,0.0,-0.08,crosswind,0.0,0.03,51.4,0.21,0.2,88.8,-0.17,-0.11,297.9,2026-09-08 07:53:00,v23_bias_fusion_01,0.009,0.208,-0.161,1.0,1.0,0.25,0.35,0.75,0.25,1.35,0.088,0.6
2026-09-08T11:55:45Z,2026-09-08 19:55:45,2026-09-08 20:00,2026-09-08 12:00Z,2026-09-08 19:55:30,1,26,26.25,26,26.18,26,26.18,0.07,0.07,0,stable,2,low,0.91,0.0,-0.08,calm,0.0,0.03,111.4,0.21,0.2,148.8,-0.17,-0.11,357.9,2026-09-08 07:53:00,v23_bias_fusion_01,0.009,0.208,-0.161,0.55,0.65,0.25,0.1925,0.4875,0.25,0.93,0.068,1.0
2026-09-08T12:55:45Z,2026-09-08 20:55:45,2026-09-08 21:00,2026-09-08 13:00Z,2026-09-08 20:55:30,1,26,26.27,26,26.0,26,25.92,0.27,0.27,0,stable,1,low,0.94,0.0,0.05,crosswind,0.0,0.02,21.4,0.42,0.28,13.8,-0.17,-0.11,417.9,2026-09-08 07:53:00,v23_bias_fusion_01,0.006,0.392,-0.161,1.0,1.0,0.0,0.35,0.75,0.0,1.1,0.269,1.0
2026-09-08T13:55:45Z,2026-09-08 21:55:45,2026-09-08 22:00,2026-09-08 14:00Z,2026-09-08 21:55:30,1,26,26.4,26,26.01,27,26.58,0.39,0.39,0,stable,2,low,0.81,0.0,-0.01,crosswind,0.5,0.16,21.4,0.42,0.28,73.8,-0.17,-0.11,477.9,2026-09-08 07:53:00,v23_bias_fusion_01,0.398,0.392,-0.161,1.0,1.0,0.0,0.35,0.75,0.0,1.1,0.394,1.0
2026-09-08T14:55:45Z,2026-09-08 22:55:45,2026-09-08 23:00,2026-09-08 15:00Z,2026-09-08 22:55:30,1,25,25.11,25,25.04,24,24.47,0.07,0.07,0,stable,2,low,0.68,0.0,-0.01,crosswind,-0.51,-0.04,51.4,0.42,0.28,133.8,-0.17,-0.11,537.9,2026-09-08 17:10:00,v23_bias_fusion_01,-0.369,0.392,-0.161,1.0,0.65,0.0,0.35,0.4875,0.0,0.8375,0.074,1.0
2026-09-08T15:55:45Z,2026-09-08 23:55:45,2026-09-09 00:00,2026-09-08 16:00Z,2026-09-08 23:55:30,1,25,25.49,25,24.9,25,25.44,0.59,0.59,0,stable,2,low,0.72,0.0,-0.05,crosswind,0.46,0.11,51.4,0.76,0.45,13.7,-0.17,-0.11,597.9,2026-09-08 17:10:00,v23_bias_fusion_01,0.355,0.698,-0.161,1.0,1.0,0.0,0.35,0.75,0.0,1.1,0.589,1.0
2026-09-08T16:55:45Z,2026-09-09 00:55:45,2026-09-09 01:00,2026-09-08 17:00Z,2026-09-09 00:55:30,1,26,25.53,25,24.9,26,25.54,0.63,0.63,0,stable,1,low,0.72,0.0,-0.04,calm,0.6,0.26,21.3,0.76,0.45,73.7,-0.17,-0.11,657.9,2026-09-08 17:10:00,v23_bias_fusion_01,0.498,0.698,-0.161,1.0,1.0,0.0,0.35,0.75,0.0,1.1,0.634,1.0
2026-09-08T17:55:45Z,2026-09-09 01:55:45,2026-09-09 02:00,2026-09-08 18:00Z,2026-09-09 01:55:30,1,26,25.54,25,24.91,26,25.56,0.63,0.63,0,stable,0,none,0.82,0.0,0.07,crosswind,0.6,0.36,51.4,0.76,0.45,133.7,-0.17,-0.11,717.9,2026-09-08 17:10:00,v23_bias_fusion_01,0.528,0.698,-0.161,1.0,0.65,0.0,0.35,0.4875,0.0,0.8375,0.627,1.0
2026-09-08T18:55:45Z,2026-09-09 02:55:45,2026-09-09 03:00,2026-09-08 19:00Z,2026-09-09 02:55:30,1,26,25.95,25,25.09,26,25.74,0.86,0.86,0,stable,0,none,0.53,0.0,0.03,calm,0.59,0.43,21.3,1.09,0.67,13.7,-0.17,-0.11,777.9,2026-09-08 17:10:00,v23_bias_fusion_01,0.542,1.006,-0.161,1.0,1.0,0.0,0.35,0.75,0.0,1.1,0.858,1.0
2026-09-08T19:55:45Z,2026-09-09 03:55:45,2026-09-09 04:00,2026-09-08 20:00Z,2026-09-09 03:55:30,1,26,25.65,25,24.83,25,25.38,0.82,0.82,0,stable,0,none,0.61,0.0,-0.09,calm,0.41,0.42,51.3,1.09,0.67,73.7,-0.17,-0.11,837.9,2026-09-08 17:10:00,v23_bias_fusion_01,0.413,1.006,-0.161,1.0,1.0,0.0,0.35,0.75,0.0,1.1,0.817,1.0
2026-09-08T20:55:45Z,2026-09-09 04:55:45,2026-09-09 05:00,2026-09-08 21:00Z,2026-09-09 03:55:30,0,,,25,24.83,,,0.82,0.82,0,stable,0,none,0.61,0.0,-0.09,calm,0.0,0.29,51.3,1.09,0.67,133.7,-0.17,-0.11,897.9,2026-09-08 17:10:00,v23_bias_fusion_01,0.087,1.006,-0.161,1.0,0.65,0.0,0.35,0.4875,0.0,0.8375,0.622,0.6
2026-09-08T21:55:45Z,2026-09-09 05:55:45,2026-09-09 06:00,2026-09-08 22:00Z,2026-09-09 05:55:30,1,25,25.36,25,24.78,25,24.78,0.58,0.58,0,stable,0,none,0.71,0.0,0.01,calm,0.0,0.29,111.3,1.09,0.67,193.7,-0.17,-0.11,957.9,2026-09-08 17:10:00,v23_bias_fusion_01,0.087,1.006,-0.161,0.55,0.3,0.0,0.1925,0.225,0.0,0.4175,0.582,1.0
2026-09-08T22:55:45Z,2026-09-09 06:55:45,2026-09-09 07:00,2026-09-08 23:00Z,2026-09-09 06:55:30,1,26,25.85,25,25.22,26,25.95,0.63,0.63,0,stable,0,none,0.2,0.0,0.23,crosswind,0.72,0.42,51.3,1.09,0.67,253.7,-0.17,-0.11,1017.9,2026-09-08 17:10:00,v23_bias_fusion_01,0.63,1.006,-0.161,1.0,0.0,0.0,0.35,0.0,0.0,0.35,0.63,1.0
2026-09-08T23:55:45Z,2026-09-09 07:55:45,2026-09-09 08:00,2026-09-09 00:00Z,2026-09-09 07:55:30,1,27,26.84,26,25.94,27,26.89,0.9,0.9,0,stable,0,none,0.6,0.0,0.22,calm,1.28,0.68,51.3,1.09,0.67,313.7,-0.17,-0.11,1077.9,2026-09-08 17:10:00,v23_bias_fusion_01,1.1,1.006,-0.161,1.0,0.0,0.0,0.35,0.0,0.0,0.35,1.1,1.0
2026-09-09T00:55:45Z,2026-09-09 08:55:45,2026-09-09 09:00,2026-09-09 01:00Z,2026-09-09 08:55:30,1,26,25.98,25,25.4,25,25.49,0.58,0.58,0,stable,1,low,1.43,-0.12,-0.06,calm,0.56,0.64,50.7,1.09,0.67,373.7,-0.17,-0.11,1137.9,2026-09-09 03:22:00,v23_bias_fusion_01,0.584,1.006,-0.161,1.0,0.0,0.0,0.35,0.0,0.0,0.35,0.584,1.0
2026-09-09T01:55:45Z,2026-09-09 09:55:45,2026-09-09 10:00,2026-09-09 02:00Z,2026-09-09 09:55:30,1,26,26.26,26,26.21,27,26.57,0.21,0.05,1,stable,0,none,1.14,0.1,0.17,calm,0.1,0.48,52.2,1.09,0.67,433.7,-0.17,-0.11,1197.9,2026-09-09 03:22:00,v23_bias_fusion_01,0.214,1.006,-0.161,1.0,0.0,0.0,0.35,0.0,0.0,0.35,0.214,1.0
2026-09-09T02:55:45Z,2026-09-09 10:55:45,2026-09-09 11:00,2026-09-09 03:00Z,2026-09-09 10:55:30,1,27,27.23,27,26.83,27,27.3,0.4,0.4,0,stable,1,low,1.21,0.0,-0.02,crosswind,0.29,0.42,54.4,1.09,0.67,493.7,0.49,0.1,57.9,2026-09-09 03:22:00,v23_bias_fusion_01,0.329,1.006,0.431,1.0,0.0,1.0,0.35,0.0,1.0,1.35,0.405,1.0
2026-09-09T03:55:45Z,2026-09-09 11:55:45,2026-09-09 12:00,2026-09-09 04:00Z,2026-09-09 11:55:30,1,29,29.44,29,29.03,30,29.98,0.41,0.41,0,heating,1,low,0.79,0.29,0.56,upstream,0.67,0.5,52.2,0.67,0.67,13.6,0.67,0.3,58.0,2026-09-09 03:22:00,v23_bias_fusion_01,0.619,0.67,0.615,1.0,1.0,1.0,0.35,0.75,1.0,2.1,0.635,0.65
2026-09-09T04:55:45Z,2026-09-09 12:55:45,2026-09-09 13:00,2026-09-09 05:00Z,2026-09-09 12:55:30,1,30,29.67,29,29.41,29,29.42,0.26,0.26,0,stable,1,low,1.25,0.09,0.22,upstream,0.0,0.35,51.0,0.67,0.67,73.6,-0.03,0.18,58.0,2026-09-09 03:22:00,v23_bias_fusion_01,0.105,0.67,0.002,1.0,1.0,1.0,0.35,0.75,1.0,2.1,0.258,1.0
2026-09-09T05:55:45Z,2026-09-09 13:55:45,2026-09-09 14:00,2026-09-09 06:00Z,2026-09-09 13:55:30,1,30,30.24,30,29.78,30,30.13,0.46,0.46,0,stable,1,low,0.5,-0.04,-0.37,upstream,0.09,0.27,53.1,0.67,0.67,133.6,0.49,0.29,58.1,2026-09-09 03:22:00,v23_bias_fusion_01,0.144,0.67,0.46,1.0,0.65,1.0,0.35,0.4875,1.0,1.8375,0.456,1.0
2026-09-09T06:55:45Z,2026-09-09 14:55:45,2026-09-09 15:00,2026-09-09 07:00Z,2026-09-09 14:55:30,1,30,29.69,30,29.58,30,29.72,0.11,0.11,0,stable,0,none,0.72,0.13,0.3,upstream,0.0,0.19,48.4,-0.28,0.34,13.6,0.49,0.29,118.1,2026-09-09 03:22:00,v23_bias_fusion_01,0.057,-0.156,0.46,1.0,1.0,0.6,0.35,0.75,0.6,1.7,0.105,1.0
2026-09-09T07:55:45Z,2026-09-09 15:55:45,2026-09-09 16:00,2026-09-09 08:00Z,2026-09-09 15:55:30,1,27,27.24,27,27.23,27,26.69,0.01,0.01,0,outflow,7,extreme,2.61,-0.57,-1.74,crosswind,-0.08,0.11,53.2,-0.28,0.34,73.6,0.49,0.29,178.1,2026-09-09 10:55:00,v23_bias_fusion_01,-0.023,-0.156,0.46,1.0,1.0,0.6,0.35,0.75,0.6,1.7,0.089,0.15
2026-09-09T08:55:45Z,2026-09-09 16:55:45,2026-09-09 17:00,2026-09-09 09:00Z,2026-09-09 16:55:30,1,27,26.83,27,26.82,27,26.72,0.04,0.01,1,stable,0,none,1.33,0.0,0.1,crosswind,0.0,0.08,51.9,-0.28,0.34,133.6,0.49,0.29,238.1,2026-09-09 10:57:00,v23_bias_fusion_01,0.024,-0.156,0.46,1.0,0.65,0.25,0.35,0.4875,0.25,1.0875,0.044,1.0
2026-09-09T09:55:45Z,2026-09-09 17:55:45,2026-09-09 18:00,2026-09-09 10:00Z,2026-09-09 17:55:30,1,28,27.52,27,26.89,28,27.56,0.63,0.63,0,stable,0,none,1.18,0.0,-0.03,calm,0.68,0.26,21.8,0.78,0.49,28.5,0.49,0.29,298.1,2026-09-09 10:57:00,v23_bias_fusion_01,0.554,0.722,0.46,1.0,1.0,0.25,0.35,0.75,0.25,1.35,0.63,1.0
2026-09-09T10:55:45Z,2026-09-09 18:55:45,2026-09-09 19:00,2026-09-09 11:00Z,2026-09-09 18:55:30,1,27,26.96,26,26.46,27,26.52,0.5,0.5,0,stable,1,low,1.18,0.0,0.04,crosswind,0.0,0.18,21.8,0.78,0.49,88.5,0.49,0.29,358.1,2026-09-09 10:57:00,v23_bias_fusion_01,0.054,0.722,0.46,1.0,1.0,0.25,0.35,0.75,0.25,1.35,0.5,1.0
2026-09-09T11:55:45Z,2026-09-09 19:55:45,2026-09-09 20:00,2026-09-09 12:00Z,2026-09-09 19:55:30,1,27,26.77,26,26.32,27,26.64,0.45,0.45,0,stable,0,none,1.47,0.0,-0.09,calm,0.04,0.14,51.8,0.78,0.49,148.5,0.49,0.29,418.1,2026-09-09 10:57:00,v23_bias_fusion_01,0.07,0.722,0.46,1.0,0.65,0.0,0.35,0.4875,0.0,0.8375,0.45,1.0
2026-09-09T12:55:45Z,2026-09-09 20:55:45,2026-09-09 21:00,2026-09-09 13:00Z,2026-09-09 20:55:30,1,27,26.72,26,26.1,27,26.5,0.62,0.62,0,stable,0,none,1.37,0.0,-0.02,crosswind,0.18,0.15,21.7,0.88,0.63,28.5,0.49,0.29,478.1,2026-09-09 10:57:00,v23_bias_fusion_01,0.171,0.83,0.46,1.0,1.0,0.0,0.35,0.75,0.0,1.1,0.62,1.0
2026-09-09T13:55:45Z,2026-09-09 21:55:45,2026-09-09 22:00,2026-09-09 14:00Z,2026-09-09 21:55:30,1,27,26.61,26,25.93,26,26.46,0.68,0.68,0,stable,1,low,1.7,0.0,-0.04,calm,0.4,0.22,21.7,0.88,0.63,88.5,0.49,0.29,538.1,2026-09-09 10:57:00,v23_bias_fusion_01,0.346,0.83,0.46,1.0,1.0,0.0,0.35,0.75,0.0,1.1,0.676,1.0
2026-09-09T14:55:45Z,2026-09-09 22:55:45,2026-09-09 23:00,2026-09-09 15:00Z,2026-09-09 21:55:30,0,,,26,25.93,,,0.68,0.68,0,stable,1,low,1.7,0.0,-0.04,calm,0.57,0.33,51.7,0.88,0.63,148.5,0.49,0.29,598.1,2026-09-09 10:57:00,v23_bias_fusion_01,0.498,0.83,0.46,1.0,0.65,0.0,0.35,0.4875,0.0,0.8375,0.691,0.6
2026-09-09T15:55:45Z,2026-09-09 23:55:45,2026-09-10 00:00,2026-09-09 16:00Z,2026-09-09 23:55:30,1,26,26.29,26,25.61,26,25.61,0.68,0.68,0,stable,1,low,1.66,0.0,-0.05,calm,0.57,0.33,111.7,0.88,0.63,208.5,0.49,0.29,658.1,2026-09-09 10:57:00,v23_bias_fusion_01,0.498,0.83,0.46,0.55,0.3,0.0,0.1925,0.225,0.0,0.4175,0.677,1.0
2026-09-09T16:55:45Z,2026-09-10 00:55:45,2026-09-10 01:00,2026-09-09 17:00Z,2026-09-10 00:55:30,1,26,26.13,25,25.36,26,26.19,0.77,0.77,0,stable,0,none,1.43,0.0,-0.04,calm,0.89,0.5,51.6,0.88,0.63,268.5,0.49,0.29,718.1,2026-09-09 10:57:00,v23_bias_fusion_01,0.773,0.83,0.46,1.0,0.0,0.0,0.35,0.0,0.0,0.35,0.773,1.0
2026-09-09T17:55:45Z,2026-09-10 01:55:45,2026-09-10 02:00,2026-09-09 18:00Z,2026-09-10 01:55:30,1,26,26.32,25,25.42,26,26.37,0.9,0.9,0,stable,0,none,1.38,0.0,0.06,calm,1.14,0.69,51.2,0.88,0.63,328.5,0.49,0.29,778.1,2026-09-09 10:57:00,v23_bias_fusion_01,1.005,0.83,0.46,1.0,0.0,0.0,0.35,0.0,0.0,0.35,1.005,1.0
2026-09-09T18:55:45Z,2026-09-10 02:55:45,2026-09-10 03:00,2026-09-09 19:00Z,2026-09-10 02:55:30,1,26,26.07,25,25.43,26,25.8,0.64,0.64,0,stable,0,none,1.37,0.0,0.0,calm,0.08,0.51,21.1,0.88,0.72,28.4,0.49,0.29,838.1,2026-09-09 10:57:00,v23_bias_fusion_01,0.209,0.848,0.46,1.0,1.0,0.0,0.35,0.75,0.0,1.1,0.645,1.0
2026-09-09T19:55:45Z,2026-09-10 03:55:45,2026-09-10 04:00,2026-09-09 20:00Z,2026-09-10 03:55:30,1,26,25.97,25,25.34,26,25.69,0.63,0.63,0,stable,1,low,1.53,0.0,0.0,calm,0.07,0.38,51.1,0.88,0.72,88.4,0.49,0.29,898.1,2026-09-09 10:57:00,v23_bias_fusion_01,0.163,0.848,0.46,1.0,1.0,0.0,0.35,0.75,0.0,1.1,0.63,1.0
2026-09-09T20:55:45Z,2026-09-10 04:55:45,2026-09-10 05:00,2026-09-09 21:00Z,2026-09-10 04:55:30,1,25,24.78,24,24.2,25,24.6,0.58,0.58,0,stable,2,low,1.37,0.0,-0.07,calm,0.16,0.31,51.1,0.88,0.72,148.4,0.49,0.29,958.1,2026-09-09 23:40:00,v23_bias_fusion_01,0.205,0.848,0.46,1.0,0.65,0.0,0.35,0.4875,0.0,0.8375,0.579,1.0
2026-09-09T21:55:45Z,2026-09-10 05:55:45,2026-09-10 06:00,2026-09-09 22:00Z,2026-09-10 04:55:30,0,,,24,24.2,,,0.58,0.58,0,stable,2,low,1.37,0.0,-0.07,calm,0.3,0.31,21.0,0.88,0.72,208.4,0.49,0.29,1018.1,2026-09-09 23:40:00,v23_bias_fusion_01,0.303,0.848,0.46,1.0,0.3,0.0,0.35,0.225,0.0,0.575,0.516,0.6
2026-09-09T22:55:45Z,2026-09-10 06:55:45,2026-09-10 07:00,2026-09-09 23:00Z,2026-09-10 06:55:30,1,25,24.73,24,24.43,25,24.66,0.3,0.3,0,stable,1,low,0.83,0.0,0.03,calm,0.3,0.31,81.0,0.88,0.72,268.4,0.49,0.29,1078.1,2026-09-09 23:40:00,v23_bias_fusion_01,0.303,0.848,0.46,0.55,0.0,0.0,0.1925,0.0,0.0,0.1925,0.303,1.0
2026-09-09T23:55:45Z,2026-09-10 07:55:45,2026-09-10 08:00,2026-09-10 00:00Z,2026-09-10 07:55:30,1,25,25.16,25,25.04,25,25.38,0.12,0.12,0,stable,0,none,0.5,0.0,0.15,crosswind,0.07,0.24,51.0,0.88,0.72,328.4,0.49,0.29,1138.1,2026-09-09 23:40:00,v23_bias_fusion_01,0.121,0.848,0.46,1.0,0.0,0.0,0.35,0.0,0.0,0.35,0.121,1.0
2026-09-10T00:55:45Z,2026-09-10 08:55:45,2026-09-10 09:00,2026-09-10 01:00Z,2026-09-10 08:55:30,1,27,26.9,27,26.63,28,27.57,0.27,0.27,0,heating,0,none,1.12,0.14,0.46,crosswind,0.46,0.31,53.9,0.88,0.72,388.4,0.49,0.29,1198.1,2026-09-09 23:40:00,v23_bias_fusion_01,0.415,0.848,0.46,1.0,0.0,0.0,0.35,0.0,0.0,0.35,0.415,0.65
2026-09-10T01:55:45Z,2026-09-10 09:55:45,2026-09-10 10:00,2026-09-10 02:00Z,2026-09-10 09:55:30,1,29,28.53,28,28.49,29,28.79,0.04,0.04,0,cooling,1,low,1.36,-0.24,-0.26,crosswind,0.0,0.22,53.5,0.88,0.72,448.4,0.49,0.29,1258.1,2026-09-09 23:40:00,v23_bias_fusion_01,0.066,0.848,0.46,1.0,0.0,0.0,0.35,0.0,0.0,0.35,0.066,0.65
2026-09-10T02:55:45Z,2026-09-10 10:55:45,2026-09-10 11:00,2026-09-10 03:00Z,2026-09-10 10:55:30,1,29,28.53,28,28.47,29,28.77,0.06,0.06,0,stable,1,low,2.47,0.04,0.23,crosswind,0.01,0.16,53.9,0.88,0.72,508.4,0.49,0.29,1318.1,2026-09-09 23:40:00,v23_bias_fusion_01,0.055,0.848,0.46,1.0,0.0,0.0,0.35,0.0,0.0,0.35,0.055,1.0
2026-09-10T03:55:45Z,2026-09-10 11:55:45,2026-09-10 12:00,2026-09-10 04:00Z,2026-09-10 11:55:30,1,30,30.44,30,30.47,30,30.04,-0.03,-0.03,0,outflow,5,high,2.98,-0.27,-0.01,crosswind,0.0,0.11,53.4,-0.47,0.3,13.4,0.49,0.29,1378.1,2026-09-09 23:40:00,v23_bias_fusion_01,0.033,-0.316,0.46,1.0,1.0,0.0,0.35,0.75,0.0,1.1,-0.205,0.15
2026-09-10T04:55:45Z,2026-09-10 12:55:45,2026-09-10 13:00,2026-09-10 05:00Z,2026-09-10 12:55:30,1,27,27.44,28,27.52,27,27.07,-0.08,-0.08,0,convective,3,moderate,0.47,-0.27,-0.43,calm,0.0,0.08,52.4,-0.47,0.3,73.4,0.49,0.29,1438.1,2026-09-09 23:40:00,v23_bias_fusion_01,0.024,-0.316,0.46,1.0,1.0,0.0,0.35,0.75,0.0,1.1,-0.208,0.4
2026-09-10T05:55:45Z,2026-09-10 13:55:45,2026-09-10 14:00,2026-09-10 06:00Z,2026-09-10 13:55:30,1,29,29.02,29,29.09,30,29.54,-0.07,-0.07,0,convective,4,moderate,0.56,-0.28,-0.68,crosswind,0.0,0.06,50.7,-0.47,0.3,133.4,0.49,0.29,1498.1,2026-09-09 23:40:00,v23_bias_fusion_01,0.018,-0.316,0.46,1.0,0.65,0.0,0.35,0.4875,0.0,0.8375,-0.176,0.4
2026-09-10T06:55:45Z,2026-09-10 14:55:45,2026-09-10 15:00,2026-09-10 07:00Z,2026-09-10 14:55:30,1,28,27.77,28,27.86,27,26.91,-0.09,-0.09,0,outflow,8,extreme,2.94,-0.73,-1.23,crosswind,-0.59,-0.13,52.7,-0.79,-0.08,13.2,0.49,0.29,1558.1,2026-09-10 09:55:00,v23_bias_fusion_01,-0.452,-0.648,0.46,1.0,1.0,0.0,0.35,0.75,0.0,1.1,-0.586,0.15
2026-09-10T07:55:45Z,2026-09-10 15:55:45,2026-09-10 16:00,2026-09-10 08:00Z,2026-09-10 15:55:30,1,27,27.33,27,27.47,27,26.96,-0.54,-0.14,1,stable,1,low,2.16,0.01,0.28,calm,-0.36,-0.2,52.9,-0.79,-0.08,73.2,0.49,0.29,1618.1,2026-09-10 10:08:00,v23_bias_fusion_01,-0.312,-0.648,0.46,1.0,1.0,0.0,0.35,0.75,0.0,1.1,-0.541,1.0
2026-09-10T08:55:45Z,2026-09-10 16:55:45,2026-09-10 17:00,2026-09-10 09:00Z,2026-09-10 16:55:30,1,28,27.89,28,27.94,29,28.8,-0.05,-0.05,0,stable,0,none,1.43,0.0,-0.04,crosswind,1.03,0.17,53.3,-0.79,-0.08,133.2,0.49,0.29,1678.1,2026-09-10 10:08:00,v23_bias_fusion_01,0.772,-0.648,0.46,1.0,0.65,0.0,0.35,0.4875,0.0,0.8375,-0.055,1.0
2026-09-10T09:55:45Z,2026-09-10 17:55:45,2026-09-10 18:00,2026-09-10 10:00Z,2026-09-10 17:55:30,1,28,27.51,27,27.47,28,28.09,0.04,0.04,0,stable,0,none,1.35,0.0,-0.06,crosswind,0.56,0.29,53.3,-0.79,-0.08,193.2,0.49,0.29,1738.1,2026-09-10 10:08:00,v23_bias_fusion_01,0.479,-0.648,0.46,1.0,0.3,0.0,0.35,0.225,0.0,0.575,0.038,1.0
2026-09-10T10:55:45Z,2026-09-10 18:55:45,2026-09-10 19:00,2026-09-10 11:00Z,2026-09-10 18:55:30,1,27,26.84,27,26.76,27,27.09,0.08,0.08,0,stable,0,none,1.27,0.0,-0.13,crosswind,0.03,0.21,23.2,-0.79,-0.08,253.2,0.49,0.29,1798.1,2026-09-10 10:08:00,v23_bias_fusion_01,0.084,-0.648,0.46,1.0,0.0,0.0,0.35,0.0,0.0,0.35,0.084,1.0
2026-09-10T11:55:45Z,2026-09-10 19:55:45,2026-09-10 20:00,2026-09-10 12:00Z,2026-09-10 18:55:30,0,,,27,26.76,,,0.08,0.08,0,stable,0,none,1.27,0.0,-0.13,crosswind,0.0,0.15,53.3,-0.79,-0.08,313.2,0.49,0.29,1858.1,2026-09-10 10:08:00,v23_bias_fusion_01,0.045,-0.648,0.46,1.0,0.0,0.0,0.35,0.0,0.0,0.35,0.045,0.6
2026-09-10T12:55:45Z,2026-09-10 20:55:45,2026-09-10 21:00,2026-09-10 13:00Z,2026-09-10 18:55:30,0,,,27,26.76,,,0.08,0.08,0,stable,0,none,1.27,0.0,-0.13,crosswind,0.0,0.15,113.3,-0.79,-0.08,373.2,0.49,0.29,1918.1,2026-09-10 10:08:00,v23_bias_fusion_01,0.045,-0.648,0.46,0.55,0.0,0.0,0.1925,0.0,0.0,0.1925,0.045,0.6
2026-09-10T13:55:45Z,2026-09-10 21:55:45,2026-09-10 22:00,2026-09-10 14:00Z,2026-09-10 21:55:30,1,26,25.65,26,25.65,26,25.65,0.0,0.0,0,stable,0,none,1.25,0.0,-0.02,calm,0.0,0.15,173.3,-0.79,-0.08,433.2,0.49,0.29,1978.1,2026-09-10 10:08:00,v23_bias_fusion_01,0.045,-0.648,0.46,0.0,0.0,0.0,0.0,0.0,0.0,0.0,0.0,1.0
2026-09-10T14:55:45Z,2026-09-10 22:55:45,2026-09-10 23:00,2026-09-10 15:00Z,2026-09-10 22:55:30,1,26,26.44,26,25.74,27,26.55,0.7,0.7,0,stable,0,none,1.26,0.0,0.04,calm,0.85,0.36,23.2,-0.79,-0.08,493.2,0.49,0.29,2038.1,2026-09-10 10:08:00,v23_bias_fusion_01,0.703,-0.648,0.46,1.0,0.0,0.0,0.35,0.0,0.0,0.35,0.703,1.0
2026-09-10T15:55:45Z,2026-09-10 23:55:45,2026-09-11 00:00,2026-09-10 16:00Z,2026-09-10 23:55:30,1,27,26.62,26,25.78,27,26.54,0.84,0.84,0,stable,0,none,1.47,0.0,0.02,calm,0.76,0.48,23.2,1.06,0.32,28.1,0.49,0.29,2098.1,2026-09-10 10:08:00,v23_bias_fusion_01,0.676,0.912,0.46,1.0,1.0,0.0,0.35,0.75,0.0,1.1,0.837,1.0
2026-09-10T16:55:45Z,2026-09-11 00:55:45,2026-09-11 01:00,2026-09-10 17:00Z,2026-09-11 00:55:30,1,26,26.44,26,25.61,26,26.34,0.83,0.83,0,stable,0,none,1.35,0.0,-0.01,calm,0.72,0.55,23.2,1.06,0.32,88.1,0.49,0.29,2158.1,2026-09-10 10:08:00,v23_bias_fusion_01,0.669,0.912,0.46,1.0,1.0,0.0,0.35,0.75,0.0,1.1,0.835,1.0
2026-09-10T17:55:45Z,2026-09-11 01:55:45,2026-09-11 02:00,2026-09-10 18:00Z,2026-09-11 01:55:30,1,26,26.38,26,25.51,26,26.34,0.87,0.87,0,stable,1,low,1.5,0.0,-0.07,calm,0.89,0.65,53.1,1.06,0.32,148.1,0.49,0.29,2218.1,2026-09-10 10:08:00,v23_bias_fusion_01,0.818,0.912,0.46,1.0,0.65,0.0,0.35,0.4875,0.0,0.8375,0.873,1.0
2026-09-10T18:55:45Z,2026-09-11 02:55:45,2026-09-11 03:00,2026-09-10 19:00Z,2026-09-11 02:55:30,1,26,26.47,26,25.57,26,26.46,0.9,0.9,0,stable,0,none,1.3,0.0,-0.01,crosswind,0.99,0.75,23.1,0.99,0.55,13.0,0.49,0.29,2278.1,2026-09-10 10:08:00,v23_bias_fusion_01,0.918,0.902,0.46,1.0,1.0,0.0,0.35,0.75,0.0,1.1,0.907,1.0
2026-09-10T19:55:45Z,2026-09-11 03:55:45,2026-09-11 04:00,2026-09-10 20:00Z,2026-09-11 03:55:30,1,26,25.5,25,24.84,25,25.13,0.66,0.66,0,stable,0,none,1.02,0.0,-0.07,crosswind,0.0,0.52,23.1,0.99,0.55,73.0,0.49,0.29,2338.1,2026-09-10 10:08:00,v23_bias_fusion_01,0.156,0.902,0.46,1.0,1.0,0.0,0.35,0.75,0.0,1.1,0.665,1.0
2026-09-10T20:55:45Z,2026-09-11 04:55:45,2026-09-11 05:00,2026-09-10 21:00Z,2026-09-11 04:55:30,1,25,25.27,25,24.7,25,24.79,0.57,0.57,0,stable,0,none,0.8,0.0,0.0,calm,0.0,0.36,23.1,0.99,0.55,133.0,0.49,0.29,2398.1,2026-09-10 10:08:00,v23_bias_fusion_01,0.108,0.902,0.46,1.0,0.65,0.0,0.35,0.4875,0.0,0.8375,0.57,1.0
2026-09-10T21:55:45Z,2026-09-11 05:55:45,2026-09-11 06:00,2026-09-10 22:00Z,2026-09-11 05:55:30,1,25,25.08,25,24.65,25,24.79,0.43,0.43,0,stable,0,none,0.87,0.0,0.0,calm,0.0,0.25,23.0,0.6,0.57,13.0,0.49,0.29,2458.1,2026-09-10 10:08:00,v23_bias_fusion_01,0.075,0.594,0.46,1.0,1.0,0.0,0.35,0.75,0.0,1.1,0.429,1.0
2026-09-10T22:55:45Z,2026-09-11 06:55:45,2026-09-11 07:00,2026-09-10 23:00Z,2026-09-11 06:55:30,1,26,25.76,25,25.12,26,25.9,0.64,0.64,0,stable,0,none,0.68,0.0,0.17,calm,0.85,0.43,23.0,0.6,0.57,73.0,0.49,0.29,2518.1,2026-09-10 10:08:00,v23_bias_fusion_01,0.724,0.594,0.46,1.0,1.0,0.0,0.35,0.75,0.0,1.1,0.635,1.0
2026-09-10T23:55:45Z,2026-09-11 07:55:45,2026-09-11 08:00,2026-09-11 00:00Z,2026-09-11 07:55:30,1,27,27.22,27,26.67,28,27.62,0.55,0.55,0,heating,0,none,0.83,0.0,0.49,crosswind,1.38,0.71,23.0,0.6,0.57,133.0,0.49,0.29,2578.1,2026-09-10 10:08:00,v23_bias_fusion_01,1.179,0.594,0.46,1.0,0.65,0.0,0.35,0.4875,0.0,0.8375,0.838,0.65
2026-09-11T00:55:45Z,2026-09-11 08:55:45,2026-09-11 09:00,2026-09-11 01:00Z,2026-09-11 08:55:30,1,29,29.25,29,28.53,29,29.33,0.72,0.72,0,stable,1,low,0.77,-0.06,0.22,calm,0.83,0.75,51.1,0.6,0.57,193.0,0.49,0.29,2638.1,2026-09-10 10:08:00,v23_bias_fusion_01,0.806,0.594,0.46,1.0,0.3,0.0,0.35,0.225,0.0,0.575,0.723,1.0
2026-09-11T01:55:45Z,2026-09-11 09:55:45,2026-09-11 10:00,2026-09-11 02:00Z,2026-09-11 09:55:30,1,30,30.45,30,30.35,31,30.86,0.1,0.1,0,heating,0,none,1.3,0.15,0.62,calm,0.0,0.52,50.4,0.6,0.57,253.0,0.49,0.29,2698.1,2026-09-10 10:08:00,v23_bias_fusion_01,0.156,0.594,0.46,1.0,0.0,0.0,0.35,0.0,0.0,0.35,0.156,0.65
2026-09-11T02:55:45Z,2026-09-11 10:55:45,2026-09-11 11:00,2026-09-11 03:00Z,2026-09-11 10:55:30,1,31,31.07,31,31.0,31,30.71,0.07,0.07,0,heating,0,none,1.13,0.27,0.33,calm,0.0,0.36,53.9,0.6,0.57,313.0,0.49,0.29,2758.1,2026-09-10 10:08:00,v23_bias_fusion_01,0.108,0.594,0.46,1.0,0.0,0.0,0.35,0.0,0.0,0.35,0.108,0.65
2026-09-11T03:55:45Z,2026-09-11 11:55:45,2026-09-11 12:00,2026-09-11 04:00Z,2026-09-11 11:55:30,1,30,30.07,30,30.3,29,29.35,-0.23,-0.23,0,convective,3,moderate,1.22,-0.28,-0.31,crosswind,-0.5,0.1,52.7,-0.9,0.06,13.0,0.49,0.29,2818.1,2026-09-10 10:08:00,v23_bias_fusion_01,-0.32,-0.708,0.46,1.0,1.0,0.0,0.35,0.75,0.0,1.1,-0.585,0.4
2026-09-11T04:55:45Z,2026-09-11 12:55:45,2026-09-11 13:00,2026-09-11 05:00Z,2026-09-11 12:55:30,1,29,28.82,29,29.3,29,29.16,-0.48,-0.48,0,stable,0,none,0.03,0.0,-0.24,crosswind,0.0,0.07,50.7,-0.9,0.06,73.0,0.49,0.29,2878.1,2026-09-10 10:08:00,v23_bias_fusion_01,0.021,-0.708,0.46,1.0,1.0,0.0,0.35,0.75,0.0,1.1,-0.476,1.0
2026-09-11T05:55:45Z,2026-09-11 13:55:45,2026-09-11 14:00,2026-09-11 06:00Z,2026-09-11 13:55:30,1,29,29.35,30,29.69,30,29.98,-0.34,-0.34,0,stable,0,none,0.69,0.0,0.06,crosswind,0.2,0.11,51.9,-0.9,0.06,133.0,0.49,0.29,2938.1,2026-09-10 10:08:00,v23_bias_fusion_01,0.173,-0.708,0.46,1.0,0.65,0.0,0.35,0.4875,0.0,0.8375,-0.34,1.0
2026-09-11T06:55:45Z,2026-09-11 14:55:45,2026-09-11 15:00,2026-09-11 07:00Z,2026-09-11 14:55:30,1,30,29.54,30,29.8,30,29.94,-0.26,-0.26,0,stable,0,none,0.54,0.01,-0.05,crosswind,0.0,0.08,52.6,-0.9,0.06,193.0,0.49,0.29,2998.1,2026-09-10 10:08:00,v23_bias_fusion_01,0.024,-0.708,0.46,1.0,0.3,0.0,0.35,0.225,0.0,0.575,-0.262,1.0
2026-09-11T07:55:45Z,2026-09-11 15:55:45,2026-09-11 16:00,2026-09-11 08:00Z,2026-09-11 15:55:30,1,29,28.96,29,28.94,29,29.03,0.02,0.02,0,stable,0,none,0.39,-0.05,-0.15,crosswind,0.0,0.06,52.7,-0.9,0.06,253.0,0.49,0.29,3058.1,2026-09-10 10:08:00,v23_bias_fusion_01,0.018,-0.708,0.46,1.0,0.0,0.0,0.35,0.0,0.0,0.35,0.018,1.0
2026-09-11T08:55:45Z,2026-09-11 16:55:45,2026-09-11 17:00,2026-09-11 09:00Z,2026-09-11 16:55:30,1,29,28.6,29,28.59,29,28.62,0.01,0.01,0,stable,0,none,0.71,0.0,-0.12,crosswind,0.0,0.04,52.6,-0.9,0.06,313.0,0.49,0.29,3118.1,2026-09-10 10:08:00,v23_bias_fusion_01,0.012,-0.708,0.46,1.0,0.0,0.0,0.35,0.0,0.0,0.35,0.012,1.0
2026-09-11T09:55:45Z,2026-09-11 17:55:45,2026-09-11 18:00,2026-09-11 10:00Z,2026-09-11 17:55:30,1,27,27.38,28,27.75,28,27.5,-0.37,-0.37,0,stable,0,none,1.06,0.0,-0.15,calm,-0.09,0.0,52.5,-0.59,-0.17,27.9,0.49,0.29,3178.1,2026-09-10 10:08:00,v23_bias_fusion_01,-0.063,-0.506,0.46,1.0,1.0,0.0,0.35,0.75,0.0,1.1,-0.365,1.0
2026-09-11T10:55:45Z,2026-09-11 18:55:45,2026-09-11 19:00,2026-09-11 11:00Z,2026-09-11 18:55:30,1,27,26.82,27,27.16,27,27.26,-0.34,-0.34,0,stable,0,none,1.46,0.0,-0.05,calm,0.0,0.0,22.5,-0.59,-0.17,87.9,0.49,0.29,3238.1,2026-09-10 10:08:00,v23_bias_fusion_01,0.0,-0.506,0.46,1.0,1.0,0.0,0.35,0.75,0.0,1.1,-0.345,1.0
2026-09-11T11:55:45Z,2026-09-11 19:55:45,2026-09-11 20:00,2026-09-11 12:00Z,2026-09-11 19:55:30,1,27,26.84,27,27.02,28,27.5,-0.18,-0.18,0,stable,1,low,1.6,0.0,-0.03,calm,0.34,0.1,22.5,-0.59,-0.17,147.9,0.49,0.29,3298.1,2026-09-10 10:08:00,v23_bias_fusion_01,0.268,-0.506,0.46,1.0,0.65,0.0,0.35,0.4875,0.0,0.8375,-0.183,1.0
2026-09-11T12:55:45Z,2026-09-11 20:55:45,2026-09-11 21:00,2026-09-11 13:00Z,2026-09-11 19:55:30,0,,,27,27.02,,,-0.18,-0.18,0,stable,1,low,1.6,0.0,-0.03,calm,0.48,0.21,22.3,1.28,0.34,27.9,0.49,0.29,3358.1,2026-09-10 10:08:00,v23_bias_fusion_01,0.399,1.092,0.46,1.0,1.0,0.0,0.35,0.75,0.0,1.1,0.871,0.6
2026-09-11T13:55:45Z,2026-09-11 21:55:45,2026-09-11 22:00,2026-09-11 14:00Z,2026-09-11 19:55:30,0,,,27,27.02,,,-0.18,-0.18,0,stable,1,low,1.6,0.0,-0.03,calm,0.48,0.21,82.3,1.28,0.34,87.9,0.49,0.29,3418.1,2026-09-10 10:08:00,v23_bias_fusion_01,0.399,1.092,0.46,0.55,1.0,0.0,0.1925,0.75,0.0,0.9425,0.95,0.6
2026-09-11T14:55:45Z,2026-09-11 22:55:45,2026-09-11 23:00,2026-09-11 15:00Z,2026-09-11 22:55:30,1,28,27.56,27,26.66,27,26.66,0.9,0.9,0,stable,1,low,1.87,0.0,0.03,calm,0.48,0.21,142.3,1.28,0.34,147.9,0.49,0.29,3478.1,2026-09-10 10:08:00,v23_bias_fusion_01,0.399,1.092,0.46,0.0,0.65,0.0,0.0,0.4875,0.0,0.4875,1.092,1.0
2026-09-11T15:55:45Z,2026-09-11 23:55:45,2026-09-12 00:00,2026-09-11 16:00Z,2026-09-11 23:55:30,1,27,27.34,26,26.44,27,27.24,0.9,0.9,0,stable,1,low,1.9,0.0,-0.04,calm,0.84,0.4,52.3,1.24,0.66,27.8,0.49,0.29,3538.1,2026-09-10 10:08:00,v23_bias_fusion_01,0.708,1.124,0.46,1.0,1.0,0.0,0.35,0.75,0.0,1.1,0.992,1.0
2026-09-11T16:55:45Z,2026-09-12 00:55:45,2026-09-12 01:00,2026-09-11 17:00Z,2026-09-12 00:55:30,1,27,27.19,26,26.29,27,27.22,0.9,0.9,0,stable,1,low,1.98,0.0,-0.04,calm,1.06,0.6,52.3,1.24,0.66,87.8,0.49,0.29,3598.1,2026-09-10 10:08:00,v23_bias_fusion_01,0.922,1.124,0.46,1.0,1.0,0.0,0.35,0.75,0.0,1.1,1.06,1.0
2026-09-11T17:55:45Z,2026-09-12 01:55:45,2026-09-12 02:00,2026-09-11 18:00Z,2026-09-12 01:55:30,1,27,26.94,26,26.04,27,26.99,0.9,0.9,0,stable,1,low,1.81,0.0,-0.05,calm,1.21,0.78,52.3,1.24,0.66,147.8,0.49,0.29,3658.1,2026-09-10 10:08:00,v23_bias_fusion_01,1.081,1.124,0.46,1.0,0.65,0.0,0.35,0.4875,0.0,0.8375,1.106,1.0
2026-09-11T18:55:45Z,2026-09-12 02:55:45,2026-09-12 03:00,2026-09-11 19:00Z,2026-09-12 02:55:30,1,27,26.7,26,25.85,26,26.44,0.85,0.85,0,stable,1,low,1.68,0.0,0.04,calm,0.46,0.68,52.3,1.06,0.8,12.7,0.49,0.29,3718.1,2026-09-10 10:08:00,v23_bias_fusion_01,0.526,1.008,0.46,1.0,1.0,0.0,0.35,0.75,0.0,1.1,0.855,1.0
2026-09-11T19:55:45Z,2026-09-12 03:55:45,2026-09-12 04:00,2026-09-11 20:00Z,2026-09-12 03:55:30,1,27,26.65,26,25.75,26,26.44,0.9,0.9,0,stable,1,low,1.77,0.0,0.0,calm,0.65,0.67,22.2,1.06,0.8,72.7,0.49,0.29,3778.1,2026-09-10 10:08:00,v23_bias_fusion_01,0.656,1.008,0.46,1.0,1.0,0.0,0.35,0.75,0.0,1.1,0.896,1.0
2026-09-11T20:55:45Z,2026-09-12 04:55:45,2026-09-12 05:00,2026-09-11 21:00Z,2026-09-12 04:55:30,1,27,26.5,26,25.61,26,26.36,0.89,0.89,0,stable,1,low,1.77,0.0,-0.03,calm,0.75,0.69,52.2,1.06,0.8,132.7,0.49,0.29,3838.1,2026-09-10 10:08:00,v23_bias_fusion_01,0.732,1.008,0.46,1.0,0.65,0.0,0.35,0.4875,0.0,0.8375,0.893,1.0
2026-09-11T21:55:45Z,2026-09-12 05:55:45,2026-09-12 06:00,2026-09-11 22:00Z,2026-09-12 05:55:30,1,26,26.04,26,25.56,26,25.75,0.48,0.48,0,stable,1,low,1.67,0.0,-0.04,calm,0.0,0.48,22.2,1.06,0.8,192.7,0.49,0.29,3898.1,2026-09-10 10:08:00,v23_bias_fusion_01,0.144,1.008,0.46,1.0,0.3,0.0,0.35,0.225,0.0,0.575,0.482,1.0
2026-09-11T22:55:45Z,2026-09-12 06:55:45,2026-09-12 07:00,2026-09-11 23:00Z,2026-09-12 06:55:30,1,27,26.68,26,25.84,27,26.69,0.84,0.84,0,stable,0,none,1.33,0.0,0.1,calm,0.94,0.62,52.2,1.06,0.8,252.7,0.49,0.29,3958.1,2026-09-10 10:08:00,v23_bias_fusion_01,0.844,1.008,0.46,1.0,0.0,0.0,0.35,0.0,0.0,0.35,0.844,1.0
2026-09-11T23:55:45Z,2026-09-12 07:55:45,2026-09-12 08:00,2026-09-12 00:00Z,2026-09-12 07:55:30,1,27,27.27,27,26.62,27,27.32,0.65,0.65,0,stable,0,none,0.57,0.0,0.22,crosswind,0.66,0.63,52.2,1.06,0.8,312.7,0.49,0.29,4018.1,2026-09-10 10:08:00,v23_bias_fusion_01,0.651,1.008,0.46,1.0,0.0,0.0,0.35,0.0,0.0,0.35,0.651,1.0
2026-09-12T00:55:45Z,2026-09-12 08:55:45,2026-09-12 09:00,2026-09-12 01:00Z,2026-09-12 08:55:30,1,29,28.81,28,27.98,29,28.8,0.83,0.83,0,stable,0,none,0.6,0.16,0.32,crosswind,0.88,0.7,51.5,1.06,0.8,372.7,0.49,0.29,4078.1,2026-09-10 10:08:00,v23_bias_fusion_01,0.826,1.008,0.46,1.0,0.0,0.0,0.35,0.0,0.0,0.35,0.826,1.0
2026-09-12T01:55:45Z,2026-09-12 09:55:45,2026-09-12 10:00,2026-09-12 02:00Z,2026-09-12 09:55:30,1,29,28.91,29,28.76,29,28.79,0.15,0.15,0,stable,2,low,1.63,-0.06,0.06,calm,0.0,0.49,51.0,1.06,0.8,432.7,0.49,0.29,4138.1,2026-09-10 10:08:00,v23_bias_fusion_01,0.147,1.008,0.46,1.0,0.0,0.0,0.35,0.0,0.0,0.35,0.147,1.0
2026-09-12T02:55:45Z,2026-09-12 10:55:45,2026-09-12 11:00,2026-09-12 03:00Z,2026-09-12 10:55:30,1,30,30.1,30,30.0,30,30.12,0.1,0.1,0,stable,1,low,0.73,-0.01,0.35,crosswind,0.0,0.34,49.9,1.06,0.8,492.7,0.49,0.29,4198.1,2026-09-10 10:08:00,v23_bias_fusion_01,0.102,1.008,0.46,1.0,0.0,0.0,0.35,0.0,0.0,0.35,0.102,1.0
2026-09-12T03:55:45Z,2026-09-12 11:55:45,2026-09-12 12:00,2026-09-12 04:00Z,2026-09-12 11:55:30,1,30,30.13,30,30.09,30,30.1,0.04,0.04,0,stable,0,none,1.44,-0.07,-0.28,calm,0.0,0.24,50.8,-0.1,0.49,27.6,0.49,0.29,4258.1,2026-09-10 10:08:00,v23_bias_fusion_01,0.072,0.018,0.46,1.0,1.0,0.0,0.35,0.75,0.0,1.1,0.035,1.0
2026-09-12T04:55:45Z,2026-09-12 12:55:45,2026-09-12 13:00,2026-09-12 05:00Z,2026-09-12 12:55:30,1,30,29.94,30,29.91,30,29.87,0.03,0.03,0,stable,0,none,0.9,0.05,0.06,crosswind,0.0,0.17,13.9,-0.1,0.49,87.6,0.49,0.29,4318.1,2026-09-10 10:08:00,v23_bias_fusion_01,0.051,0.018,0.46,1.0,1.0,0.0,0.35,0.75,0.0,1.1,0.028,1.0
2026-09-12T05:55:45Z,2026-09-12 13:55:45,2026-09-12 14:00,2026-09-12 06:00Z,2026-09-12 13:55:30,1,31,30.93,31,30.92,31,30.97,0.03,0.01,1,stable,1,low,1.53,0.19,-0.09,crosswind,0.0,0.12,47.8,-0.1,0.49,147.6,0.49,0.29,4378.1,2026-09-12 08:50:00,v23_bias_fusion_01,0.036,0.018,0.46,1.0,0.65,0.0,0.35,0.4875,0.0,0.8375,0.026,1.0
2026-09-12T06:55:45Z,2026-09-12 14:55:45,2026-09-12 15:00,2026-09-12 07:00Z,2026-09-12 14:55:30,1,31,30.63,31,30.66,31,30.74,-0.03,-0.03,0,outflow,5,high,1.1,-0.26,-0.58,crosswind,0.0,0.08,51.4,-0.42,0.17,12.6,0.49,0.29,4438.1,2026-09-12 08:50:00,v23_bias_fusion_01,0.024,-0.302,0.46,1.0,1.0,0.0,0.35,0.75,0.0,1.1,-0.198,0.15
2026-09-12T07:55:45Z,2026-09-12 15:55:45,2026-09-12 16:00,2026-09-12 08:00Z,2026-09-12 15:55:30,1,29,29.0,29,29.24,29,28.86,-0.24,-0.24,0,stable,0,none,0.75,-0.08,-0.28,calm,-0.16,0.01,53.9,-0.42,0.17,72.6,0.49,0.29,4498.1,2026-09-12 08:50:00,v23_bias_fusion_01,-0.109,-0.302,0.46,1.0,1.0,0.0,0.35,0.75,0.0,1.1,-0.241,1.0
2026-09-12T08:55:45Z,2026-09-12 16:55:45,2026-09-12 17:00,2026-09-12 09:00Z,2026-09-12 16:55:30,1,29,28.5,29,28.67,29,28.56,-0.17,-0.17,0,stable,0,none,0.7,0.0,-0.03,crosswind,0.0,0.01,51.5,-0.42,0.17,132.6,0.49,0.29,4558.1,2026-09-12 08:50:00,v23_bias_fusion_01,0.003,-0.302,0.46,1.0,0.65,0.0,0.35,0.4875,0.0,0.8375,-0.175,1.0
2026-09-12T09:55:45Z,2026-09-12 17:55:45,2026-09-12 18:00,2026-09-12 10:00Z,2026-09-12 17:55:30,1,29,28.55,28,28.4,29,28.54,0.15,0.15,0,stable,0,none,0.82,0.0,-0.03,crosswind,0.0,0.01,51.5,0.23,0.19,12.6,0.49,0.29,4618.1,2026-09-12 08:50:00,v23_bias_fusion_01,0.003,0.222,0.46,1.0,1.0,0.0,0.35,0.75,0.0,1.1,0.152,1.0
2026-09-12T10:55:45Z,2026-09-12 18:55:45,2026-09-12 19:00,2026-09-12 11:00Z,2026-09-12 18:55:30,1,28,28.08,28,27.9,28,28.25,0.18,0.18,0,stable,0,none,1.38,0.0,-0.09,calm,0.1,0.04,51.4,0.23,0.19,72.6,0.49,0.29,4678.1,2026-09-12 08:50:00,v23_bias_fusion_01,0.082,0.222,0.46,1.0,1.0,0.0,0.35,0.75,0.0,1.1,0.177,1.0
2026-09-12T11:55:45Z,2026-09-12 19:55:45,2026-09-12 20:00,2026-09-12 12:00Z,2026-09-12 19:55:30,1,28,28.03,28,27.7,28,28.34,0.33,0.33,0,stable,0,none,1.32,0.0,-0.19,calm,0.6,0.21,51.1,0.23,0.19,132.6,0.49,0.29,4738.1,2026-09-12 08:50:00,v23_bias_fusion_01,0.483,0.222,0.46,1.0,0.65,0.0,0.35,0.4875,0.0,0.8375,0.331,1.0
2026-09-12T12:55:45Z,2026-09-12 20:55:45,2026-09-12 21:00,2026-09-12 13:00Z,2026-09-12 20:55:30,1,28,27.72,27,26.9,28,27.67,0.82,0.82,0,stable,0,none,1.38,0.0,-0.07,calm,0.8,0.39,51.1,1.0,0.47,12.5,0.49,0.29,4798.1,2026-09-12 08:50:00,v23_bias_fusion_01,0.677,0.894,0.46,1.0,1.0,0.0,0.35,0.75,0.0,1.1,0.825,1.0
2026-09-12T13:55:45Z,2026-09-12 21:55:45,2026-09-12 22:00,2026-09-12 14:00Z,2026-09-12 21:55:30,1,27,27.48,27,26.69,27,27.35,0.79,0.79,0,stable,0,none,1.05,0.0,-0.11,calm,0.6,0.45,51.1,1.0,0.47,72.5,0.49,0.29,4858.1,2026-09-12 08:50:00,v23_bias_fusion_01,0.555,0.894,0.46,1.0,1.0,0.0,0.35,0.75,0.0,1.1,0.786,1.0
2026-09-12T14:55:45Z,2026-09-12 22:55:45,2026-09-12 23:00,2026-09-12 15:00Z,2026-09-12 22:55:30,1,27,27.48,27,26.65,27,27.43,0.83,0.83,0,stable,0,none,1.47,0.0,0.01,calm,0.81,0.56,21.0,1.0,0.47,132.5,0.49,0.29,4918.1,2026-09-12 08:50:00,v23_bias_fusion_01,0.735,0.894,0.46,1.0,0.65,0.0,0.35,0.4875,0.0,0.8375,0.828,1.0
2026-09-12T15:55:45Z,2026-09-12 23:55:45,2026-09-13 00:00,2026-09-12 16:00Z,2026-09-12 23:55:30,1,28,27.76,27,26.86,27,27.25,0.9,0.9,0,stable,0,none,1.02,0.0,0.09,calm,0.81,0.56,81.0,1.65,0.88,9.8,0.49,0.29,4978.1,2026-09-12 08:50:00,v23_bias_fusion_01,0.735,1.496,0.46,0.55,1.0,0.0,0.1925,0.75,0.0,0.9425,1.341,1.0
2026-09-12T16:55:45Z,2026-09-13 00:55:45,2026-09-13 01:00,2026-09-12 17:00Z,2026-09-13 00:55:30,1,28,27.82,27,26.92,28,27.6,0.9,0.9,0,stable,0,none,0.87,0.0,-0.04,calm,0.64,0.58,35.8,1.65,0.88,69.8,0.49,0.29,5038.1,2026-09-12 08:50:00,v23_bias_fusion_01,0.622,1.496,0.46,1.0,1.0,0.0,0.35,0.75,0.0,1.1,1.218,1.0
2026-09-12T17:55:45Z,2026-09-13 01:55:45,2026-09-13 02:00,2026-09-12 18:00Z,2026-09-13 01:55:30,1,28,27.63,27,26.73,27,27.38,0.9,0.9,0,stable,1,low,0.81,0.0,-0.03,crosswind,0.58,0.58,35.8,1.65,0.88,129.8,0.49,0.29,5098.1,2026-09-12 08:50:00,v23_bias_fusion_01,0.58,1.496,0.46,1.0,0.65,0.0,0.35,0.4875,0.0,0.8375,1.113,1.0
2026-09-12T18:55:45Z,2026-09-13 02:55:45,2026-09-13 03:00,2026-09-12 19:00Z,2026-09-13 02:55:30,1,27,27.21,26,26.32,27,27.08,0.89,0.89,0,stable,0,none,1.02,0.0,-0.08,calm,0.77,0.64,35.8,0.97,0.91,20.9,0.49,0.29,5158.1,2026-09-12 08:50:00,v23_bias_fusion_01,0.731,0.958,0.46,1.0,1.0,0.0,0.35,0.75,0.0,1.1,0.886,1.0
2026-09-12T19:55:45Z,2026-09-13 03:55:45,2026-09-13 04:00,2026-09-12 20:00Z,2026-09-13 03:55:30,1,27,26.9,26,26.16,27,26.58,0.74,0.74,0,stable,0,none,0.8,0.0,-0.04,crosswind,0.18,0.5,35.7,0.97,0.91,80.9,0.49,0.29,5218.1,2026-09-12 08:50:00,v23_bias_fusion_01,0.276,0.958,0.46,1.0,1.0,0.0,0.35,0.75,0.0,1.1,0.741,1.0
2026-09-12T20:55:45Z,2026-09-13 04:55:45,2026-09-13 05:00,2026-09-12 21:00Z,2026-09-13 04:55:30,1,27,26.84,26,26.13,27,26.64,0.71,0.71,0,stable,0,none,0.64,0.0,0.0,crosswind,0.34,0.45,35.7,0.97,0.91,140.9,0.49,0.29,5278.1,2026-09-12 08:50:00,v23_bias_fusion_01,0.373,0.958,0.46,1.0,0.65,0.0,0.35,0.4875,0.0,0.8375,0.714,1.0
2026-09-12T21:55:45Z,2026-09-13 05:55:45,2026-09-13 06:00,2026-09-12 22:00Z,2026-09-13 05:55:30,1,27,26.66,26,25.88,26,26.4,0.78,0.78,0,stable,0,none,0.92,0.0,-0.04,crosswind,0.37,0.43,35.7,0.97,0.93,5.8,0.49,0.29,5338.1,2026-09-12 08:50:00,v23_bias_fusion_01,0.388,0.962,0.46,1.0,1.0,0.0,0.35,0.75,0.0,1.1,0.779,1.0
2026-09-12T22:55:45Z,2026-09-13 06:55:45,2026-09-13 07:00,2026-09-12 23:00Z,2026-09-13 06:55:30,1,27,27.39,27,26.55,27,27.22,0.84,0.84,0,stable,0,none,0.67,0.0,0.27,crosswind,0.62,0.49,35.7,0.97,0.93,65.8,0.49,0.29,5398.1,2026-09-12 08:50:00,v23_bias_fusion_01,0.581,0.962,0.46,1.0,1.0,0.0,0.35,0.75,0.0,1.1,0.841,1.0
2026-09-12T23:55:45Z,2026-09-13 07:55:45,2026-09-13 08:00,2026-09-13 00:00Z,2026-09-13 07:55:30,1,29,29.16,28,28.26,29,29.12,0.9,0.9,0,stable,1,low,1.53,0.0,0.34,crosswind,0.95,0.63,35.7,0.97,0.93,125.8,0.49,0.29,5458.1,2026-09-12 08:50:00,v23_bias_fusion_01,0.854,0.962,0.46,1.0,0.65,0.0,0.35,0.4875,0.0,0.8375,0.917,1.0
2026-09-13T00:55:45Z,2026-09-13 08:55:45,2026-09-13 09:00,2026-09-13 01:00Z,2026-09-13 08:55:30,1,31,30.91,30,30.43,31,31.19,0.48,0.48,0,heating,1,low,1.13,0.02,0.52,downstream,0.24,0.51,51.3,0.94,0.93,5.8,0.49,0.29,5518.1,2026-09-12 08:50:00,v23_bias_fusion_01,0.321,0.938,0.46,1.0,1.0,0.0,0.35,0.75,0.0,1.1,0.742,0.65
2026-09-13T01:55:45Z,2026-09-13 09:55:45,2026-09-13 10:00,2026-09-13 02:00Z,2026-09-13 09:55:30,1,32,31.79,31,31.1,31,31.45,0.69,0.69,0,stable,2,low,1.8,0.13,0.12,downstream,0.07,0.38,22.5,0.94,0.93,65.8,0.49,0.29,5578.1,2026-09-12 08:50:00,v23_bias_fusion_01,0.163,0.938,0.46,1.0,1.0,0.0,0.35,0.75,0.0,1.1,0.691,1.0
2026-09-13T02:55:45Z,2026-09-13 10:55:45,2026-09-13 11:00,2026-09-13 03:00Z,2026-09-13 10:55:30,1,32,32.25,32,31.67,32,31.64,0.58,0.58,0,stable,2,low,1.43,-0.06,0.29,downstream,0.0,0.27,49.7,0.94,0.93,125.8,0.49,0.29,5638.1,2026-09-12 08:50:00,v23_bias_fusion_01,0.081,0.938,0.46,1.0,0.65,0.0,0.35,0.4875,0.0,0.8375,0.58,1.0
2026-09-13T03:55:45Z,2026-09-13 11:55:45,2026-09-13 12:00,2026-09-13 04:00Z,2026-09-13 11:55:30,1,32,32.28,32,32.28,33,32.61,0.0,0.0,0,convective,3,moderate,2.93,0.04,-0.02,downstream,0.0,0.19,49.5,-0.17,0.55,25.9,0.49,0.29,5698.1,2026-09-12 08:50:00,v23_bias_fusion_01,0.057,-0.026,0.46,1.0,1.0,0.0,0.35,0.75,0.0,1.1,0.0,0.4
2026-09-13T04:55:45Z,2026-09-13 12:55:45,2026-09-13 13:00,2026-09-13 05:00Z,2026-09-13 12:55:30,1,31,31.14,31,31.14,31,30.89,0.0,0.0,0,convective,3,moderate,1.17,-0.11,-0.56,crosswind,0.0,0.13,48.5,-0.17,0.55,85.9,0.49,0.29,5758.1,2026-09-13 07:15:00,v23_bias_fusion_01,0.039,-0.026,0.46,1.0,1.0,0.0,0.35,0.75,0.0,1.1,-0.005,0.4
2026-09-13T05:55:45Z,2026-09-13 13:55:45,2026-09-13 14:00,2026-09-13 06:00Z,2026-09-13 13:55:30,1,30,30.06,30,30.06,30,30.0,0.0,0.0,0,stable,0,none,1.1,0.04,-0.18,crosswind,0.0,0.09,49.8,-0.17,0.55,145.9,0.49,0.29,5818.1,2026-09-13 07:15:00,v23_bias_fusion_01,0.027,-0.026,0.46,1.0,0.65,0.0,0.35,0.4875,0.0,0.8375,-0.004,1.0
2026-09-13T06:55:45Z,2026-09-13 14:55:45,2026-09-13 15:00,2026-09-13 07:00Z,2026-09-13 14:55:30,1,31,31.1,31,31.2,31,31.17,-0.1,-0.1,0,stable,0,none,0.86,0.03,-0.03,crosswind,0.0,0.06,49.9,-0.26,0.27,10.9,0.49,0.29,5878.1,2026-09-13 07:15:00,v23_bias_fusion_01,0.018,-0.154,0.46,1.0,1.0,0.0,0.35,0.75,0.0,1.1,-0.099,1.0
2026-09-13T07:55:45Z,2026-09-13 15:55:45,2026-09-13 16:00,2026-09-13 08:00Z,2026-09-13 15:55:30,1,31,31.21,31,31.28,31,31.12,-0.07,-0.07,0,cooling,1,low,0.97,-0.07,-0.49,crosswind,0.0,0.04,53.1,-0.26,0.27,70.9,0.49,0.29,5938.1,2026-09-13 07:15:00,v23_bias_fusion_01,0.012,-0.154,0.46,1.0,1.0,0.0,0.35,0.75,0.0,1.1,-0.101,0.65
2026-09-13T08:55:45Z,2026-09-13 16:55:45,2026-09-13 17:00,2026-09-13 09:00Z,2026-09-13 16:55:30,1,28,28.3,28,28.44,27,27.49,-0.14,-0.14,0,convective,3,moderate,2.48,0.0,-0.9,crosswind,-0.78,-0.21,51.0,-0.26,0.27,130.9,0.49,0.29,5998.1,2026-09-13 11:55:00,v23_bias_fusion_01,-0.609,-0.154,0.46,1.0,0.65,0.0,0.35,0.4875,0.0,0.8375,-0.344,0.4
2026-09-13T09:55:45Z,2026-09-13 17:55:45,2026-09-13 18:00,2026-09-13 10:00Z,2026-09-13 17:55:30,1,26,25.7,26,25.66,25,25.39,0.16,0.04,1,stable,1,low,1.22,0.0,0.14,calm,0.0,-0.15,21.0,0.26,0.27,25.9,0.49,0.29,6058.1,2026-09-13 12:20:00,v23_bias_fusion_01,-0.045,0.262,0.46,1.0,1.0,0.0,0.35,0.75,0.0,1.1,0.164,1.0
2026-09-13T10:55:45Z,2026-09-13 18:55:45,2026-09-13 19:00,2026-09-13 11:00Z,2026-09-13 18:55:30,1,26,26.28,26,25.9,27,26.65,0.38,0.38,0,stable,0,none,1.37,0.0,0.01,calm,0.84,0.15,21.0,0.26,0.27,85.9,0.49,0.29,6118.1,2026-09-13 12:20:00,v23_bias_fusion_01,0.633,0.262,0.46,1.0,1.0,0.0,0.35,0.75,0.0,1.1,0.38,1.0
2026-09-13T11:55:45Z,2026-09-13 19:55:45,2026-09-13 20:00,2026-09-13 12:00Z,2026-09-13 19:55:30,1,27,26.8,26,26.11,27,27.06,0.69,0.69,0,stable,1,low,0.9,0.0,0.0,calm,1.6,0.59,51.0,0.26,0.27,145.9,0.49,0.29,6178.1,2026-09-13 12:20:00,v23_bias_fusion_01,1.297,0.262,0.46,1.0,0.65,0.0,0.35,0.4875,0.0,0.8375,0.695,1.0
2026-09-13T12:55:45Z,2026-09-13 20:55:45,2026-09-13 21:00,2026-09-13 13:00Z,2026-09-13 20:55:30,1,27,26.56,26,25.66,27,26.61,0.9,0.9,0,stable,1,low,1.57,0.0,0.05,crosswind,1.39,0.83,21.0,1.59,0.73,25.9,0.49,0.29,6238.1,2026-09-13 12:20:00,v23_bias_fusion_01,1.222,1.418,0.46,1.0,1.0,0.0,0.35,0.75,0.0,1.1,1.356,1.0
2026-09-13T13:55:45Z,2026-09-13 21:55:45,2026-09-13 22:00,2026-09-13 14:00Z,2026-09-13 21:55:30,1,27,26.65,26,25.75,27,26.56,0.9,0.9,0,stable,0,none,1.16,0.0,0.01,calm,0.84,0.83,21.0,1.59,0.73,85.9,0.49,0.29,6298.1,2026-09-13 12:20:00,v23_bias_fusion_01,0.837,1.418,0.46,1.0,1.0,0.0,0.35,0.75,0.0,1.1,1.233,1.0
2026-09-13T14:55:45Z,2026-09-13 22:55:45,2026-09-13 23:00,2026-09-13 15:00Z,2026-09-13 22:55:30,1,27,26.9,26,26.0,27,26.76,0.9,0.9,0,stable,0,none,1.37,0.0,0.0,calm,0.75,0.81,20.9,1.59,0.73,145.9,0.49,0.29,6358.1,2026-09-13 12:20:00,v23_bias_fusion_01,0.768,1.418,0.46,1.0,0.65,0.0,0.35,0.4875,0.0,0.8375,1.146,1.0
2026-09-13T15:55:45Z,2026-09-13 23:55:45,2026-09-14 00:00,2026-09-13 16:00Z,2026-09-13 23:55:30,1,27,26.73,26,26.01,27,26.62,0.72,0.72,0,stable,0,none,1.47,0.0,0.0,crosswind,0.5,0.72,50.9,0.8,0.75,25.9,0.49,0.29,6418.1,2026-09-13 12:20:00,v23_bias_fusion_01,0.566,0.79,0.46,1.0,1.0,0.0,0.35,0.75,0.0,1.1,0.719,1.0
2026-09-13T16:55:45Z,2026-09-14 00:55:45,2026-09-14 01:00,2026-09-13 17:00Z,2026-09-14 00:55:30,1,27,26.89,26,25.99,27,26.94,0.9,0.9,0,stable,0,none,1.44,0.0,-0.04,crosswind,1.49,0.95,50.9,0.8,0.75,85.9,0.49,0.29,6478.1,2026-09-13 12:20:00,v23_bias_fusion_01,1.328,0.79,0.46,1.0,1.0,0.0,0.35,0.75,0.0,1.1,0.961,1.0
2026-09-13T17:55:45Z,2026-09-14 01:55:45,2026-09-14 02:00,2026-09-13 18:00Z,2026-09-14 01:55:30,1,27,26.59,26,25.88,27,26.51,0.71,0.71,0,stable,0,none,1.43,0.0,0.01,calm,0.51,0.82,50.9,0.8,0.75,145.9,0.49,0.29,6538.1,2026-09-13 12:20:00,v23_bias_fusion_01,0.603,0.79,0.46,1.0,0.65,0.0,0.35,0.4875,0.0,0.8375,0.712,1.0
2026-09-13T18:55:45Z,2026-09-14 02:55:45,2026-09-14 03:00,2026-09-13 19:00Z,2026-09-14 02:55:30,1,26,26.41,26,25.65,26,26.33,0.76,0.76,0,stable,1,low,1.56,0.0,-0.03,calm,0.62,0.76,50.7,0.82,0.77,10.9,0.49,0.29,6598.1,2026-09-13 12:20:00,v23_bias_fusion_01,0.662,0.81,0.46,1.0,1.0,0.0,0.35,0.75,0.0,1.1,0.763,1.0
2026-09-13T19:55:45Z,2026-09-14 03:55:45,2026-09-14 04:00,2026-09-13 20:00Z,2026-09-14 03:55:30,1,27,26.5,26,25.68,26,26.49,0.82,0.82,0,stable,0,none,1.46,0.0,0.0,calm,0.85,0.79,20.7,0.82,0.77,70.9,0.49,0.29,6658.1,2026-09-13 12:20:00,v23_bias_fusion_01,0.832,0.81,0.46,1.0,1.0,0.0,0.35,0.75,0.0,1.1,0.817,1.0
2026-09-13T20:55:45Z,2026-09-14 04:55:45,2026-09-14 05:00,2026-09-13 21:00Z,2026-09-14 04:55:30,1,26,26.44,26,25.63,26,26.42,0.81,0.81,0,stable,1,low,1.51,0.0,0.03,calm,0.82,0.8,50.7,0.82,0.77,130.9,0.49,0.29,6718.1,2026-09-13 12:20:00,v23_bias_fusion_01,0.814,0.81,0.46,1.0,0.65,0.0,0.35,0.4875,0.0,0.8375,0.812,1.0
2026-09-13T21:55:45Z,2026-09-14 05:55:45,2026-09-14 06:00,2026-09-13 22:00Z,2026-09-14 05:55:30,1,26,26.33,25,25.47,26,26.29,0.86,0.86,0,stable,1,low,1.7,0.0,0.01,calm,0.87,0.82,20.7,0.87,0.81,25.8,0.49,0.29,6778.1,2026-09-13 12:20:00,v23_bias_fusion_01,0.855,0.858,0.46,1.0,1.0,0.0,0.35,0.75,0.0,1.1,0.857,1.0
2026-09-13T22:55:45Z,2026-09-14 06:55:45,2026-09-14 07:00,2026-09-13 23:00Z,2026-09-14 06:55:30,1,27,27.06,26,26.41,27,26.75,0.65,0.65,0,stable,1,low,2.67,0.0,0.23,calm,0.03,0.58,50.7,0.87,0.81,85.8,0.49,0.29,6838.1,2026-09-13 12:20:00,v23_bias_fusion_01,0.195,0.858,0.46,1.0,1.0,0.0,0.35,0.75,0.0,1.1,0.647,1.0
2026-09-13T23:55:45Z,2026-09-14 07:55:45,2026-09-14 08:00,2026-09-14 00:00Z,2026-09-14 07:55:30,1,28,28.25,28,27.67,28,28.03,0.58,0.58,0,stable,1,low,2.34,0.0,0.36,calm,0.09,0.43,50.7,0.87,0.81,145.8,0.49,0.29,6898.1,2026-09-13 12:20:00,v23_bias_fusion_01,0.192,0.858,0.46,1.0,0.65,0.0,0.35,0.4875,0.0,0.8375,0.58,1.0
2026-09-14T00:55:45Z,2026-09-14 08:55:45,2026-09-14 09:00,2026-09-14 01:00Z,2026-09-14 08:55:30,1,31,30.69,30,30.05,31,31.0,0.64,0.64,0,heating,1,low,2.3,0.2,0.24,crosswind,0.83,0.55,49.4,1.13,0.92,10.8,0.49,0.29,6958.1,2026-09-13 12:20:00,v23_bias_fusion_01,0.746,1.088,0.46,1.0,1.0,0.0,0.35,0.75,0.0,1.1,0.979,0.65
2026-09-14T01:55:45Z,2026-09-14 09:55:45,2026-09-14 10:00,2026-09-14 02:00Z,2026-09-14 09:55:30,1,32,31.68,31,31.17,31,31.17,0.51,0.51,0,heating,1,low,0.58,-0.02,0.51,crosswind,0.0,0.39,51.3,1.13,0.92,70.8,0.49,0.29,7018.1,2026-09-13 12:20:00,v23_bias_fusion_01,0.117,1.088,0.46,1.0,1.0,0.0,0.35,0.75,0.0,1.1,0.779,0.65
2026-09-14T02:55:45Z,2026-09-14 10:55:45,2026-09-14 11:00,2026-09-14 03:00Z,2026-09-14 10:55:30,1,32,31.89,31,31.44,31,30.78,0.45,0.45,0,stable,0,none,1.23,0.01,0.39,crosswind,-0.67,0.07,49.0,1.13,0.92,130.8,0.49,0.29,7078.1,2026-09-13 12:20:00,v23_bias_fusion_01,-0.448,1.088,0.46,1.0,0.65,0.0,0.35,0.4875,0.0,0.8375,0.446,1.0
2026-09-14T03:55:45Z,2026-09-14 11:55:45,2026-09-14 12:00,2026-09-14 04:00Z,2026-09-14 11:55:30,1,31,31.04,32,31.51,31,31.25,-0.47,-0.47,0,stable,1,low,0.6,-0.12,-0.12,crosswind,0.0,0.05,51.9,-0.94,0.27,25.8,0.49,0.29,7138.1,2026-09-13 12:20:00,v23_bias_fusion_01,0.015,-0.698,0.46,1.0,1.0,0.0,0.35,0.75,0.0,1.1,-0.471,1.0
2026-09-14T04:55:45Z,2026-09-14 12:55:45,2026-09-14 13:00,2026-09-14 05:00Z,2026-09-14 12:55:30,1,32,32.02,32,32.21,32,31.7,-0.19,-0.19,0,convective,3,moderate,0.43,-0.17,-0.09,crosswind,-0.01,0.03,49.5,-0.94,0.27,85.8,0.49,0.29,7198.1,2026-09-13 12:20:00,v23_bias_fusion_01,0.002,-0.698,0.46,1.0,1.0,0.0,0.35,0.75,0.0,1.1,-0.475,0.4
2026-09-14T05:55:45Z,2026-09-14 13:55:45,2026-09-14 14:00,2026-09-14 06:00Z,2026-09-14 13:55:30,1,32,32.24,33,32.76,33,32.66,-0.52,-0.52,0,stable,2,low,0.53,0.01,0.36,crosswind,0.0,0.02,52.8,-0.94,0.27,145.8,-0.71,-0.06,57.2,2026-09-13 12:20:00,v23_bias_fusion_01,0.006,-0.698,-0.612,1.0,0.65,1.0,0.35,0.4875,1.0,1.8375,-0.517,1.0
2026-09-14T06:55:45Z,2026-09-14 14:55:45,2026-09-14 15:00,2026-09-14 07:00Z,2026-09-14 14:55:30,1,32,31.6,32,31.85,31,31.11,-0.25,-0.25,0,convective,3,moderate,1.73,-0.46,-0.69,crosswind,-0.26,-0.06,51.4,-0.86,-0.13,25.8,-0.76,-0.3,55.6,2026-09-13 12:20:00,v23_bias_fusion_01,-0.2,-0.714,-0.691,1.0,1.0,1.0,0.35,0.75,1.0,2.1,-0.617,0.4
2026-09-14T07:55:45Z,2026-09-14 15:55:45,2026-09-14 16:00,2026-09-14 08:00Z,2026-09-14 15:55:30,1,33,33.26,34,33.51,34,33.63,-0.25,-0.25,0,heating,1,low,1.86,0.21,-0.21,crosswind,0.0,-0.04,51.0,-0.86,-0.13,85.8,-0.25,-0.28,56.8,2026-09-13 12:20:00,v23_bias_fusion_01,-0.012,-0.714,-0.255,1.0,1.0,1.0,0.35,0.75,1.0,2.1,-0.378,0.65
2026-09-14T08:55:45Z,2026-09-14 16:55:45,2026-09-14 17:00,2026-09-14 09:00Z,2026-09-14 16:55:30,1,30,30.06,30,30.44,29,29.49,-0.38,-0.38,0,convective,3,moderate,2.27,0.0,-0.76,crosswind,-1.01,-0.33,48.8,-0.86,-0.13,145.8,-1.21,-0.61,57.4,2026-09-14 11:40:00,v23_bias_fusion_01,-0.806,-0.714,-1.12,1.0,0.65,1.0,0.35,0.4875,1.0,1.8375,-0.952,0.4
2026-09-14T09:55:45Z,2026-09-14 17:55:45,2026-09-14 18:00,2026-09-14 10:00Z,2026-09-14 17:55:30,1,30,29.53,30,30.15,30,29.87,-0.62,-0.62,0,stable,2,low,2.03,0.0,0.05,calm,0.0,-0.23,18.8,-0.54,-0.27,25.8,-1.21,-0.61,117.4,2026-09-14 11:40:00,v23_bias_fusion_01,-0.069,-0.486,-1.12,1.0,1.0,0.6,0.35,0.75,0.6,1.7,-0.624,1.0
2026-09-14T10:55:45Z,2026-09-14 18:55:45,2026-09-14 19:00,2026-09-14 11:00Z,2026-09-14 18:55:30,1,28,28.45,29,29.01,29,29.36,-0.56,-0.56,0,stable,1,low,2.94,0.0,-0.16,crosswind,0.35,-0.06,48.8,-0.54,-0.27,85.8,-1.21,-0.61,177.4,2026-09-14 11:40:00,v23_bias_fusion_01,0.227,-0.486,-1.12,1.0,1.0,0.6,0.35,0.75,0.6,1.7,-0.563,1.0
2026-09-14T11:55:45Z,2026-09-14 19:55:45,2026-09-14 20:00,2026-09-14 12:00Z,2026-09-14 18:55:30,0,,,29,29.01,,,-0.56,-0.56,0,stable,1,low,2.94,0.0,-0.16,crosswind,1.49,0.4,48.8,-0.54,-0.27,145.8,-1.21,-0.61,237.4,2026-09-14 11:40:00,v23_bias_fusion_01,1.163,-0.486,-1.12,1.0,0.65,0.25,0.35,0.4875,0.25,1.0875,-0.101,0.6
2026-09-14T12:55:45Z,2026-09-14 20:55:45,2026-09-14 21:00,2026-09-14 13:00Z,2026-09-14 20:55:30,1,28,28.26,29,28.51,29,28.51,-0.25,-0.25,0,stable,1,low,2.01,0.0,-0.0,calm,1.49,0.4,108.8,-0.54,-0.27,205.8,-1.21,-0.61,297.4,2026-09-14 11:40:00,v23_bias_fusion_01,1.163,-0.486,-1.12,0.55,0.3,0.25,0.1925,0.225,0.25,0.6675,-0.248,1.0
2026-09-14T13:55:45Z,2026-09-14 21:55:45,2026-09-14 22:00,2026-09-14 14:00Z,2026-09-14 21:55:30,1,28,27.58,28,28.0,28,28.29,-0.42,-0.42,0,stable,1,low,2.77,0.0,-0.0,crosswind,0.0,0.28,48.7,-0.54,-0.27,265.8,-1.21,-0.61,357.4,2026-09-14 11:40:00,v23_bias_fusion_01,0.084,-0.486,-1.12,1.0,0.0,0.25,0.35,0.0,0.25,0.6,-0.418,1.0
2026-09-14T14:55:45Z,2026-09-14 22:55:45,2026-09-14 23:00,2026-09-14 15:00Z,2026-09-14 22:55:30,1,28,28.41,28,27.96,29,28.55,0.45,0.45,0,stable,1,low,2.22,0.0,-0.01,crosswind,0.5,0.35,48.7,-0.54,-0.27,325.8,-1.21,-0.61,417.4,2026-09-14 11:40:00,v23_bias_fusion_01,0.455,-0.486,-1.12,1.0,0.0,0.0,0.35,0.0,0.0,0.35,0.455,1.0
2026-09-14T15:55:45Z,2026-09-14 23:55:45,2026-09-15 00:00,2026-09-14 16:00Z,2026-09-14 23:55:30,1,29,28.55,28,27.74,28,28.36,0.81,0.81,0,stable,1,low,2.1,0.0,-0.08,crosswind,0.54,0.41,48.3,1.14,0.22,18.7,-1.21,-0.61,477.4,2026-09-14 11:40:00,v23_bias_fusion_01,0.501,0.956,-1.12,1.0,1.0,0.0,0.35,0.75,0.0,1.1,0.811,1.0
2026-09-14T16:55:45Z,2026-09-15 00:55:45,2026-09-15 01:00,2026-09-14 17:00Z,2026-09-15 00:55:30,1,28,28.3,27,27.43,28,28.18,0.87,0.87,0,stable,1,low,2.63,0.0,-0.01,calm,0.76,0.52,48.7,1.14,0.22,79.1,-1.21,-0.61,537.8,2026-09-14 11:40:00,v23_bias_fusion_01,0.688,0.956,-1.12,1.0,1.0,0.0,0.35,0.75,0.0,1.1,0.871,1.0
2026-09-14T17:55:45Z,2026-09-15 01:55:45,2026-09-15 02:00,2026-09-14 18:00Z,2026-09-15 01:55:30,1,28,27.71,27,27.08,27,27.44,0.63,0.63,0,stable,1,low,2.74,0.0,-0.01,calm,0.07,0.39,29.6,1.14,0.22,138.7,-1.21,-0.61,597.4,2026-09-14 11:40:00,v23_bias_fusion_01,0.166,0.956,-1.12,1.0,0.65,0.0,0.35,0.4875,0.0,0.8375,0.626,1.0
2026-09-14T18:55:45Z,2026-09-15 02:55:45,2026-09-15 03:00,2026-09-14 19:00Z,2026-09-15 02:55:30,1,27,27.31,27,26.79,27,27.34,0.52,0.52,0,stable,1,low,2.14,0.0,-0.11,calm,0.42,0.4,29.6,0.62,0.36,0.0,-1.21,-0.61,657.4,2026-09-14 11:40:00,v23_bias_fusion_01,0.414,0.568,-1.12,1.0,1.0,0.0,0.35,0.75,0.0,1.1,0.519,1.0
2026-09-14T19:55:45Z,2026-09-15 03:55:45,2026-09-15 04:00,2026-09-14 20:00Z,2026-09-15 03:55:30,1,27,27.02,26,26.43,27,27.15,0.59,0.59,0,stable,1,low,2.31,0.0,-0.06,calm,0.71,0.49,29.6,0.62,0.36,59.6,-1.21,-0.61,717.4,2026-09-14 11:40:00,v23_bias_fusion_01,0.644,0.568,-1.12,1.0,1.0,0.0,0.35,0.75,0.0,1.1,0.592,1.0
2026-09-14T20:55:45Z,2026-09-15 04:55:45,2026-09-15 05:00,2026-09-14 21:00Z,2026-09-15 04:55:30,1,27,26.99,26,26.26,27,27.19,0.73,0.73,0,stable,1,low,2.18,0.0,0.0,calm,1.07,0.66,29.5,0.62,0.36,119.6,-1.21,-0.61,777.4,2026-09-14 11:40:00,v23_bias_fusion_01,0.947,0.568,-1.12,1.0,0.65,0.0,0.35,0.4875,0.0,0.8375,0.726,1.0
2026-09-14T21:55:45Z,2026-09-15 05:55:45,2026-09-15 06:00,2026-09-14 22:00Z,2026-09-15 05:55:30,1,27,27.29,26,26.39,27,27.34,0.9,0.9,0,stable,1,low,2.25,0.0,-0.07,calm,1.24,0.83,29.5,1.34,0.7,14.6,-1.21,-0.61,837.4,2026-09-14 11:40:00,v23_bias_fusion_01,1.117,1.212,-1.12,1.0,1.0,0.0,0.35,0.75,0.0,1.1,1.182,1.0
2026-09-14T22:55:45Z,2026-09-15 06:55:45,2026-09-15 07:00,2026-09-14 23:00Z,2026-09-15 06:55:30,1,28,28.23,27,27.33,28,28.28,0.9,0.9,0,stable,1,low,3.67,0.0,0.31,calm,1.11,0.91,29.4,1.34,0.7,74.6,-1.21,-0.61,897.4,2026-09-14 11:40:00,v23_bias_fusion_01,1.05,1.212,-1.12,1.0,1.0,0.0,0.35,0.75,0.0,1.1,1.16,1.0
2026-09-14T23:55:45Z,2026-09-15 07:55:45,2026-09-15 08:00,2026-09-15 00:00Z,2026-09-15 07:55:30,1,31,30.81,30,30.26,31,30.97,0.55,0.55,0,heating,0,none,1.15,0.0,0.59,crosswind,0.17,0.69,29.5,1.34,0.7,134.6,-1.21,-0.61,957.4,2026-09-14 11:40:00,v23_bias_fusion_01,0.326,1.212,-1.12,1.0,0.65,0.0,0.35,0.4875,0.0,0.8375,0.842,0.65
2026-09-15T00:55:45Z,2026-09-15 08:55:45,2026-09-15 09:00,2026-09-15 01:00Z,2026-09-15 08:55:30,1,31,30.56,31,30.55,30,30.46,0.01,0.01,0,stable,1,low,1.53,-0.08,0.02,crosswind,0.0,0.48,51.6,-0.16,0.4,0.0,-1.21,-0.61,1017.4,2026-09-14 11:40:00,v23_bias_fusion_01,0.144,-0.048,-1.12,1.0,1.0,0.0,0.35,0.75,0.0,1.1,0.013,1.0
2026-09-15T01:55:45Z,2026-09-15 09:55:45,2026-09-15 10:00,2026-09-15 02:00Z,2026-09-15 09:55:30,1,31,31.39,31,31.4,31,31.09,-0.01,-0.01,0,stable,1,low,2.43,0.14,-0.21,crosswind,-0.05,0.32,52.3,-0.16,0.4,59.6,-1.21,-0.61,1077.4,2026-09-14 11:40:00,v23_bias_fusion_01,0.061,-0.048,-1.12,1.0,1.0,0.0,0.35,0.75,0.0,1.1,-0.013,1.0
2026-09-15T02:55:45Z,2026-09-15 10:55:45,2026-09-15 11:00,2026-09-15 03:00Z,2026-09-15 10:55:30,1,30,29.52,30,29.64,29,28.69,-0.12,-0.12,0,convective,3,moderate,4.86,-0.06,-0.8,crosswind,-0.9,-0.05,50.6,-0.16,0.4,119.6,-1.21,-0.61,1137.4,2026-09-15 05:50:00,v23_bias_fusion_01,-0.645,-0.048,-1.12,1.0,0.65,0.0,0.35,0.4875,0.0,0.8375,-0.297,0.4
2026-09-15T03:55:45Z,2026-09-15 11:55:45,2026-09-15 12:00,2026-09-15 04:00Z,2026-09-15 11:55:30,1,30,30.14,30,29.95,30,30.18,0.19,0.19,0,stable,1,low,1.31,-0.14,-0.21,crosswind,0.0,-0.03,49.7,0.26,0.35,29.6,-1.21,-0.61,1197.4,2026-09-15 05:50:00,v23_bias_fusion_01,-0.009,0.278,-1.12,1.0,1.0,0.0,0.35,0.75,0.0,1.1,0.187,1.0
2026-09-15T04:55:45Z,2026-09-15 12:55:45,2026-09-15 13:00,2026-09-15 05:00Z,2026-09-15 12:55:30,1,27,27.28,27,27.25,27,27.29,0.03,0.03,0,outflow,6,high,2.91,-0.16,-1.09,downstream,0.0,-0.02,50.8,0.26,0.35,89.6,-1.21,-0.61,1257.4,2026-09-15 07:55:02,v23_bias_fusion_01,-0.006,0.278,-1.12,1.0,1.0,0.0,0.35,0.75,0.0,1.1,0.188,0.15
2026-09-15T05:55:45Z,2026-09-15 13:55:45,2026-09-15 14:00,2026-09-15 06:00Z,2026-09-15 13:55:30,1,27,26.57,26,26.41,26,26.23,0.16,0.16,0,stable,2,low,1.69,-0.12,-0.16,downstream,0.0,-0.01,49.9,0.26,0.35,149.6,-1.21,-0.61,1317.4,2026-09-15 07:58:00,v23_bias_fusion_01,-0.003,0.278,-1.12,1.0,0.65,0.0,0.35,0.4875,0.0,0.8375,0.161,1.0
2026-09-15T06:55:45Z,2026-09-15 14:55:45,2026-09-15 15:00,2026-09-15 07:00Z,2026-09-15 14:55:30,1,26,26.3,26,26.27,27,26.52,0.11,0.03,1,stable,0,none,0.84,0.0,0.13,downstream,0.09,0.02,50.3,0.09,0.26,14.6,-1.21,-0.61,1377.4,2026-09-15 07:58:00,v23_bias_fusion_01,0.069,0.124,-1.12,1.0,1.0,0.0,0.35,0.75,0.0,1.1,0.106,1.0
2026-09-15T07:55:45Z,2026-09-15 15:55:45,2026-09-15 16:00,2026-09-15 08:00Z,2026-09-15 15:55:30,1,27,27.18,27,27.04,27,27.47,0.14,0.14,0,stable,1,low,0.23,0.06,0.36,calm,0.23,0.08,49.4,0.09,0.26,74.6,-1.21,-0.61,1437.4,2026-09-15 07:58:00,v23_bias_fusion_01,0.185,0.124,-1.12,1.0,1.0,0.0,0.35,0.75,0.0,1.1,0.143,1.0
2026-09-15T08:55:45Z,2026-09-15 16:55:45,2026-09-15 17:00,2026-09-15 09:00Z,2026-09-15 16:55:30,1,31,31.1,31,30.74,32,31.69,0.36,0.36,0,heating,1,low,3.23,0.0,0.42,calm,1.46,0.49,51.1,0.09,0.26,134.6,-1.21,-0.61,1497.4,2026-09-15 07:58:00,v23_bias_fusion_01,1.169,0.124,-1.12,1.0,0.65,0.0,0.35,0.4875,0.0,0.8375,0.561,0.65
2026-09-15T09:55:45Z,2026-09-15 17:55:45,2026-09-15 18:00,2026-09-15 10:00Z,2026-09-15 17:55:30,1,29,29.01,29,28.92,29,29.06,0.09,0.09,0,stable,1,low,1.1,0.0,-0.28,downstream,0.0,0.34,51.1,0.06,0.19,14.6,-1.21,-0.61,1557.4,2026-09-15 07:58:00,v23_bias_fusion_01,0.102,0.086,-1.12,1.0,1.0,0.0,0.35,0.75,0.0,1.1,0.091,1.0
2026-09-15T10:55:45Z,2026-09-15 18:55:45,2026-09-15 19:00,2026-09-15 11:00Z,2026-09-15 18:55:30,1,28,28.13,28,27.9,29,28.54,0.23,0.23,0,stable,1,low,2.02,0.0,-0.08,downstream,0.58,0.41,51.1,0.06,0.19,74.6,-1.21,-0.61,1617.4,2026-09-15 07:58:00,v23_bias_fusion_01,0.529,0.086,-1.12,1.0,1.0,0.0,0.35,0.75,0.0,1.1,0.227,1.0
2026-09-15T11:55:45Z,2026-09-15 19:55:45,2026-09-15 20:00,2026-09-15 12:00Z,2026-09-15 19:55:30,1,28,27.78,28,27.5,28,28.16,0.28,0.28,0,stable,1,low,1.97,0.0,-0.06,downstream,0.6,0.47,51.0,0.06,0.19,134.6,-1.21,-0.61,1677.4,2026-09-15 07:58:00,v23_bias_fusion_01,0.561,0.086,-1.12,1.0,0.65,0.0,0.35,0.4875,0.0,0.8375,0.285,1.0
2026-09-15T12:55:45Z,2026-09-15 20:55:45,2026-09-15 21:00,2026-09-15 13:00Z,2026-09-15 20:55:30,1,28,28.27,27,27.38,28,28.27,0.89,0.89,0,stable,1,low,2.05,0.0,0.0,calm,1.0,0.63,51.0,1.0,0.47,0.0,-1.21,-0.61,1737.4,2026-09-15 07:58:00,v23_bias_fusion_01,0.889,0.894,-1.12,1.0,1.0,0.0,0.35,0.75,0.0,1.1,0.892,1.0
2026-09-15T13:55:45Z,2026-09-15 21:55:45,2026-09-15 22:00,2026-09-15 14:00Z,2026-09-15 21:55:30,1,28,27.87,27,27.19,28,27.58,0.68,0.68,0,stable,1,low,2.13,0.0,0.0,calm,0.12,0.48,51.0,1.0,0.47,59.6,-1.21,-0.61,1797.4,2026-09-15 07:58:00,v23_bias_fusion_01,0.228,0.894,-1.12,1.0,1.0,0.0,0.35,0.75,0.0,1.1,0.682,1.0
2026-09-15T14:55:45Z,2026-09-15 22:55:45,2026-09-15 23:00,2026-09-15 15:00Z,2026-09-15 22:55:30,1,28,27.84,27,27.18,28,27.67,0.66,0.66,0,stable,1,low,2.14,0.0,-0.04,downstream,0.31,0.43,51.0,1.0,0.47,119.6,-1.21,-0.61,1857.4,2026-09-15 07:58:00,v23_bias_fusion_01,0.346,0.894,-1.12,1.0,0.65,0.0,0.35,0.4875,0.0,0.8375,0.665,1.0
2026-09-15T15:55:45Z,2026-09-15 23:55:45,2026-09-16 00:00,2026-09-15 16:00Z,2026-09-15 23:55:30,1,27,27.47,27,26.83,27,27.32,0.64,0.64,0,stable,1,low,2.15,0.0,-0.0,calm,0.32,0.4,51.0,0.82,0.59,14.6,-1.21,-0.61,1917.4,2026-09-15 07:58:00,v23_bias_fusion_01,0.344,0.774,-1.12,1.0,1.0,0.0,0.35,0.75,0.0,1.1,0.637,1.0
2026-09-15T16:55:45Z,2026-09-16 00:55:45,2026-09-16 01:00,2026-09-15 17:00Z,2026-09-16 00:55:30,1,27,27.12,27,26.57,27,26.66,0.55,0.55,0,stable,1,low,2.37,0.0,-0.06,calm,0.0,0.28,51.0,0.82,0.59,74.6,-1.21,-0.61,1977.4,2026-09-15 07:58:00,v23_bias_fusion_01,0.084,0.774,-1.12,1.0,1.0,0.0,0.35,0.75,0.0,1.1,0.554,1.0
2026-09-15T17:55:45Z,2026-09-16 01:55:45,2026-09-16 02:00,2026-09-15 18:00Z,2026-09-16 01:55:30,1,27,26.62,26,26.14,26,26.4,0.48,0.48,0,stable,1,low,2.23,0.0,-0.12,calm,0.0,0.2,51.0,0.82,0.59,134.6,-1.21,-0.61,2037.4,2026-09-15 07:58:00,v23_bias_fusion_01,0.06,0.774,-1.12,1.0,0.65,0.0,0.35,0.4875,0.0,0.8375,0.476,1.0
2026-09-15T18:55:45Z,2026-09-16 02:55:45,2026-09-16 03:00,2026-09-15 19:00Z,2026-09-16 02:55:30,1,27,26.51,26,25.96,26,26.47,0.55,0.55,0,stable,1,low,2.21,0.0,-0.03,calm,0.36,0.25,21.0,0.66,0.61,14.5,-1.21,-0.61,2097.4,2026-09-15 07:58:00,v23_bias_fusion_01,0.327,0.65,-1.12,1.0,1.0,0.0,0.35,0.75,0.0,1.1,0.547,1.0
2026-09-15T19:55:45Z,2026-09-16 03:55:45,2026-09-16 04:00,2026-09-15 20:00Z,2026-09-16 03:55:30,1,26,26.4,26,25.8,26,26.42,0.6,0.6,0,stable,1,low,2.17,0.0,-0.03,calm,0.54,0.34,21.0,0.66,0.61,74.5,-1.21,-0.61,2157.4,2026-09-15 07:58:00,v23_bias_fusion_01,0.48,0.65,-1.12,1.0,1.0,0.0,0.35,0.75,0.0,1.1,0.596,1.0
2026-09-15T20:55:45Z,2026-09-16 04:55:45,2026-09-16 05:00,2026-09-15 21:00Z,2026-09-16 04:55:30,1,27,26.53,26,25.89,27,26.6,0.64,0.64,0,stable,1,low,1.97,0.0,0.03,calm,0.7,0.45,20.9,0.66,0.61,134.5,-1.21,-0.61,2217.4,2026-09-15 07:58:00,v23_bias_fusion_01,0.625,0.65,-1.12,1.0,0.65,0.0,0.35,0.4875,0.0,0.8375,0.64,1.0
2026-09-15T21:55:45Z,2026-09-16 05:55:45,2026-09-16 06:00,2026-09-15 22:00Z,2026-09-16 05:55:30,1,27,26.66,26,25.88,27,26.54,0.78,0.78,0,stable,1,low,1.84,0.0,-0.04,calm,0.61,0.5,50.9,0.91,0.72,14.3,-1.21,-0.61,2277.4,2026-09-15 07:58:00,v23_bias_fusion_01,0.577,0.872,-1.12,1.0,1.0,0.0,0.35,0.75,0.0,1.1,0.778,1.0
2026-09-15T22:55:45Z,2026-09-16 06:55:45,2026-09-16 07:00,2026-09-15 23:00Z,2026-09-16 06:55:30,1,28,27.94,27,27.16,28,27.83,0.78,0.78,0,stable,1,low,3.27,0.0,0.34,downstream,0.62,0.54,50.9,0.91,0.72,74.3,-1.21,-0.61,2337.4,2026-09-15 07:58:00,v23_bias_fusion_01,0.596,0.872,-1.12,1.0,1.0,0.0,0.35,0.75,0.0,1.1,0.784,1.0
2026-09-15T23:55:45Z,2026-09-16 07:55:45,2026-09-16 08:00,2026-09-16 00:00Z,2026-09-16 07:55:30,1,30,30.27,30,29.62,31,30.57,0.65,0.65,0,heating,0,none,0.74,0.0,0.55,calm,1.34,0.78,50.9,0.91,0.72,134.3,-1.21,-0.61,2397.4,2026-09-15 07:58:00,v23_bias_fusion_01,1.172,0.872,-1.12,1.0,0.65,0.0,0.35,0.4875,0.0,0.8375,0.997,0.65
2026-09-16T00:55:45Z,2026-09-16 08:55:45,2026-09-16 09:00,2026-09-16 01:00Z,2026-09-16 08:55:30,1,30,30.4,30,29.96,30,30.15,0.44,0.44,0,stable,0,none,0.81,-0.01,0.03,calm,0.0,0.55,53.3,0.91,0.72,194.3,-1.21,-0.61,2457.4,2026-09-15 07:58:00,v23_bias_fusion_01,0.165,0.872,-1.12,1.0,0.3,0.0,0.35,0.225,0.0,0.575,0.442,1.0
2026-09-16T01:55:45Z,2026-09-16 09:55:45,2026-09-16 10:00,2026-09-16 02:00Z,2026-09-16 09:55:30,1,30,30.24,30,30.49,30,30.1,-0.25,-0.25,0,stable,1,low,3.43,0.0,0.17,downstream,-0.46,0.25,52.6,0.91,0.72,254.3,-1.21,-0.61,2517.4,2026-09-15 07:58:00,v23_bias_fusion_01,-0.247,0.872,-1.12,1.0,0.0,0.0,0.35,0.0,0.0,0.35,-0.247,1.0
2026-09-16T02:55:45Z,2026-09-16 10:55:45,2026-09-16 11:00,2026-09-16 03:00Z,2026-09-16 10:55:30,1,31,31.19,31,31.17,31,30.66,0.02,0.02,0,convective,4,moderate,1.87,-0.17,-0.21,downstream,0.0,0.17,48.6,0.91,0.72,314.3,-1.21,-0.61,2577.4,2026-09-15 07:58:00,v23_bias_fusion_01,0.051,0.872,-1.12,1.0,0.0,0.0,0.35,0.0,0.0,0.35,0.051,0.4
2026-09-16T03:55:45Z,2026-09-16 11:55:45,2026-09-16 12:00,2026-09-16 04:00Z,2026-09-16 11:55:30,1,32,32.25,32,31.91,33,32.67,0.34,0.34,0,heating,1,low,1.83,0.2,-0.21,downstream,0.33,0.22,53.7,0.63,0.69,14.2,0.63,-0.18,57.7,2026-09-15 07:58:00,v23_bias_fusion_01,0.297,0.642,0.508,1.0,1.0,1.0,0.35,0.75,1.0,2.1,0.521,0.65
2026-09-16T04:55:45Z,2026-09-16 12:55:45,2026-09-16 13:00,2026-09-16 05:00Z,2026-09-16 12:55:30,1,32,32.26,32,31.79,32,31.83,0.47,0.47,0,stable,2,low,1.97,0.08,-0.04,downstream,0.0,0.15,50.7,0.63,0.69,74.2,0.63,-0.18,117.7,2026-09-15 07:58:00,v23_bias_fusion_01,0.045,0.642,0.508,1.0,1.0,0.6,0.35,0.75,0.6,1.7,0.472,1.0
2026-09-16T05:55:45Z,2026-09-16 13:55:45,2026-09-16 14:00,2026-09-16 06:00Z,2026-09-16 13:55:30,1,30,29.77,29,29.39,29,28.94,0.38,0.38,0,stable,1,low,2.83,0.02,-0.11,downstream,-0.29,0.02,53.9,0.63,0.69,134.2,0.63,-0.18,177.7,2026-09-16 08:02:00,v23_bias_fusion_01,-0.197,0.642,0.508,1.0,0.65,0.6,0.35,0.4875,0.6,1.4375,0.382,1.0
2026-09-16T06:55:45Z,2026-09-16 14:55:45,2026-09-16 15:00,2026-09-16 07:00Z,2026-09-16 14:55:30,1,31,30.81,30,29.91,31,30.82,0.9,0.9,0,stable,1,low,1.53,-0.06,-0.06,calm,1.11,0.35,51.2,1.11,0.84,14.1,0.63,-0.18,237.7,2026-09-16 08:02:00,v23_bias_fusion_01,0.882,1.056,0.508,1.0,1.0,0.25,0.35,0.75,0.25,1.35,0.909,1.0
2026-09-16T07:55:45Z,2026-09-16 15:55:45,2026-09-16 16:00,2026-09-16 08:00Z,2026-09-16 15:55:30,1,32,31.56,31,30.66,32,31.61,0.9,0.9,0,stable,0,none,0.51,0.03,0.03,downstream,1.59,0.72,50.9,1.11,0.84,74.1,0.63,-0.18,297.7,2026-09-16 08:02:00,v23_bias_fusion_01,1.329,1.056,0.508,1.0,1.0,0.25,0.35,0.75,0.25,1.35,1.025,1.0
2026-09-16T08:55:45Z,2026-09-16 16:55:45,2026-09-16 17:00,2026-09-16 09:00Z,2026-09-16 16:55:30,1,30,29.51,29,29.09,29,29.4,0.42,0.42,0,cooling,1,low,0.85,0.0,-0.64,downstream,0.0,0.5,49.5,1.11,0.84,134.1,0.63,-0.18,357.7,2026-09-16 08:02:00,v23_bias_fusion_01,0.15,1.056,0.508,1.0,0.65,0.25,0.35,0.4875,0.25,1.0875,0.639,0.65
2026-09-16T09:55:45Z,2026-09-16 17:55:45,2026-09-16 18:00,2026-09-16 10:00Z,2026-09-16 17:55:30,1,27,27.22,28,27.85,27,27.24,-0.63,-0.63,0,stable,0,none,0.75,0.0,-0.13,downstream,-0.59,0.17,19.5,-0.99,0.2,14.0,0.63,-0.18,417.7,2026-09-16 08:02:00,v23_bias_fusion_01,-0.362,-0.752,0.508,1.0,1.0,0.0,0.35,0.75,0.0,1.1,-0.628,1.0
2026-09-16T10:55:45Z,2026-09-16 18:55:45,2026-09-16 19:00,2026-09-16 11:00Z,2026-09-16 18:55:30,1,27,27.15,28,27.65,28,27.71,-0.5,-0.5,0,stable,0,none,1.25,0.0,-0.02,calm,0.0,0.12,49.4,-0.99,0.2,74.0,0.63,-0.18,477.7,2026-09-16 08:02:00,v23_bias_fusion_01,0.036,-0.752,0.508,1.0,1.0,0.0,0.35,0.75,0.0,1.1,-0.501,1.0
2026-09-16T11:55:45Z,2026-09-16 19:55:45,2026-09-16 20:00,2026-09-16 12:00Z,2026-09-16 19:55:30,1,28,27.82,28,27.97,29,28.74,-0.15,-0.15,0,stable,1,low,1.87,0.0,0.15,calm,0.85,0.34,49.4,-0.99,0.2,134.0,0.63,-0.18,537.7,2026-09-16 08:02:00,v23_bias_fusion_01,0.697,-0.752,0.508,1.0,0.65,0.0,0.35,0.4875,0.0,0.8375,-0.146,1.0
2026-09-16T12:55:45Z,2026-09-16 20:55:45,2026-09-16 21:00,2026-09-16 13:00Z,2026-09-16 20:55:30,1,26,26.03,25,25.36,25,24.96,0.67,0.67,0,stable,2,low,1.41,0.0,-0.35,calm,0.53,0.4,49.4,0.83,0.42,14.0,0.63,-0.18,597.7,2026-09-16 15:41:00,v23_bias_fusion_01,0.491,0.748,0.508,1.0,1.0,0.0,0.35,0.75,0.0,1.1,0.666,1.0
2026-09-16T13:55:45Z,2026-09-16 21:55:45,2026-09-16 22:00,2026-09-16 14:00Z,2026-09-16 21:55:30,1,26,25.6,25,25.06,25,24.9,0.54,0.54,0,stable,0,none,0.68,0.0,-0.04,calm,0.0,0.28,49.3,0.83,0.42,74.0,0.63,-0.18,657.7,2026-09-16 15:41:00,v23_bias_fusion_01,0.084,0.748,0.508,1.0,1.0,0.0,0.35,0.75,0.0,1.1,0.537,1.0
2026-09-16T14:55:45Z,2026-09-16 22:55:45,2026-09-16 23:00,2026-09-16 15:00Z,2026-09-16 22:55:30,1,26,25.78,25,25.17,26,25.7,0.61,0.61,0,stable,0,none,0.64,0.0,0.12,downstream,0.44,0.33,49.3,0.83,0.42,134.0,0.63,-0.18,717.7,2026-09-16 15:41:00,v23_bias_fusion_01,0.407,0.748,0.508,1.0,0.65,0.0,0.35,0.4875,0.0,0.8375,0.605,1.0
2026-09-16T15:55:45Z,2026-09-16 23:55:45,2026-09-17 00:00,2026-09-16 16:00Z,2026-09-16 23:55:30,1,26,25.59,25,24.96,25,25.45,0.63,0.63,0,stable,0,none,0.77,0.0,-0.02,calm,0.33,0.33,49.3,0.83,0.56,13.9,0.63,-0.18,777.7,2026-09-16 15:41:00,v23_bias_fusion_01,0.33,0.776,0.508,1.0,1.0,0.0,0.35,0.75,0.0,1.1,0.634,1.0
2026-09-16T16:55:45Z,2026-09-17 00:55:45,2026-09-17 01:00,2026-09-16 17:00Z,2026-09-17 00:55:30,1,26,25.52,25,24.97,25,25.0,0.55,0.55,0,stable,0,none,1.17,0.0,-0.03,downstream,0.0,0.23,49.0,0.83,0.56,73.9,0.63,-0.18,837.7,2026-09-16 15:41:00,v23_bias_fusion_01,0.069,0.776,0.508,1.0,1.0,0.0,0.35,0.75,0.0,1.1,0.551,1.0
2026-09-16T17:55:45Z,2026-09-17 01:55:45,2026-09-17 02:00,2026-09-16 18:00Z,2026-09-17 01:55:30,1,25,25.4,25,24.93,25,24.95,0.47,0.47,0,stable,0,none,0.77,0.0,0.0,downstream,0.0,0.16,48.9,0.83,0.56,133.9,0.63,-0.18,897.7,2026-09-16 15:41:00,v23_bias_fusion_01,0.048,0.776,0.508,1.0,0.65,0.0,0.35,0.4875,0.0,0.8375,0.472,1.0
2026-09-16T18:55:45Z,2026-09-17 02:55:45,2026-09-17 03:00,2026-09-16 19:00Z,2026-09-17 02:55:30,1,25,25.23,25,24.91,25,24.94,0.32,0.32,0,stable,0,none,0.47,0.0,-0.01,calm,0.0,0.11,18.9,0.83,0.56,193.9,0.63,-0.18,957.7,2026-09-16 15:41:00,v23_bias_fusion_01,0.033,0.776,0.508,1.0,0.3,0.0,0.35,0.225,0.0,0.575,0.324,1.0
2026-09-16T19:55:45Z,2026-09-17 03:55:45,2026-09-17 04:00,2026-09-16 20:00Z,2026-09-17 03:55:30,1,26,25.56,25,25.07,26,25.7,0.49,0.49,0,stable,0,none,0.67,0.0,-0.01,downstream,0.59,0.25,48.9,0.83,0.56,253.9,0.63,-0.18,1017.7,2026-09-16 15:41:00,v23_bias_fusion_01,0.488,0.776,0.508,1.0,0.0,0.0,0.35,0.0,0.0,0.35,0.488,1.0
2026-09-16T20:55:45Z,2026-09-17 04:55:45,2026-09-17 05:00,2026-09-16 21:00Z,2026-09-17 04:55:30,1,26,25.51,25,25.12,26,25.67,0.39,0.39,0,stable,0,none,1.11,0.0,0.05,downstream,0.43,0.3,48.9,0.83,0.56,313.9,0.63,-0.18,1077.7,2026-09-16 15:41:00,v23_bias_fusion_01,0.391,0.776,0.508,1.0,0.0,0.0,0.35,0.0,0.0,0.35,0.391,1.0
2026-09-16T21:55:45Z,2026-09-17 05:55:45,2026-09-17 06:00,2026-09-16 22:00Z,2026-09-17 05:55:30,1,26,25.76,25,25.13,26,25.66,0.63,0.63,0,stable,0,none,1.0,0.0,-0.01,calm,0.38,0.32,48.8,0.78,0.64,13.9,0.63,-0.18,1137.7,2026-09-16 15:41:00,v23_bias_fusion_01,0.362,0.752,0.508,1.0,1.0,0.0,0.35,0.75,0.0,1.1,0.628,1.0
2026-09-16T22:55:45Z,2026-09-17 06:55:45,2026-09-17 07:00,2026-09-16 23:00Z,2026-09-17 06:55:30,1,26,26.21,26,25.58,26,26.1,0.63,0.63,0,stable,0,none,0.78,0.0,0.11,calm,0.37,0.34,48.8,0.78,0.64,73.9,0.63,-0.18,1197.7,2026-09-16 15:41:00,v23_bias_fusion_01,0.361,0.752,0.508,1.0,1.0,0.0,0.35,0.75,0.0,1.1,0.628,1.0
2026-09-16T23:55:45Z,2026-09-17 07:55:45,2026-09-17 08:00,2026-09-17 00:00Z,2026-09-17 07:55:30,1,28,28.48,28,27.71,29,28.55,0.77,0.77,0,stable,0,none,0.67,0.0,0.34,downstream,0.92,0.51,48.8,0.78,0.64,133.9,0.63,-0.18,1257.7,2026-09-16 15:41:00,v23_bias_fusion_01,0.797,0.752,0.508,1.0,0.65,0.0,0.35,0.4875,0.0,0.8375,0.771,1.0
2026-09-17T00:55:45Z,2026-09-17 08:55:45,2026-09-17 09:00,2026-09-17 01:00Z,2026-09-17 08:55:30,1,28,28.23,28,27.87,28,28.02,0.36,0.36,0,stable,0,none,0.49,0.08,0.18,calm,0.0,0.36,53.9,0.78,0.64,193.9,0.63,-0.18,1317.7,2026-09-16 15:41:00,v23_bias_fusion_01,0.108,0.752,0.508,1.0,0.3,0.0,0.35,0.225,0.0,0.575,0.36,1.0
2026-09-17T01:55:45Z,2026-09-17 09:55:45,2026-09-17 10:00,2026-09-17 02:00Z,2026-09-17 09:55:30,1,30,29.81,30,29.74,30,29.81,0.07,0.07,0,stable,2,low,2.45,0.01,0.33,downstream,0.0,0.25,51.4,0.78,0.64,253.9,0.63,-0.18,1377.7,2026-09-16 15:41:00,v23_bias_fusion_01,0.075,0.752,0.508,1.0,0.0,0.0,0.35,0.0,0.0,0.35,0.075,1.0
2026-09-17T02:55:45Z,2026-09-17 10:55:45,2026-09-17 11:00,2026-09-17 03:00Z,2026-09-17 10:55:30,1,31,30.75,31,30.72,31,30.99,0.03,0.03,0,heating,1,low,1.63,0.21,0.95,downstream,0.0,0.17,53.6,0.78,0.64,313.9,0.63,-0.18,1437.7,2026-09-16 15:41:00,v23_bias_fusion_01,0.051,0.752,0.508,1.0,0.0,0.0,0.35,0.0,0.0,0.35,0.051,0.65
2026-09-17T03:55:45Z,2026-09-17 11:55:45,2026-09-17 12:00,2026-09-17 04:00Z,2026-09-17 11:55:30,1,31,31.06,31,31.1,31,31.34,-0.04,-0.04,0,cooling,2,low,0.44,-0.23,-0.47,downstream,0.0,0.12,50.8,-0.22,0.34,13.9,0.63,-0.18,1497.7,2026-09-16 15:41:00,v23_bias_fusion_01,0.036,-0.108,0.508,1.0,1.0,0.0,0.35,0.75,0.0,1.1,-0.062,0.65
2026-09-17T04:55:45Z,2026-09-17 12:55:45,2026-09-17 13:00,2026-09-17 05:00Z,2026-09-17 12:55:30,1,31,30.64,31,30.71,31,30.67,-0.07,-0.07,0,stable,0,none,0.99,0.05,-0.08,calm,0.0,0.08,53.1,-0.22,0.34,73.9,0.63,-0.18,1557.7,2026-09-16 15:41:00,v23_bias_fusion_01,0.024,-0.108,0.508,1.0,1.0,0.0,0.35,0.75,0.0,1.1,-0.066,1.0
2026-09-17T05:55:45Z,2026-09-17 13:55:45,2026-09-17 14:00,2026-09-17 06:00Z,2026-09-17 13:55:30,1,32,32.01,32,32.03,31,31.36,-0.02,-0.02,0,outflow,5,high,2.82,-0.16,0.33,downstream,-0.21,-0.01,53.9,-0.22,0.34,133.9,0.63,-0.18,1617.7,2026-09-16 15:41:00,v23_bias_fusion_01,-0.15,-0.108,0.508,1.0,0.65,0.0,0.35,0.4875,0.0,0.8375,-0.126,0.15
2026-09-17T06:55:45Z,2026-09-17 14:55:45,2026-09-17 15:00,2026-09-17 07:00Z,2026-09-17 14:55:30,1,28,27.64,28,27.73,27,26.78,-0.09,-0.09,0,outflow,6,high,1.36,-0.31,-1.88,crosswind,-0.53,-0.17,52.7,-0.22,0.34,193.9,-0.83,-0.41,57.5,2026-09-17 09:52:00,v23_bias_fusion_01,-0.422,-0.108,-0.767,1.0,0.3,1.0,0.35,0.225,1.0,1.575,-0.596,0.15
2026-09-17T07:55:45Z,2026-09-17 15:55:45,2026-09-17 16:00,2026-09-17 08:00Z,2026-09-17 15:55:30,1,26,25.75,26,25.95,26,26.17,-0.2,-0.2,0,convective,3,moderate,1.11,-0.03,-0.02,crosswind,0.0,-0.12,49.8,-0.22,0.34,253.9,-0.83,-0.41,117.5,2026-09-17 10:23:00,v23_bias_fusion_01,-0.036,-0.108,-0.767,1.0,0.0,0.6,0.35,0.0,0.6,0.95,-0.498,0.4
2026-09-17T08:55:45Z,2026-09-17 16:55:45,2026-09-17 17:00,2026-09-17 09:00Z,2026-09-17 16:55:30,1,26,25.51,26,25.84,26,26.44,-0.33,-0.33,0,stable,2,low,1.0,0.0,0.07,crosswind,0.55,0.08,53.9,-0.22,0.34,313.9,-0.83,-0.41,177.5,2026-09-17 10:23:00,v23_bias_fusion_01,0.409,-0.108,-0.767,1.0,0.0,0.6,0.35,0.0,0.6,0.95,-0.334,1.0
2026-09-17T09:55:45Z,2026-09-17 17:55:45,2026-09-17 18:00,2026-09-17 10:00Z,2026-09-17 17:55:30,1,26,26.09,26,25.88,26,25.96,0.21,0.21,0,stable,0,none,0.96,0.0,-0.09,crosswind,0.0,0.06,23.9,0.66,0.45,28.9,-0.83,-0.41,237.5,2026-09-17 10:23:00,v23_bias_fusion_01,0.018,0.618,-0.767,1.0,1.0,0.25,0.35,0.75,0.25,1.35,0.206,1.0
2026-09-17T10:55:45Z,2026-09-17 18:55:45,2026-09-17 19:00,2026-09-17 11:00Z,2026-09-17 18:55:30,1,26,26.21,26,25.88,27,26.53,0.33,0.33,0,stable,0,none,1.18,0.0,0.05,calm,0.62,0.23,23.8,0.66,0.45,88.9,-0.83,-0.41,297.5,2026-09-17 10:23:00,v23_bias_fusion_01,0.503,0.618,-0.767,1.0,1.0,0.25,0.35,0.75,0.25,1.35,0.332,1.0
2026-09-17T11:55:45Z,2026-09-17 19:55:45,2026-09-17 20:00,2026-09-17 12:00Z,2026-09-17 19:55:30,1,26,26.28,26,26.01,27,26.67,0.27,0.27,0,stable,0,none,1.2,0.0,0.01,calm,0.62,0.35,53.8,0.66,0.45,148.9,-0.83,-0.41,357.5,2026-09-17 10:23:00,v23_bias_fusion_01,0.539,0.618,-0.767,1.0,0.65,0.25,0.35,0.4875,0.25,1.0875,0.274,1.0
2026-09-17T12:55:45Z,2026-09-17 20:55:45,2026-09-17 21:00,2026-09-17 13:00Z,2026-09-17 20:55:30,1,27,26.77,26,26.06,27,26.65,0.71,0.71,0,stable,0,none,1.27,0.0,0.0,crosswind,0.49,0.39,23.8,0.89,0.6,13.8,-0.83,-0.41,417.5,2026-09-17 10:23:00,v23_bias_fusion_01,0.46,0.832,-0.767,1.0,1.0,0.0,0.35,0.75,0.0,1.1,0.714,1.0
2026-09-17T13:55:45Z,2026-09-17 21:55:45,2026-09-17 22:00,2026-09-17 14:00Z,2026-09-17 21:55:30,1,27,26.78,26,26.08,27,26.64,0.7,0.7,0,stable,0,none,1.41,0.0,0.04,calm,0.44,0.41,53.8,0.89,0.6,73.8,-0.83,-0.41,477.5,2026-09-17 10:23:00,v23_bias_fusion_01,0.431,0.832,-0.767,1.0,1.0,0.0,0.35,0.75,0.0,1.1,0.704,1.0
2026-09-17T14:55:45Z,2026-09-17 22:55:45,2026-09-17 23:00,2026-09-17 15:00Z,2026-09-17 22:55:30,1,26,26.34,26,25.68,26,26.23,0.66,0.66,0,stable,1,low,1.52,0.0,-0.09,crosswind,0.42,0.41,23.8,0.89,0.6,133.8,-0.83,-0.41,537.5,2026-09-17 10:23:00,v23_bias_fusion_01,0.417,0.832,-0.767,1.0,0.65,0.0,0.35,0.4875,0.0,0.8375,0.659,1.0
2026-09-17T17:55:45Z,2026-09-18 01:55:45,2026-09-18 02:00,2026-09-17 18:00Z,2026-09-18 01:55:30,1,26,25.59,25,25.41,26,25.78,0.18,0.18,0,stable,0,none,1.34,0.0,0.03,crosswind,0.12,0.32,50.7,0.89,0.6,313.8,-0.83,-0.41,717.5,2026-09-17 10:23:00,v23_bias_fusion_01,0.18,0.832,-0.767,1.0,0.0,0.0,0.35,0.0,0.0,0.35,0.18,1.0
2026-09-17T18:55:45Z,2026-09-18 02:55:45,2026-09-18 03:00,2026-09-17 19:00Z,2026-09-18 02:55:30,1,26,25.92,25,25.35,26,25.7,0.57,0.57,0,stable,0,none,1.38,0.0,-0.01,calm,0.09,0.25,20.4,0.79,0.67,6.0,-0.83,-0.41,777.5,2026-09-17 10:23:00,v23_bias_fusion_01,0.138,0.766,-0.767,1.0,1.0,0.0,0.35,0.75,0.0,1.1,0.566,1.0
2026-09-17T19:55:45Z,2026-09-18 03:55:45,2026-09-18 04:00,2026-09-17 20:00Z,2026-09-18 03:55:30,1,26,25.76,25,25.18,26,25.57,0.58,0.58,0,stable,0,none,1.42,0.0,0.04,calm,0.15,0.22,50.4,0.79,0.67,66.0,-0.83,-0.41,837.5,2026-09-17 10:23:00,v23_bias_fusion_01,0.171,0.766,-0.767,1.0,1.0,0.0,0.35,0.75,0.0,1.1,0.577,1.0
2026-09-17T20:55:45Z,2026-09-18 04:55:45,2026-09-18 05:00,2026-09-17 21:00Z,2026-09-18 04:55:30,1,26,25.68,25,25.11,26,25.6,0.57,0.57,0,stable,0,none,1.15,0.0,-0.01,calm,0.32,0.25,20.4,0.79,0.67,126.0,-0.83,-0.41,897.5,2026-09-17 10:23:00,v23_bias_fusion_01,0.299,0.766,-0.767,1.0,0.65,0.0,0.35,0.4875,0.0,0.8375,0.571,1.0
2026-09-17T21:55:45Z,2026-09-18 05:55:45,2026-09-18 06:00,2026-09-17 22:00Z,2026-09-18 05:55:30,1,26,25.57,25,24.99,26,25.52,0.58,0.58,0,stable,0,none,1.18,0.0,0.0,calm,0.39,0.29,50.4,0.69,0.68,20.9,-0.83,-0.41,957.5,2026-09-17 10:23:00,v23_bias_fusion_01,0.36,0.688,-0.767,1.0,1.0,0.0,0.35,0.75,0.0,1.1,0.584,1.0
2026-09-17T22:55:45Z,2026-09-18 06:55:45,2026-09-18 07:00,2026-09-17 23:00Z,2026-09-18 06:55:30,1,26,26.33,26,25.71,26,26.31,0.62,0.62,0,stable,0,none,1.16,0.0,0.17,calm,0.51,0.36,50.4,0.69,0.68,80.9,-0.83,-0.41,1017.5,2026-09-17 10:23:00,v23_bias_fusion_01,0.465,0.688,-0.767,1.0,1.0,0.0,0.35,0.75,0.0,1.1,0.617,1.0
2026-09-17T23:55:45Z,2026-09-18 07:55:45,2026-09-18 08:00,2026-09-18 00:00Z,2026-09-18 07:55:30,1,28,28.46,28,27.56,29,28.51,0.9,0.9,0,stable,1,low,1.15,0.0,-0.11,crosswind,1.79,0.79,50.3,0.69,0.68,140.9,-0.83,-0.41,1077.5,2026-09-17 10:23:00,v23_bias_fusion_01,1.49,0.688,-0.767,1.0,0.65,0.0,0.35,0.4875,0.0,0.8375,1.023,1.0
2026-09-18T00:55:45Z,2026-09-18 08:55:45,2026-09-18 09:00,2026-09-18 01:00Z,2026-09-18 08:55:30,1,30,30.24,29,29.46,30,30.41,0.78,0.78,0,heating,2,low,1.83,0.32,0.21,crosswind,0.94,0.84,52.8,1.44,0.95,5.9,-0.83,-0.41,1137.5,2026-09-17 10:23:00,v23_bias_fusion_01,0.91,1.342,-0.767,1.0,1.0,0.0,0.35,0.75,0.0,1.1,1.205,0.65
2026-09-18T01:55:45Z,2026-09-18 09:55:45,2026-09-18 10:00,2026-09-18 02:00Z,2026-09-18 09:55:30,1,32,31.54,31,30.64,31,30.99,0.9,0.9,0,stable,1,low,3.93,0.0,0.05,crosswind,0.04,0.6,54.2,1.44,0.95,65.9,-0.83,-0.41,1197.5,2026-09-17 10:23:00,v23_bias_fusion_01,0.208,1.342,-0.767,1.0,1.0,0.0,0.35,0.75,0.0,1.1,0.981,1.0
2026-09-18T02:55:45Z,2026-09-18 10:55:45,2026-09-18 11:00,2026-09-18 03:00Z,2026-09-18 10:55:30,1,33,32.85,32,32.31,33,32.7,0.54,0.54,0,heating,0,none,1.42,0.11,0.49,crosswind,0.0,0.42,47.9,1.44,0.95,125.9,-0.83,-0.41,1257.5,2026-09-17 10:23:00,v23_bias_fusion_01,0.126,1.342,-0.767,1.0,0.65,0.0,0.35,0.4875,0.0,0.8375,0.834,0.65
2026-09-18T03:55:45Z,2026-09-18 11:55:45,2026-09-18 12:00,2026-09-18 04:00Z,2026-09-18 11:55:30,1,32,32.45,33,32.67,32,32.4,-0.22,-0.22,0,convective,3,moderate,4.03,0.21,0.2,crosswind,0.0,0.29,51.6,-0.81,0.33,20.9,-0.81,-0.55,55.0,2026-09-17 10:23:00,v23_bias_fusion_01,0.087,-0.582,-0.771,1.0,1.0,1.0,0.35,0.75,1.0,2.1,-0.56,0.4
2026-09-18T04:55:45Z,2026-09-18 12:55:45,2026-09-18 13:00,2026-09-18 05:00Z,2026-09-18 12:55:30,1,33,32.64,33,32.72,33,33.04,-0.08,-0.08,0,outflow,6,high,3.23,-0.28,-0.77,crosswind,0.0,0.2,54.4,-0.81,0.33,80.9,-0.81,-0.55,115.0,2026-09-17 10:23:00,v23_bias_fusion_01,0.06,-0.582,-0.771,1.0,1.0,0.6,0.35,0.75,0.6,1.7,-0.517,0.15
2026-09-18T05:55:45Z,2026-09-18 13:55:45,2026-09-18 14:00,2026-09-18 06:00Z,2026-09-18 13:55:30,1,29,29.07,29,29.2,29,29.37,-0.51,-0.13,1,stable,1,low,1.79,0.18,-0.31,crosswind,0.0,0.14,50.7,-0.81,0.33,140.9,-0.81,-0.55,175.0,2026-09-18 08:31:00,v23_bias_fusion_01,0.042,-0.582,-0.771,1.0,0.65,0.6,0.35,0.4875,0.6,1.4375,-0.509,1.0
2026-09-18T06:55:45Z,2026-09-18 14:55:45,2026-09-18 15:00,2026-09-18 07:00Z,2026-09-18 14:55:30,1,26,26.28,26,26.24,27,27.06,0.04,0.04,0,outflow,9,extreme,5.59,-0.78,-2.42,downstream,0.3,0.19,52.5,0.7,0.46,20.9,-0.81,-0.55,235.0,2026-09-18 09:55:00,v23_bias_fusion_01,0.267,0.652,-0.771,1.0,1.0,0.25,0.35,0.75,0.25,1.35,0.289,0.15
2026-09-18T07:55:45Z,2026-09-18 15:55:45,2026-09-18 16:00,2026-09-18 08:00Z,2026-09-18 15:55:30,1,25,25.43,25,25.37,25,24.67,0.23,0.06,1,stable,1,low,2.24,-0.04,0.17,calm,0.0,0.13,47.9,0.7,0.46,80.9,-0.81,-0.55,295.0,2026-09-18 10:15:00,v23_bias_fusion_01,0.039,0.652,-0.771,1.0,1.0,0.25,0.35,0.75,0.25,1.35,0.23,1.0
2026-09-18T08:55:45Z,2026-09-18 16:55:45,2026-09-18 17:00,2026-09-18 09:00Z,2026-09-18 16:55:30,1,26,25.73,26,25.57,26,25.83,0.16,0.16,0,stable,0,none,1.28,0.0,-0.05,calm,0.13,0.13,49.5,0.7,0.46,140.9,-0.81,-0.55,355.0,2026-09-18 10:15:00,v23_bias_fusion_01,0.13,0.652,-0.771,1.0,0.65,0.25,0.35,0.4875,0.25,1.0875,0.157,1.0
2026-09-18T09:55:45Z,2026-09-18 17:55:45,2026-09-18 18:00,2026-09-18 10:00Z,2026-09-18 17:55:30,1,27,26.51,26,25.61,26,26.43,0.9,0.9,0,stable,0,none,1.28,0.0,-0.14,crosswind,0.93,0.37,49.5,1.83,0.94,35.8,-0.81,-0.55,415.0,2026-09-18 10:15:00,v23_bias_fusion_01,0.762,1.652,-0.771,1.0,1.0,0.0,0.35,0.75,0.0,1.1,1.369,1.0
2026-09-18T10:55:45Z,2026-09-18 18:55:45,2026-09-18 19:00,2026-09-18 11:00Z,2026-09-18 18:55:30,1,27,26.94,26,26.04,27,26.86,0.9,0.9,0,stable,0,none,0.32,0.0,0.15,crosswind,0.89,0.53,49.5,1.83,0.94,95.8,-0.81,-0.55,475.0,2026-09-18 10:15:00,v23_bias_fusion_01,0.782,1.652,-0.771,1.0,0.65,0.0,0.35,0.4875,0.0,0.8375,1.288,1.0
2026-09-18T11:55:45Z,2026-09-18 19:55:45,2026-09-18 20:00,2026-09-18 12:00Z,2026-09-18 19:55:30,1,27,26.98,26,26.08,27,26.66,0.9,0.9,0,stable,0,none,0.77,0.0,-0.04,calm,0.46,0.51,49.4,1.83,0.94,155.8,-0.81,-0.55,535.0,2026-09-18 10:15:00,v23_bias_fusion_01,0.475,1.652,-0.771,1.0,0.65,0.0,0.35,0.4875,0.0,0.8375,1.16,1.0
2026-09-18T12:55:45Z,2026-09-18 20:55:45,2026-09-18 21:00,2026-09-18 13:00Z,2026-09-18 20:55:30,1,27,27.05,26,26.22,27,26.78,0.83,0.83,0,stable,0,none,0.7,0.0,0.08,calm,0.42,0.48,49.3,1.02,0.97,20.8,-0.81,-0.55,595.0,2026-09-18 10:15:00,v23_bias_fusion_01,0.438,1.01,-0.771,1.0,1.0,0.0,0.35,0.75,0.0,1.1,0.828,1.0
2026-09-18T13:55:45Z,2026-09-18 21:55:45,2026-09-18 22:00,2026-09-18 14:00Z,2026-09-18 21:55:30,1,27,27.17,26,26.38,27,26.85,0.79,0.79,0,stable,0,none,0.87,0.0,0.05,calm,0.28,0.42,49.3,1.02,0.97,80.8,-0.81,-0.55,655.0,2026-09-18 10:15:00,v23_bias_fusion_01,0.322,1.01,-0.771,1.0,1.0,0.0,0.35,0.75,0.0,1.1,0.791,1.0
2026-09-18T14:55:45Z,2026-09-18 22:55:45,2026-09-18 23:00,2026-09-18 15:00Z,2026-09-18 22:55:30,1,27,27.38,26,26.48,27,27.43,0.9,0.9,0,stable,0,none,1.03,0.0,0.04,calm,1.12,0.63,49.3,1.02,0.97,140.8,-0.81,-0.55,715.0,2026-09-18 10:15:00,v23_bias_fusion_01,0.973,1.01,-0.771,1.0,0.65,0.0,0.35,0.4875,0.0,0.8375,0.995,1.0
2026-09-18T15:55:45Z,2026-09-18 23:55:45,2026-09-19 00:00,2026-09-18 16:00Z,2026-09-18 23:55:30,1,27,27.2,26,26.3,27,27.21,0.9,0.9,0,stable,0,none,1.27,0.0,-0.03,calm,1.02,0.75,49.2,1.22,1.06,20.8,-0.81,-0.55,775.0,2026-09-18 10:15:00,v23_bias_fusion_01,0.939,1.188,-0.771,1.0,1.0,0.0,0.35,0.75,0.0,1.1,1.109,1.0
2026-09-18T16:55:45Z,2026-09-19 00:55:45,2026-09-19 01:00,2026-09-18 17:00Z,2026-09-19 00:55:30,1,27,27.12,26,26.22,27,27.17,0.9,0.9,0,stable,1,low,1.52,0.0,0.01,calm,1.2,0.88,49.2,1.22,1.06,80.8,-0.81,-0.55,835.0,2026-09-18 10:15:00,v23_bias_fusion_01,1.104,1.188,-0.771,1.0,1.0,0.0,0.35,0.75,0.0,1.1,1.161,1.0
2026-09-18T17:55:45Z,2026-09-19 01:55:45,2026-09-19 02:00,2026-09-18 18:00Z,2026-09-19 01:55:30,1,27,26.95,26,26.09,27,26.58,0.86,0.86,0,stable,1,low,1.66,0.0,-0.05,calm,0.28,0.7,34.5,1.22,1.06,140.8,-0.81,-0.55,895.0,2026-09-18 10:15:00,v23_bias_fusion_01,0.406,1.188,-0.771,1.0,0.65,0.0,0.35,0.4875,0.0,0.8375,0.861,1.0
2026-09-18T18:55:45Z,2026-09-19 02:55:45,2026-09-19 03:00,2026-09-18 19:00Z,2026-09-19 02:55:30,1,27,26.69,26,25.91,26,26.46,0.78,0.78,0,stable,1,low,1.7,0.0,-0.03,calm,0.41,0.61,4.5,0.91,1.01,4.5,-0.81,-0.55,955.0,2026-09-18 10:15:00,v23_bias_fusion_01,0.47,0.93,-0.771,1.0,1.0,0.0,0.35,0.75,0.0,1.1,0.784,1.0
2026-09-18T19:55:45Z,2026-09-19 03:55:45,2026-09-19 04:00,2026-09-18 20:00Z,2026-09-19 03:55:30,1,26,26.35,26,25.53,26,26.18,0.82,0.82,0,stable,0,none,1.45,0.0,-0.04,calm,0.59,0.6,34.4,0.91,1.01,64.5,-0.81,-0.55,1015.0,2026-09-18 10:15:00,v23_bias_fusion_01,0.593,0.93,-0.771,1.0,1.0,0.0,0.35,0.75,0.0,1.1,0.823,1.0
2026-09-18T20:55:45Z,2026-09-19 04:55:45,2026-09-19 05:00,2026-09-18 21:00Z,2026-09-19 04:55:30,1,26,25.99,25,25.4,26,25.7,0.59,0.59,0,stable,0,none,1.38,0.0,0.0,crosswind,0.0,0.42,34.4,0.91,1.01,124.5,-0.81,-0.55,1075.0,2026-09-18 10:15:00,v23_bias_fusion_01,0.126,0.93,-0.771,1.0,0.65,0.0,0.35,0.4875,0.0,0.8375,0.594,1.0
2026-09-18T21:55:45Z,2026-09-19 05:55:45,2026-09-19 06:00,2026-09-18 22:00Z,2026-09-19 05:55:30,1,26,25.93,25,25.37,26,25.73,0.56,0.56,0,stable,0,none,1.48,0.0,0.0,calm,0.1,0.32,34.3,0.7,0.9,19.5,-0.81,-0.55,1135.0,2026-09-18 10:15:00,v23_bias_fusion_01,0.166,0.74,-0.771,1.0,1.0,0.0,0.35,0.75,0.0,1.1,0.557,1.0
2026-09-18T22:55:45Z,2026-09-19 06:55:45,2026-09-19 07:00,2026-09-18 23:00Z,2026-09-19 06:55:30,1,27,27.21,26,26.4,27,27.35,0.81,0.81,0,stable,1,low,3.17,0.0,0.31,calm,1.13,0.56,34.3,0.7,0.9,79.5,-0.81,-0.55,1195.0,2026-09-18 10:15:00,v23_bias_fusion_01,0.959,0.74,-0.771,1.0,1.0,0.0,0.35,0.75,0.0,1.1,0.81,1.0
2026-09-18T23:55:45Z,2026-09-19 07:55:45,2026-09-19 08:00,2026-09-19 00:00Z,2026-09-19 07:55:30,1,30,29.9,29,29.35,30,30.3,0.55,0.55,0,heating,0,none,0.84,0.0,0.81,calm,1.1,0.72,34.3,0.7,0.9,139.5,-0.81,-0.55,1255.0,2026-09-18 10:15:00,v23_bias_fusion_01,0.986,0.74,-0.771,1.0,0.65,0.0,0.35,0.4875,0.0,0.8375,0.843,0.65
2026-09-19T00:55:45Z,2026-09-19 08:55:45,2026-09-19 09:00,2026-09-19 01:00Z,2026-09-19 08:55:30,1,31,31.06,31,30.96,31,30.69,0.1,0.1,0,heating,1,low,1.95,0.4,0.37,crosswind,0.0,0.5,50.6,0.05,0.6,4.5,-0.81,-0.55,1315.0,2026-09-18 10:15:00,v23_bias_fusion_01,0.15,0.16,-0.771,1.0,1.0,0.0,0.35,0.75,0.0,1.1,0.157,0.65
2026-09-19T01:55:45Z,2026-09-19 09:55:45,2026-09-19 10:00,2026-09-19 02:00Z,2026-09-19 09:55:30,1,31,31.29,31,31.26,31,30.72,0.03,0.03,0,stable,1,low,2.08,-0.01,0.12,crosswind,-0.46,0.21,50.4,0.05,0.6,64.5,-0.81,-0.55,1375.0,2026-09-18 10:15:00,v23_bias_fusion_01,-0.259,0.16,-0.771,1.0,1.0,0.0,0.35,0.75,0.0,1.1,0.027,1.0
2026-09-19T02:55:45Z,2026-09-19 10:55:45,2026-09-19 11:00,2026-09-19 03:00Z,2026-09-19 10:55:30,1,32,32.46,32,32.42,32,32.16,0.04,0.04,0,convective,3,moderate,1.5,-0.17,0.24,crosswind,0.0,0.15,51.3,0.05,0.6,124.5,-0.81,-0.55,1435.0,2026-09-18 10:15:00,v23_bias_fusion_01,0.045,0.16,-0.771,1.0,0.65,0.0,0.35,0.4875,0.0,0.8375,0.112,0.4
2026-09-19T03:55:45Z,2026-09-19 11:55:45,2026-09-19 12:00,2026-09-19 04:00Z,2026-09-19 11:55:30,1,33,33.03,33,33.08,33,32.67,-0.05,-0.05,0,convective,4,moderate,1.49,-0.23,0.18,upstream,0.0,0.1,51.9,-0.12,0.35,4.5,-0.22,-0.43,57.7,2026-09-18 10:15:00,v23_bias_fusion_01,0.03,-0.026,-0.252,1.0,1.0,1.0,0.35,0.75,1.0,2.1,-0.124,0.4
2026-09-19T05:55:45Z,2026-09-19 13:55:45,2026-09-19 14:00,2026-09-19 06:00Z,2026-09-19 13:55:30,1,32,32.31,32,32.21,33,33.08,0.1,0.1,0,outflow,5,high,1.83,-0.45,-1.13,upstream,0.0,0.07,111.8,-0.12,0.35,124.5,1.22,0.36,58.2,2026-09-19 08:34:00,v23_bias_fusion_01,0.021,-0.026,1.091,0.55,0.65,1.0,0.1925,0.4875,1.0,1.68,0.644,0.15
2026-09-19T06:55:45Z,2026-09-19 14:55:45,2026-09-19 15:00,2026-09-19 07:00Z,2026-09-19 14:55:30,1,29,29.27,29,29.3,28,28.35,-0.03,-0.03,0,outflow,5,high,0.27,-0.41,-0.99,upstream,-0.71,-0.16,49.5,-1.31,-0.23,29.1,1.22,0.36,118.2,2026-09-19 08:34:00,v23_bias_fusion_01,-0.545,-1.094,1.091,1.0,1.0,0.6,0.35,0.75,0.6,1.7,-0.21,0.15
2026-09-19T07:55:45Z,2026-09-19 15:55:45,2026-09-19 16:00,2026-09-19 08:00Z,2026-09-19 15:55:30,1,27,27.49,28,27.72,27,26.96,-0.23,-0.23,0,stable,0,none,0.83,-0.03,0.1,upstream,-0.8,-0.35,48.7,-1.31,-0.23,89.1,1.22,0.36,178.2,2026-09-19 08:34:00,v23_bias_fusion_01,-0.665,-1.094,1.091,1.0,1.0,0.6,0.35,0.75,0.6,1.7,-0.235,1.0
2026-09-19T08:55:45Z,2026-09-19 16:55:45,2026-09-19 17:00,2026-09-19 09:00Z,2026-09-19 16:55:30,1,28,28.05,28,28.11,29,28.64,-0.06,-0.06,0,stable,0,none,0.4,0.0,0.06,calm,0.78,-0.01,50.2,-1.31,-0.23,149.1,1.22,0.36,238.2,2026-09-19 08:34:00,v23_bias_fusion_01,0.543,-1.094,1.091,1.0,0.65,0.25,0.35,0.4875,0.25,1.0875,-0.065,1.0
2026-09-19T09:55:45Z,2026-09-19 17:55:45,2026-09-19 18:00,2026-09-19 10:00Z,2026-09-19 17:55:30,1,29,29.35,28,28.46,29,28.98,0.89,0.89,0,stable,0,none,0.83,0.0,-0.03,calm,0.39,0.11,50.1,1.29,0.3,29.0,1.22,0.36,298.2,2026-09-19 08:34:00,v23_bias_fusion_01,0.306,1.092,1.091,1.0,1.0,0.25,0.35,0.75,0.25,1.35,0.888,1.0
2026-09-19T10:55:45Z,2026-09-19 18:55:45,2026-09-19 19:00,2026-09-19 11:00Z,2026-09-19 18:55:30,1,29,29.17,28,28.27,29,29.17,0.9,0.9,0,stable,0,none,1.22,0.0,-0.04,calm,1.04,0.39,50.1,1.29,0.3,89.0,1.22,0.36,358.2,2026-09-19 08:34:00,v23_bias_fusion_01,0.845,1.092,1.091,1.0,1.0,0.25,0.35,0.75,0.25,1.35,1.028,1.0
2026-09-19T11:55:45Z,2026-09-19 19:55:45,2026-09-19 20:00,2026-09-19 12:00Z,2026-09-19 19:55:30,1,29,29.31,28,28.41,29,29.36,0.9,0.9,0,stable,0,none,1.07,0.0,-0.02,calm,1.23,0.64,50.1,1.29,0.3,149.0,1.22,0.36,418.2,2026-09-19 08:34:00,v23_bias_fusion_01,1.053,1.092,1.091,1.0,0.65,0.0,0.35,0.4875,0.0,0.8375,1.076,1.0
2026-09-19T12:55:45Z,2026-09-19 20:55:45,2026-09-19 21:00,2026-09-19 13:00Z,2026-09-19 20:55:30,1,29,28.81,28,28.13,29,28.51,0.68,0.68,0,stable,0,none,1.35,0.0,0.0,upstream,0.09,0.47,20.0,0.99,0.54,29.0,1.22,0.36,478.2,2026-09-19 08:34:00,v23_bias_fusion_01,0.204,0.9,1.091,1.0,1.0,0.0,0.35,0.75,0.0,1.1,0.679,1.0
2026-09-19T13:55:45Z,2026-09-19 21:55:45,2026-09-19 22:00,2026-09-19 14:00Z,2026-09-19 21:55:30,1,29,28.82,28,28.08,29,28.61,0.74,0.74,0,stable,1,low,1.61,0.0,-0.05,upstream,0.37,0.44,50.0,0.99,0.54,89.0,1.22,0.36,538.2,2026-09-19 08:34:00,v23_bias_fusion_01,0.391,0.9,1.091,1.0,1.0,0.0,0.35,0.75,0.0,1.1,0.738,1.0
2026-09-19T14:55:45Z,2026-09-19 22:55:45,2026-09-19 23:00,2026-09-19 15:00Z,2026-09-19 22:55:30,1,29,28.6,28,27.9,28,28.45,0.7,0.7,0,stable,1,low,1.74,0.0,-0.04,upstream,0.42,0.43,50.0,0.99,0.54,149.0,1.22,0.36,598.2,2026-09-19 08:34:00,v23_bias_fusion_01,0.423,0.9,1.091,1.0,0.65,0.0,0.35,0.4875,0.0,0.8375,0.701,1.0
2026-09-19T15:55:45Z,2026-09-19 23:55:45,2026-09-20 00:00,2026-09-19 16:00Z,2026-09-19 23:55:30,1,28,28.22,28,27.52,28,28.18,0.7,0.7,0,stable,1,low,1.7,0.0,-0.06,upstream,0.6,0.48,50.0,0.8,0.63,29.0,1.22,0.36,658.2,2026-09-19 08:34:00,v23_bias_fusion_01,0.564,0.766,1.091,1.0,1.0,0.0,0.35,0.75,0.0,1.1,0.702,1.0
2026-09-19T16:55:45Z,2026-09-20 00:55:45,2026-09-20 01:00,2026-09-19 17:00Z,2026-09-20 00:55:30,1,28,27.64,27,27.09,27,27.39,0.55,0.55,0,stable,1,low,1.82,0.0,-0.01,calm,0.0,0.34,49.9,0.8,0.63,89.0,1.22,0.36,718.2,2026-09-19 08:34:00,v23_bias_fusion_01,0.102,0.766,1.091,1.0,1.0,0.0,0.35,0.75,0.0,1.1,0.555,1.0
2026-09-19T17:55:45Z,2026-09-20 01:55:45,2026-09-20 02:00,2026-09-19 18:00Z,2026-09-20 01:55:30,1,27,27.36,27,26.75,27,27.29,0.61,0.61,0,stable,1,low,1.73,0.0,-0.04,calm,0.41,0.36,49.9,0.8,0.63,149.0,1.22,0.36,778.2,2026-09-19 08:34:00,v23_bias_fusion_01,0.395,0.766,1.091,1.0,0.65,0.0,0.35,0.4875,0.0,0.8375,0.611,1.0
2026-09-19T18:55:45Z,2026-09-20 02:55:45,2026-09-20 03:00,2026-09-19 19:00Z,2026-09-20 02:55:30,1,27,27.34,27,26.63,27,27.37,0.71,0.71,0,stable,1,low,1.66,0.0,0.03,calm,0.75,0.48,19.8,0.75,0.67,13.9,1.22,0.36,838.2,2026-09-19 08:34:00,v23_bias_fusion_01,0.669,0.734,1.091,1.0,1.0,0.0,0.35,0.75,0.0,1.1,0.713,1.0
2026-09-19T19:55:45Z,2026-09-20 03:55:45,2026-09-20 04:00,2026-09-19 20:00Z,2026-09-20 03:55:30,1,27,27.19,26,26.44,27,27.25,0.75,0.75,0,stable,1,low,1.8,0.0,-0.06,calm,0.87,0.6,49.7,0.75,0.67,73.9,1.22,0.36,898.2,2026-09-19 08:34:00,v23_bias_fusion_01,0.789,0.734,1.091,1.0,1.0,0.0,0.35,0.75,0.0,1.1,0.752,1.0
2026-09-19T20:55:45Z,2026-09-20 04:55:45,2026-09-20 05:00,2026-09-19 21:00Z,2026-09-20 04:55:30,1,27,27.25,26,26.42,27,27.35,0.83,0.83,0,stable,0,none,1.13,0.0,0.12,calm,1.06,0.74,49.7,0.75,0.67,133.9,1.22,0.36,958.2,2026-09-19 08:34:00,v23_bias_fusion_01,0.964,0.734,1.091,1.0,0.65,0.0,0.35,0.4875,0.0,0.8375,0.83,1.0
2026-09-19T21:55:45Z,2026-09-20 05:55:45,2026-09-20 06:00,2026-09-19 22:00Z,2026-09-20 05:55:30,1,27,26.99,26,26.28,27,26.65,0.71,0.71,0,stable,0,none,1.32,0.0,-0.01,calm,0.08,0.54,49.6,0.98,0.78,13.9,1.22,0.36,1018.2,2026-09-19 08:34:00,v23_bias_fusion_01,0.218,0.94,1.091,1.0,1.0,0.0,0.35,0.75,0.0,1.1,0.71,1.0
2026-09-19T22:55:45Z,2026-09-20 06:55:45,2026-09-20 07:00,2026-09-19 23:00Z,2026-09-20 06:55:30,1,28,27.58,27,26.85,27,27.29,0.73,0.73,0,stable,1,low,1.77,0.0,0.21,calm,0.22,0.44,49.6,0.98,0.78,73.9,1.22,0.36,1078.2,2026-09-19 08:34:00,v23_bias_fusion_01,0.286,0.94,1.091,1.0,1.0,0.0,0.35,0.75,0.0,1.1,0.732,1.0
2026-09-19T23:55:45Z,2026-09-20 07:55:45,2026-09-20 08:00,2026-09-20 00:00Z,2026-09-20 07:55:30,1,30,29.6,29,29.08,30,30.03,0.52,0.52,0,heating,0,none,1.0,0.0,0.48,upstream,0.65,0.5,49.5,0.98,0.78,133.9,1.22,0.36,1138.2,2026-09-19 08:34:00,v23_bias_fusion_01,0.605,0.94,1.091,1.0,0.65,0.0,0.35,0.4875,0.0,0.8375,0.8,0.65
2026-09-20T00:55:45Z,2026-09-20 08:55:45,2026-09-20 09:00,2026-09-20 01:00Z,2026-09-20 08:55:30,1,31,31.25,31,31.11,31,31.11,0.14,0.14,0,heating,1,low,2.83,0.33,0.45,calm,0.65,0.5,109.5,0.02,0.51,13.9,1.22,0.36,1198.2,2026-09-19 08:34:00,v23_bias_fusion_01,0.605,0.118,1.091,0.55,1.0,0.0,0.1925,0.75,0.0,0.9425,0.217,0.65
2026-09-20T01:55:45Z,2026-09-20 09:55:45,2026-09-20 10:00,2026-09-20 02:00Z,2026-09-20 09:55:30,1,32,32.14,32,32.1,32,32.1,0.04,0.04,0,rapid_heating,1,low,1.69,0.51,0.35,upstream,0.65,0.5,169.5,0.02,0.51,73.9,1.22,0.36,1258.2,2026-09-19 08:34:00,v23_bias_fusion_01,0.605,0.118,1.091,0.0,1.0,0.0,0.0,0.75,0.0,0.75,0.118,0.35
2026-09-20T02:55:45Z,2026-09-20 10:55:45,2026-09-20 11:00,2026-09-20 03:00Z,2026-09-20 10:55:30,1,32,32.29,32,32.32,31,31.37,-0.03,-0.03,0,convective,4,moderate,1.63,-0.23,-0.21,calm,-0.6,0.17,49.1,0.02,0.51,133.9,1.22,0.36,1318.2,2026-09-19 08:34:00,v23_bias_fusion_01,-0.369,0.118,1.091,1.0,0.65,0.0,0.35,0.4875,0.0,0.8375,-0.086,0.4
2026-09-20T03:55:45Z,2026-09-20 11:55:45,2026-09-20 12:00,2026-09-20 04:00Z,2026-09-20 11:55:30,1,33,32.82,33,32.96,33,32.79,-0.14,-0.14,0,stable,1,low,1.03,0.02,0.2,upstream,0.0,0.12,53.2,-0.42,0.18,12.9,-0.12,0.19,57.6,2026-09-19 08:34:00,v23_bias_fusion_01,0.036,-0.3,-0.073,1.0,1.0,1.0,0.35,0.75,1.0,2.1,-0.136,1.0
2026-09-20T04:55:45Z,2026-09-20 12:55:45,2026-09-20 13:00,2026-09-20 05:00Z,2026-09-20 12:55:30,1,32,32.44,33,32.69,33,32.69,-0.25,-0.25,0,stable,1,low,1.09,-0.09,-0.28,upstream,0.0,0.08,49.7,-0.42,0.18,72.9,-0.36,-0.0,58.1,2026-09-19 08:34:00,v23_bias_fusion_01,0.024,-0.3,-0.306,1.0,1.0,1.0,0.35,0.75,1.0,2.1,-0.249,1.0
2026-09-20T05:55:45Z,2026-09-20 13:55:45,2026-09-20 14:00,2026-09-20 06:00Z,2026-09-20 13:55:30,1,32,32.44,33,32.7,32,32.29,-0.26,-0.26,0,stable,1,low,0.83,0.13,0.02,upstream,-0.19,-0.0,46.9,-0.42,0.18,132.9,-0.36,-0.0,118.1,2026-09-19 08:34:00,v23_bias_fusion_01,-0.133,-0.3,-0.306,1.0,0.65,0.6,0.35,0.4875,0.6,1.4375,-0.262,1.0
2026-09-20T06:55:45Z,2026-09-20 14:55:45,2026-09-20 15:00,2026-09-20 07:00Z,2026-09-20 14:55:30,1,32,32.04,32,32.48,32,32.06,-0.44,-0.44,0,stable,1,low,0.83,0.07,-0.22,upstream,-0.2,-0.06,50.7,-0.8,-0.16,12.9,-0.36,-0.0,178.1,2026-09-19 08:34:00,v23_bias_fusion_01,-0.158,-0.672,-0.306,1.0,1.0,0.6,0.35,0.75,0.6,1.7,-0.437,1.0
2026-09-20T07:55:45Z,2026-09-20 15:55:45,2026-09-20 16:00,2026-09-20 08:00Z,2026-09-20 15:55:30,1,32,31.58,32,32.01,32,31.72,-0.43,-0.43,0,stable,1,low,1.03,0.05,-0.16,crosswind,0.0,-0.04,49.3,-0.8,-0.16,72.9,-0.36,-0.0,238.1,2026-09-19 08:34:00,v23_bias_fusion_01,-0.012,-0.672,-0.306,1.0,1.0,0.25,0.35,0.75,0.25,1.35,-0.433,1.0
2026-09-20T08:55:45Z,2026-09-20 16:55:45,2026-09-20 17:00,2026-09-20 09:00Z,2026-09-20 16:55:30,1,31,31.21,32,31.58,32,31.56,-0.37,-0.37,0,stable,1,low,0.83,0.0,-0.04,crosswind,0.0,-0.03,53.6,-0.8,-0.16,132.9,-0.36,-0.0,298.1,2026-09-19 08:34:00,v23_bias_fusion_01,-0.009,-0.672,-0.306,1.0,0.65,0.25,0.35,0.4875,0.25,1.0875,-0.374,1.0
2026-09-20T09:55:45Z,2026-09-20 17:55:45,2026-09-20 18:00,2026-09-20 10:00Z,2026-09-20 17:55:30,1,30,29.8,30,30.17,30,29.83,-0.37,-0.37,0,stable,0,none,1.16,0.0,-0.13,crosswind,-0.08,-0.04,23.6,-0.58,-0.31,27.9,-0.36,-0.0,358.1,2026-09-19 08:34:00,v23_bias_fusion_01,-0.068,-0.526,-0.306,1.0,1.0,0.25,0.35,0.75,0.25,1.35,-0.367,1.0
2026-09-20T10:55:45Z,2026-09-20 18:55:45,2026-09-20 19:00,2026-09-20 11:00Z,2026-09-20 18:55:30,1,29,29.01,29,29.37,29,29.29,-0.36,-0.36,0,stable,0,none,0.66,0.0,-0.03,crosswind,0.0,-0.03,23.6,-0.58,-0.31,87.9,-0.36,-0.0,418.1,2026-09-19 08:34:00,v23_bias_fusion_01,-0.009,-0.526,-0.306,1.0,1.0,0.0,0.35,0.75,0.0,1.1,-0.361,1.0
2026-09-20T11:55:45Z,2026-09-20 19:55:45,2026-09-20 20:00,2026-09-20 12:00Z,2026-09-20 19:55:30,1,29,28.95,29,29.22,29,29.49,-0.27,-0.27,0,stable,0,none,0.47,0.0,0.08,crosswind,0.13,0.02,23.5,-0.58,-0.31,147.9,-0.36,-0.0,478.1,2026-09-19 08:34:00,v23_bias_fusion_01,0.097,-0.526,-0.306,1.0,0.65,0.0,0.35,0.4875,0.0,0.8375,-0.266,1.0
2026-09-20T12:55:45Z,2026-09-20 20:55:45,2026-09-20 21:00,2026-09-20 13:00Z,2026-09-20 20:55:30,1,29,29.42,29,28.97,29,29.42,0.45,0.45,0,stable,0,none,0.47,0.0,-0.04,calm,0.28,0.1,23.5,0.68,0.04,12.9,-0.36,-0.0,538.1,2026-09-19 08:34:00,v23_bias_fusion_01,0.226,0.552,-0.306,1.0,1.0,0.0,0.35,0.75,0.0,1.1,0.448,1.0
2026-09-20T13:55:45Z,2026-09-20 21:55:45,2026-09-20 22:00,2026-09-20 14:00Z,2026-09-20 21:55:30,1,29,29.15,29,28.77,29,28.8,0.38,0.38,0,stable,0,none,0.47,0.0,0.01,crosswind,0.0,0.07,23.5,0.68,0.04,72.9,-0.36,-0.0,598.1,2026-09-19 08:34:00,v23_bias_fusion_01,0.021,0.552,-0.306,1.0,1.0,0.0,0.35,0.75,0.0,1.1,0.383,1.0
2026-09-20T14:55:45Z,2026-09-20 22:55:45,2026-09-20 23:00,2026-09-20 15:00Z,2026-09-20 22:55:30,1,29,28.76,28,28.43,29,28.54,0.33,0.33,0,stable,0,none,0.37,0.0,-0.12,calm,0.0,0.05,23.4,0.68,0.04,132.9,-0.36,-0.0,658.1,2026-09-19 08:34:00,v23_bias_fusion_01,0.015,0.552,-0.306,1.0,0.65,0.0,0.35,0.4875,0.0,0.8375,0.328,1.0
2026-09-20T15:55:45Z,2026-09-20 23:55:45,2026-09-21 00:00,2026-09-20 16:00Z,2026-09-20 23:55:30,1,28,28.21,28,27.97,28,28.3,0.24,0.24,0,stable,1,low,0.76,0.0,-0.22,crosswind,0.07,0.06,23.4,0.37,0.16,27.9,-0.36,-0.0,718.1,2026-09-19 08:34:00,v23_bias_fusion_01,0.067,0.328,-0.306,1.0,1.0,0.0,0.35,0.75,0.0,1.1,0.245,1.0
2026-09-20T16:55:45Z,2026-09-21 00:55:45,2026-09-21 01:00,2026-09-20 17:00Z,2026-09-21 00:55:30,1,28,27.79,28,27.56,28,27.58,0.23,0.23,0,stable,1,low,1.41,0.0,0.0,crosswind,0.0,0.04,53.4,0.37,0.16,87.9,-0.36,-0.0,778.1,2026-09-19 08:34:00,v23_bias_fusion_01,0.012,0.328,-0.306,1.0,1.0,0.0,0.35,0.75,0.0,1.1,0.227,1.0
2026-09-20T17:55:45Z,2026-09-21 01:55:45,2026-09-21 02:00,2026-09-20 18:00Z,2026-09-21 01:55:30,1,27,27.12,27,26.93,27,27.19,0.19,0.19,0,stable,0,none,1.07,0.0,-0.15,crosswind,0.0,0.03,53.4,0.37,0.16,147.9,-0.36,-0.0,838.1,2026-09-19 08:34:00,v23_bias_fusion_01,0.009,0.328,-0.306,1.0,0.65,0.0,0.35,0.4875,0.0,0.8375,0.195,1.0
2026-09-20T18:55:45Z,2026-09-21 02:55:45,2026-09-21 03:00,2026-09-20 19:00Z,2026-09-21 02:55:30,1,28,27.84,27,26.94,28,27.56,0.9,0.9,0,stable,0,none,0.97,0.0,-0.05,calm,0.57,0.19,23.2,1.37,0.58,12.9,-0.36,-0.0,898.1,2026-09-19 08:34:00,v23_bias_fusion_01,0.456,1.212,-0.306,1.0,1.0,0.0,0.35,0.75,0.0,1.1,0.971,1.0
2026-09-20T19:55:45Z,2026-09-21 03:55:45,2026-09-21 04:00,2026-09-20 20:00Z,2026-09-21 03:55:30,1,27,27.18,26,26.28,27,26.91,0.9,0.9,0,stable,2,low,2.46,0.0,0.04,calm,0.56,0.3,23.2,1.37,0.58,72.9,-0.36,-0.0,958.1,2026-09-19 08:34:00,v23_bias_fusion_01,0.482,1.212,-0.306,1.0,1.0,0.0,0.35,0.75,0.0,1.1,0.98,1.0
2026-09-20T20:55:45Z,2026-09-21 04:55:45,2026-09-21 05:00,2026-09-20 21:00Z,2026-09-21 04:55:30,1,27,27.01,26,26.21,27,26.65,0.8,0.8,0,stable,1,low,1.63,0.0,0.02,crosswind,0.22,0.28,23.2,1.37,0.58,132.9,-0.36,-0.0,1018.1,2026-09-19 08:34:00,v23_bias_fusion_01,0.238,1.212,-0.306,1.0,0.65,0.0,0.35,0.4875,0.0,0.8375,0.805,1.0
2026-09-20T21:55:45Z,2026-09-21 05:55:45,2026-09-21 06:00,2026-09-20 22:00Z,2026-09-21 05:55:30,1,27,26.64,26,25.97,26,26.45,0.67,0.67,0,stable,1,low,1.61,0.0,-0.08,calm,0.29,0.28,23.2,0.89,0.69,12.9,-0.36,-0.0,1078.1,2026-09-19 08:34:00,v23_bias_fusion_01,0.287,0.85,-0.306,1.0,1.0,0.0,0.35,0.75,0.0,1.1,0.671,1.0
2026-09-20T22:55:45Z,2026-09-21 06:55:45,2026-09-21 07:00,2026-09-20 23:00Z,2026-09-21 06:55:30,1,28,27.92,27,27.19,28,27.8,0.73,0.73,0,stable,0,none,1.37,0.0,0.39,crosswind,0.53,0.36,23.2,0.89,0.69,72.9,-0.36,-0.0,1138.1,2026-09-19 08:34:00,v23_bias_fusion_01,0.479,0.85,-0.306,1.0,1.0,0.0,0.35,0.75,0.0,1.1,0.732,1.0
2026-09-20T23:55:45Z,2026-09-21 07:55:45,2026-09-21 08:00,2026-09-21 00:00Z,2026-09-21 07:55:30,1,29,29.03,29,28.69,29,28.55,0.34,0.34,0,heating,1,low,1.08,0.0,0.46,crosswind,0.0,0.25,23.2,0.89,0.69,132.9,-0.36,-0.0,1198.1,2026-09-19 08:34:00,v23_bias_fusion_01,0.075,0.85,-0.306,1.0,0.65,0.0,0.35,0.4875,0.0,0.8375,0.526,0.65
2026-09-21T00:55:45Z,2026-09-21 08:55:45,2026-09-21 09:00,2026-09-21 01:00Z,2026-09-21 08:55:30,1,31,30.88,31,30.64,31,30.95,0.24,0.24,0,heating,1,low,1.53,0.21,0.39,crosswind,0.0,0.17,50.6,0.89,0.69,192.9,-0.36,-0.0,1258.1,2026-09-19 08:34:00,v23_bias_fusion_01,0.051,0.85,-0.306,1.0,0.3,0.0,0.35,0.225,0.0,0.575,0.364,0.65
2026-09-21T01:55:45Z,2026-09-21 09:55:45,2026-09-21 10:00,2026-09-21 02:00Z,2026-09-21 09:55:30,1,31,30.94,31,31.01,31,30.74,-0.07,-0.07,0,stable,1,low,0.43,0.06,0.03,crosswind,-0.14,0.08,52.2,0.89,0.69,252.9,-0.36,-0.0,1318.1,2026-09-19 08:34:00,v23_bias_fusion_01,-0.074,0.85,-0.306,1.0,0.0,0.0,0.35,0.0,0.0,0.35,-0.074,1.0
2026-09-21T02:55:45Z,2026-09-21 10:55:45,2026-09-21 11:00,2026-09-21 03:00Z,2026-09-21 10:55:30,1,31,31.43,32,31.82,31,31.24,-0.39,-0.39,0,stable,0,none,0.61,-0.04,0.15,crosswind,-0.51,-0.1,51.0,0.89,0.69,312.9,-0.36,-0.0,1378.1,2026-09-19 08:34:00,v23_bias_fusion_01,-0.387,0.85,-0.306,1.0,0.0,0.0,0.35,0.0,0.0,0.35,-0.387,1.0
2026-09-21T03:55:45Z,2026-09-21 11:55:45,2026-09-21 12:00,2026-09-21 04:00Z,2026-09-21 11:55:30,1,31,31.38,32,32.07,32,31.58,-0.69,-0.69,0,stable,1,low,1.13,0.01,-0.01,crosswind,-0.32,-0.17,51.9,-0.92,0.13,27.9,-0.92,-0.32,57.6,2026-09-19 08:34:00,v23_bias_fusion_01,-0.275,-0.71,-0.83,1.0,1.0,1.0,0.35,0.75,1.0,2.1,-0.695,1.0
2026-09-21T04:55:45Z,2026-09-21 12:55:45,2026-09-21 13:00,2026-09-21 05:00Z,2026-09-21 12:55:30,1,31,31.35,32,31.96,32,31.9,-0.61,-0.61,0,stable,1,low,0.73,0.13,-0.18,crosswind,0.0,-0.12,50.3,-0.92,0.13,87.9,-0.92,-0.32,117.6,2026-09-19 08:34:00,v23_bias_fusion_01,-0.036,-0.71,-0.83,1.0,1.0,0.6,0.35,0.75,0.6,1.7,-0.614,1.0
2026-09-21T05:55:45Z,2026-09-21 13:55:45,2026-09-21 14:00,2026-09-21 06:00Z,2026-09-21 13:55:30,1,32,31.87,32,32.46,32,32.47,-0.59,-0.59,0,stable,2,low,0.53,0.01,0.14,crosswind,0.0,-0.08,49.6,-0.92,0.13,147.9,-0.92,-0.32,177.6,2026-09-19 08:34:00,v23_bias_fusion_01,-0.024,-0.71,-0.83,1.0,0.65,0.6,0.35,0.4875,0.6,1.4375,-0.593,1.0
2026-09-21T06:55:45Z,2026-09-21 14:55:45,2026-09-21 15:00,2026-09-21 07:00Z,2026-09-21 14:55:30,1,32,31.68,32,32.2,32,31.93,-0.52,-0.52,0,stable,1,low,1.13,-0.08,-0.17,crosswind,0.0,-0.06,49.5,-0.76,-0.18,12.9,-0.92,-0.32,237.6,2026-09-19 08:34:00,v23_bias_fusion_01,-0.018,-0.644,-0.83,1.0,1.0,0.25,0.35,0.75,0.25,1.35,-0.516,1.0
2026-09-21T07:55:45Z,2026-09-21 15:55:45,2026-09-21 16:00,2026-09-21 08:00Z,2026-09-21 15:55:30,1,31,31.2,32,31.71,32,31.62,-0.51,-0.51,0,stable,1,low,0.83,-0.08,-0.06,crosswind,0.0,-0.04,49.1,-0.76,-0.18,72.9,-0.92,-0.32,297.6,2026-09-19 08:34:00,v23_bias_fusion_01,-0.012,-0.644,-0.83,1.0,1.0,0.25,0.35,0.75,0.25,1.35,-0.515,1.0
2026-09-21T08:55:45Z,2026-09-21 16:55:45,2026-09-21 17:00,2026-09-21 09:00Z,2026-09-21 16:55:30,1,30,30.39,31,30.93,31,30.52,-0.54,-0.54,0,stable,1,low,1.11,0.0,-0.32,crosswind,-0.21,-0.09,51.5,-0.76,-0.18,132.9,-0.92,-0.32,357.6,2026-09-19 08:34:00,v23_bias_fusion_01,-0.174,-0.644,-0.83,1.0,0.65,0.25,0.35,0.4875,0.25,1.0875,-0.535,1.0
2026-09-21T09:55:45Z,2026-09-21 17:55:45,2026-09-21 18:00,2026-09-21 10:00Z,2026-09-21 17:55:30,1,30,29.6,30,29.82,30,29.84,-0.22,-0.22,0,stable,1,low,0.55,0.0,-0.21,crosswind,0.0,-0.06,21.5,-0.33,-0.23,27.9,-0.92,-0.32,417.6,2026-09-19 08:34:00,v23_bias_fusion_01,-0.018,-0.31,-0.83,1.0,1.0,0.0,0.35,0.75,0.0,1.1,-0.217,1.0
2026-09-21T10:55:45Z,2026-09-21 18:55:45,2026-09-21 19:00,2026-09-21 11:00Z,2026-09-21 18:55:30,1,29,29.11,29,29.33,29,29.4,-0.22,-0.22,0,stable,0,none,0.71,0.0,-0.12,crosswind,0.0,-0.04,51.5,-0.33,-0.23,87.9,-0.92,-0.32,477.6,2026-09-19 08:34:00,v23_bias_fusion_01,-0.012,-0.31,-0.83,1.0,1.0,0.0,0.35,0.75,0.0,1.1,-0.215,1.0
2026-09-21T11:55:45Z,2026-09-21 19:55:45,2026-09-21 20:00,2026-09-21 12:00Z,2026-09-21 18:55:30,0,,,29,29.33,,,-0.22,-0.22,0,stable,0,none,0.71,0.0,-0.12,crosswind,0.17,0.02,21.5,-0.33,-0.23,147.9,-0.92,-0.32,537.6,2026-09-19 08:34:00,v23_bias_fusion_01,0.125,-0.31,-0.83,1.0,0.65,0.0,0.35,0.4875,0.0,0.8375,-0.128,0.6
2026-09-21T12:55:45Z,2026-09-21 20:55:45,2026-09-21 21:00,2026-09-21 13:00Z,2026-09-21 20:55:30,1,29,28.94,29,29.05,29,29.24,-0.11,-0.11,0,stable,0,none,0.47,0.0,-0.02,crosswind,0.17,0.02,81.5,-0.33,-0.23,207.9,-0.92,-0.32,597.6,2026-09-19 08:34:00,v23_bias_fusion_01,0.125,-0.31,-0.83,0.55,0.3,0.0,0.1925,0.225,0.0,0.4175,-0.109,1.0
2026-09-21T13:55:45Z,2026-09-21 21:55:45,2026-09-21 22:00,2026-09-21 14:00Z,2026-09-21 21:55:30,1,27,27.24,27,27.1,28,28.05,0.14,0.14,0,convective,3,moderate,5.55,0.0,-0.66,crosswind,0.45,0.15,21.5,-0.33,-0.23,267.9,-0.92,-0.32,657.6,2026-09-21 16:55:00,v23_bias_fusion_01,0.36,-0.31,-0.83,1.0,0.0,0.0,0.35,0.0,0.0,0.35,0.36,0.4
2026-09-21T14:55:45Z,2026-09-21 22:55:45,2026-09-21 23:00,2026-09-21 15:00Z,2026-09-21 22:55:30,1,24,24.13,24,24.1,24,24.08,0.03,0.03,0,stable,1,low,0.58,0.0,0.04,crosswind,0.0,0.1,21.1,-0.33,-0.23,327.9,-0.92,-0.32,717.6,2026-09-21 17:25:00,v23_bias_fusion_01,0.03,-0.31,-0.83,1.0,0.0,0.0,0.35,0.0,0.0,0.35,0.03,1.0
2026-09-21T15:55:45Z,2026-09-21 23:55:45,2026-09-22 00:00,2026-09-21 16:00Z,2026-09-21 23:55:30,1,25,25.02,25,24.79,26,25.74,0.9,0.23,1,stable,1,low,0.47,0.0,0.23,crosswind,1.4,0.49,21.1,1.4,0.34,27.9,-0.92,-0.32,777.6,2026-09-21 17:25:00,v23_bias_fusion_01,1.127,1.188,-0.83,1.0,1.0,0.0,0.35,0.75,0.0,1.1,1.169,1.0
2026-09-21T16:55:45Z,2026-09-22 00:55:45,2026-09-22 01:00,2026-09-21 17:00Z,2026-09-22 00:55:30,1,26,25.86,25,24.96,26,25.69,0.9,0.9,0,stable,0,none,0.36,0.0,0.08,calm,0.71,0.56,21.1,1.4,0.34,87.9,-0.92,-0.32,837.6,2026-09-21 17:25:00,v23_bias_fusion_01,0.665,1.188,-0.83,1.0,1.0,0.0,0.35,0.75,0.0,1.1,1.022,1.0
2026-09-21T17:55:45Z,2026-09-22 01:55:45,2026-09-22 02:00,2026-09-21 18:00Z,2026-09-22 01:55:30,1,26,26.07,25,25.17,26,25.8,0.9,0.9,0,stable,1,low,0.64,0.0,0.07,calm,0.54,0.55,51.1,1.4,0.34,147.9,-0.92,-0.32,897.6,2026-09-21 17:25:00,v23_bias_fusion_01,0.543,1.188,-0.83,1.0,0.65,0.0,0.35,0.4875,0.0,0.8375,0.918,1.0
2026-09-21T18:55:45Z,2026-09-22 02:55:45,2026-09-22 03:00,2026-09-21 19:00Z,2026-09-22 02:55:30,1,26,25.95,25,25.31,26,25.82,0.64,0.64,0,stable,0,none,0.67,0.0,0.08,calm,0.33,0.48,21.1,0.83,0.51,12.9,-0.92,-0.32,957.6,2026-09-21 17:25:00,v23_bias_fusion_01,0.375,0.766,-0.83,1.0,1.0,0.0,0.35,0.75,0.0,1.1,0.642,1.0
2026-09-21T19:55:45Z,2026-09-22 03:55:45,2026-09-22 04:00,2026-09-21 20:00Z,2026-09-22 03:55:30,1,26,26.49,26,25.64,27,26.59,0.85,0.85,0,stable,0,none,0.97,0.0,0.05,calm,1.19,0.69,21.1,0.83,0.51,72.9,-0.92,-0.32,1017.6,2026-09-21 17:25:00,v23_bias_fusion_01,1.04,0.766,-0.83,1.0,1.0,0.0,0.35,0.75,0.0,1.1,0.853,1.0
2026-09-21T20:55:45Z,2026-09-22 04:55:45,2026-09-22 05:00,2026-09-21 21:00Z,2026-09-22 03:55:30,0,,,26,25.64,,,0.85,0.85,0,stable,0,none,0.97,0.0,0.05,calm,0.86,0.74,51.1,0.83,0.51,132.9,-0.92,-0.32,1077.6,2026-09-21 17:25:00,v23_bias_fusion_01,0.824,0.766,-0.83,1.0,0.65,0.0,0.35,0.4875,0.0,0.8375,0.79,0.6
2026-09-21T21:55:45Z,2026-09-22 05:55:45,2026-09-22 06:00,2026-09-21 22:00Z,2026-09-22 05:55:30,1,26,26.39,26,25.6,26,25.6,0.79,0.79,0,stable,0,none,1.37,0.0,0.01,calm,0.86,0.74,111.1,0.83,0.51,192.9,-0.92,-0.32,1137.6,2026-09-21 17:25:00,v23_bias_fusion_01,0.824,0.766,-0.83,0.55,0.3,0.0,0.1925,0.225,0.0,0.4175,0.793,1.0
2026-09-21T22:55:45Z,2026-09-22 06:55:45,2026-09-22 07:00,2026-09-21 23:00Z,2026-09-22 06:55:30,1,27,27.27,26,26.4,27,27.24,0.87,0.87,0,stable,1,low,2.37,0.0,0.27,calm,0.9,0.79,50.7,0.83,0.51,252.9,-0.92,-0.32,1197.6,2026-09-21 17:25:00,v23_bias_fusion_01,0.867,0.766,-0.83,1.0,0.0,0.0,0.35,0.0,0.0,0.35,0.867,1.0
2026-09-21T23:55:45Z,2026-09-22 07:55:45,2026-09-22 08:00,2026-09-22 00:00Z,2026-09-22 07:55:30,1,30,29.63,29,28.96,30,29.91,0.67,0.67,0,heating,1,low,2.47,0.0,0.41,crosswind,1.1,0.88,50.6,0.83,0.51,312.9,-0.92,-0.32,1257.6,2026-09-21 17:25:00,v23_bias_fusion_01,1.034,0.766,-0.83,1.0,0.0,0.0,0.35,0.0,0.0,0.35,1.034,0.65
2026-09-22T00:55:45Z,2026-09-22 08:55:45,2026-09-22 09:00,2026-09-22 01:00Z,2026-09-22 08:55:30,1,30,30.35,30,30.11,31,31.06,0.24,0.24,0,convective,3,moderate,3.03,-0.12,-0.46,crosswind,0.54,0.78,50.6,0.83,0.51,372.9,-0.92,-0.32,1317.6,2026-09-21 17:25:00,v23_bias_fusion_01,0.612,0.766,-0.83,1.0,0.0,0.0,0.35,0.0,0.0,0.35,0.612,0.4
2026-09-22T01:55:45Z,2026-09-22 09:55:45,2026-09-22 10:00,2026-09-22 02:00Z,2026-09-22 09:55:30,1,30,30.25,30,30.08,30,30.05,0.17,0.17,0,stable,0,none,0.46,0.14,0.23,calm,0.0,0.55,51.7,0.83,0.51,432.9,-0.92,-0.32,1377.6,2026-09-21 17:25:00,v23_bias_fusion_01,0.165,0.766,-0.83,1.0,0.0,0.0,0.35,0.0,0.0,0.35,0.165,1.0
2026-09-22T02:55:45Z,2026-09-22 10:55:45,2026-09-22 11:00,2026-09-22 03:00Z,2026-09-22 10:55:30,1,31,31.39,31,31.34,31,31.27,0.05,0.05,0,convective,3,moderate,0.72,0.01,-0.06,crosswind,0.0,0.39,51.2,0.83,0.51,492.9,-0.92,-0.32,1437.6,2026-09-21 17:25:00,v23_bias_fusion_01,0.117,0.766,-0.83,1.0,0.0,0.0,0.35,0.0,0.0,0.35,0.117,0.4
2026-09-22T03:55:45Z,2026-09-22 11:55:45,2026-09-22 12:00,2026-09-22 04:00Z,2026-09-22 11:55:30,1,32,32.34,33,32.5,32,32.18,-0.16,-0.16,0,heating,1,low,0.81,0.4,0.38,downstream,0.0,0.27,53.0,-0.54,0.14,12.9,-0.92,-0.32,1497.6,2026-09-21 17:25:00,v23_bias_fusion_01,0.081,-0.404,-0.83,1.0,1.0,0.0,0.35,0.75,0.0,1.1,-0.25,0.65
2026-09-22T04:55:45Z,2026-09-22 12:55:45,2026-09-22 13:00,2026-09-22 05:00Z,2026-09-22 12:55:30,1,32,31.74,32,32.28,31,31.42,-0.54,-0.54,0,stable,1,low,0.84,-0.01,-0.14,downstream,-1.0,-0.11,50.2,-0.54,0.14,72.9,-0.6,-0.42,58.0,2026-09-21 17:25:00,v23_bias_fusion_01,-0.733,-0.404,-0.573,1.0,1.0,1.0,0.35,0.75,1.0,2.1,-0.539,1.0
2026-09-22T05:55:45Z,2026-09-22 13:55:45,2026-09-22 14:00,2026-09-22 06:00Z,2026-09-22 13:55:30,1,31,31.39,32,31.52,31,31.21,-0.13,-0.13,0,convective,3,moderate,0.25,-0.06,-0.6,crosswind,0.0,-0.08,50.7,-0.54,0.14,132.9,-0.38,-0.41,57.3,2026-09-22 08:06:00,v23_bias_fusion_01,-0.024,-0.404,-0.385,1.0,0.65,1.0,0.35,0.4875,1.0,1.8375,-0.321,0.4
2026-09-22T06:55:45Z,2026-09-22 14:55:45,2026-09-22 15:00,2026-09-22 07:00Z,2026-09-22 14:55:30,1,32,31.55,32,31.73,31,31.42,-0.18,-0.18,0,stable,2,low,0.18,-0.01,-0.05,crosswind,-0.02,-0.06,50.7,-0.12,0.05,12.8,-0.38,-0.41,117.3,2026-09-22 08:06:00,v23_bias_fusion_01,-0.032,-0.086,-0.385,1.0,1.0,0.6,0.35,0.75,0.6,1.7,-0.18,1.0
2026-09-22T07:55:45Z,2026-09-22 15:55:45,2026-09-22 16:00,2026-09-22 08:00Z,2026-09-22 15:55:30,1,31,30.9,31,31.08,31,31.19,-0.18,-0.18,0,stable,1,low,2.17,-0.06,-0.01,calm,0.0,-0.04,47.4,-0.12,0.05,72.8,-0.38,-0.41,177.3,2026-09-22 08:06:00,v23_bias_fusion_01,-0.012,-0.086,-0.385,1.0,1.0,0.6,0.35,0.75,0.6,1.7,-0.176,1.0
2026-09-22T08:55:45Z,2026-09-22 16:55:45,2026-09-22 17:00,2026-09-22 09:00Z,2026-09-22 16:55:30,1,30,30.12,30,30.25,30,30.22,-0.13,-0.13,0,stable,2,low,2.27,0.0,-0.12,crosswind,0.0,-0.03,47.3,-0.12,0.05,132.8,-0.38,-0.41,237.3,2026-09-22 08:06:00,v23_bias_fusion_01,-0.009,-0.086,-0.385,1.0,0.65,0.25,0.35,0.4875,0.25,1.0875,-0.13,1.0
2026-09-22T09:55:45Z,2026-09-22 17:55:45,2026-09-22 18:00,2026-09-22 10:00Z,2026-09-22 17:55:30,1,28,28.28,28,28.18,29,28.61,0.1,0.1,0,stable,0,none,0.38,0.0,-0.15,crosswind,0.25,0.05,17.3,0.25,0.12,27.8,-0.38,-0.41,297.3,2026-09-22 08:06:00,v23_bias_fusion_01,0.19,0.224,-0.385,1.0,1.0,0.25,0.35,0.75,0.25,1.35,0.102,1.0
2026-09-22T10:55:45Z,2026-09-22 18:55:45,2026-09-22 19:00,2026-09-22 11:00Z,2026-09-22 18:55:30,1,28,27.82,28,27.7,28,28.18,0.12,0.12,0,stable,0,none,0.77,0.0,-0.01,crosswind,0.32,0.13,47.3,0.25,0.12,87.8,-0.38,-0.41,357.3,2026-09-22 08:06:00,v23_bias_fusion_01,0.263,0.224,-0.385,1.0,1.0,0.25,0.35,0.75,0.25,1.35,0.121,1.0
2026-09-22T11:55:45Z,2026-09-22 19:55:45,2026-09-22 20:00,2026-09-22 12:00Z,2026-09-22 19:55:30,1,28,28.3,28,27.89,29,28.65,0.41,0.41,0,stable,0,none,0.67,0.0,0.02,calm,0.8,0.33,47.3,0.25,0.12,147.8,-0.38,-0.41,417.3,2026-09-22 08:06:00,v23_bias_fusion_01,0.659,0.224,-0.385,1.0,0.65,0.0,0.35,0.4875,0.0,0.8375,0.406,1.0
2026-09-22T12:55:45Z,2026-09-22 20:55:45,2026-09-22 21:00,2026-09-22 13:00Z,2026-09-22 20:55:30,1,28,28.37,28,27.76,28,28.42,0.61,0.61,0,stable,0,none,1.11,0.0,-0.1,calm,0.61,0.41,47.3,0.71,0.33,27.8,-0.38,-0.41,477.3,2026-09-22 08:06:00,v23_bias_fusion_01,0.55,0.634,-0.385,1.0,1.0,0.0,0.35,0.75,0.0,1.1,0.607,1.0
2026-09-22T13:55:45Z,2026-09-22 21:55:45,2026-09-22 22:00,2026-09-22 14:00Z,2026-09-22 21:55:30,1,28,28.23,28,27.58,28,28.32,0.65,0.65,0,stable,0,none,1.07,0.0,-0.13,calm,0.74,0.51,47.3,0.71,0.33,87.8,-0.38,-0.41,537.3,2026-09-22 08:06:00,v23_bias_fusion_01,0.671,0.634,-0.385,1.0,1.0,0.0,0.35,0.75,0.0,1.1,0.646,1.0
2026-09-22T14:55:45Z,2026-09-22 22:55:45,2026-09-22 23:00,2026-09-22 15:00Z,2026-09-22 22:55:30,1,28,28.26,28,27.54,28,28.38,0.72,0.72,0,stable,0,none,1.27,0.0,0.05,crosswind,0.92,0.63,47.1,0.71,0.33,147.8,-0.38,-0.41,597.3,2026-09-22 08:06:00,v23_bias_fusion_01,0.833,0.634,-0.385,1.0,0.65,0.0,0.35,0.4875,0.0,0.8375,0.717,1.0
2026-09-22T15:55:45Z,2026-09-22 23:55:45,2026-09-23 00:00,2026-09-22 16:00Z,2026-09-22 23:55:30,1,28,28.36,27,27.48,28,28.35,0.88,0.88,0,stable,0,none,1.18,0.0,-0.05,crosswind,0.96,0.73,47.1,0.96,0.55,27.8,-0.38,-0.41,657.3,2026-09-22 08:06:00,v23_bias_fusion_01,0.891,0.878,-0.385,1.0,1.0,0.0,0.35,0.75,0.0,1.1,0.882,1.0
2026-09-22T16:55:45Z,2026-09-23 00:55:45,2026-09-23 01:00,2026-09-22 17:00Z,2026-09-23 00:55:30,1,28,27.85,27,27.2,28,27.54,0.65,0.65,0,stable,0,none,0.8,0.0,-0.02,calm,0.02,0.52,47.0,0.96,0.55,87.8,-0.38,-0.41,717.3,2026-09-22 08:06:00,v23_bias_fusion_01,0.17,0.878,-0.385,1.0,1.0,0.0,0.35,0.75,0.0,1.1,0.653,1.0
2026-09-22T17:55:45Z,2026-09-23 01:55:45,2026-09-23 02:00,2026-09-22 18:00Z,2026-09-23 01:55:30,1,28,27.67,27,27.01,27,27.49,0.66,0.66,0,stable,0,none,1.08,0.0,-0.06,calm,0.3,0.45,47.0,0.96,0.55,147.8,-0.38,-0.41,777.3,2026-09-22 08:06:00,v23_bias_fusion_01,0.345,0.878,-0.385,1.0,0.65,0.0,0.35,0.4875,0.0,0.8375,0.655,1.0
2026-09-22T18:55:45Z,2026-09-23 02:55:45,2026-09-23 03:00,2026-09-22 19:00Z,2026-09-23 02:55:30,1,27,27.28,27,26.67,27,27.26,0.61,0.61,0,stable,0,none,1.15,0.0,-0.06,crosswind,0.49,0.46,47.0,0.69,0.6,12.8,-0.38,-0.41,837.3,2026-09-22 08:06:00,v23_bias_fusion_01,0.481,0.672,-0.385,1.0,1.0,0.0,0.35,0.75,0.0,1.1,0.611,1.0
2026-09-22T19:55:45Z,2026-09-23 03:55:45,2026-09-23 04:00,2026-09-22 20:00Z,2026-09-23 03:55:30,1,27,26.98,26,26.49,27,26.65,0.49,0.49,0,stable,0,none,1.34,0.0,-0.01,calm,0.0,0.32,47.0,0.69,0.6,72.8,-0.38,-0.41,897.3,2026-09-22 08:06:00,v23_bias_fusion_01,0.096,0.672,-0.385,1.0,1.0,0.0,0.35,0.75,0.0,1.1,0.489,1.0
2026-09-22T20:55:45Z,2026-09-23 04:55:45,2026-09-23 05:00,2026-09-22 21:00Z,2026-09-23 04:55:30,1,27,26.76,26,26.34,27,26.65,0.42,0.42,0,stable,0,none,1.27,0.0,0.0,calm,0.01,0.23,47.0,0.69,0.6,132.8,-0.38,-0.41,957.3,2026-09-22 08:06:00,v23_bias_fusion_01,0.076,0.672,-0.385,1.0,0.65,0.0,0.35,0.4875,0.0,0.8375,0.423,1.0
2026-09-22T21:55:45Z,2026-09-23 05:55:45,2026-09-23 06:00,2026-09-22 22:00Z,2026-09-23 05:55:30,1,27,26.8,26,26.24,27,26.63,0.56,0.56,0,stable,1,low,1.52,0.0,-0.04,calm,0.16,0.21,46.9,0.76,0.66,12.8,-0.38,-0.41,1017.3,2026-09-22 08:06:00,v23_bias_fusion_01,0.175,0.74,-0.385,1.0,1.0,0.0,0.35,0.75,0.0,1.1,0.56,1.0
2026-09-22T22:55:45Z,2026-09-23 06:55:45,2026-09-23 07:00,2026-09-22 23:00Z,2026-09-23 06:55:30,1,28,27.71,27,27.13,28,27.58,0.58,0.58,0,stable,1,low,2.47,0.0,0.32,calm,0.26,0.23,46.9,0.76,0.66,72.8,-0.38,-0.41,1077.3,2026-09-22 08:06:00,v23_bias_fusion_01,0.251,0.74,-0.385,1.0,1.0,0.0,0.35,0.75,0.0,1.1,0.584,1.0
2026-09-22T23:55:45Z,2026-09-23 07:55:45,2026-09-23 08:00,2026-09-23 00:00Z,2026-09-23 07:55:30,1,30,29.86,29,29.29,30,29.81,0.57,0.57,0,stable,0,none,1.0,0.0,0.15,calm,0.37,0.27,46.8,0.76,0.66,132.8,-0.38,-0.41,1137.3,2026-09-22 08:06:00,v23_bias_fusion_01,0.34,0.74,-0.385,1.0,0.65,0.0,0.35,0.4875,0.0,0.8375,0.573,1.0
2026-09-23T00:55:45Z,2026-09-23 08:55:45,2026-09-23 09:00,2026-09-23 01:00Z,2026-09-23 08:55:30,1,31,31.37,31,31.16,31,30.92,0.21,0.21,0,heating,0,none,1.13,0.12,0.4,crosswind,0.0,0.19,53.9,0.76,0.66,192.8,-0.38,-0.41,1197.3,2026-09-22 08:06:00,v23_bias_fusion_01,0.057,0.74,-0.385,1.0,0.3,0.0,0.35,0.225,0.0,0.575,0.324,0.65
2026-09-23T01:55:45Z,2026-09-23 09:55:45,2026-09-23 10:00,2026-09-23 02:00Z,2026-09-23 09:55:30,1,31,31.09,31,31.28,30,30.33,-0.19,-0.19,0,convective,4,moderate,2.13,-0.28,-0.65,crosswind,-0.66,-0.07,13.9,0.76,0.66,252.8,-0.38,-0.41,1257.3,2026-09-22 08:06:00,v23_bias_fusion_01,-0.483,0.74,-0.385,1.0,0.0,0.0,0.35,0.0,0.0,0.35,-0.483,0.4
2026-09-23T02:55:45Z,2026-09-23 10:55:45,2026-09-23 11:00,2026-09-23 03:00Z,2026-09-23 10:55:30,1,33,32.75,33,32.76,33,32.58,-0.01,-0.01,0,stable,1,low,2.73,0.13,0.39,crosswind,0.0,-0.05,53.9,0.76,0.66,312.8,-0.38,-0.41,1317.3,2026-09-22 08:06:00,v23_bias_fusion_01,-0.015,0.74,-0.385,1.0,0.0,0.0,0.35,0.0,0.0,0.35,-0.015,1.0
2026-09-23T03:55:45Z,2026-09-23 11:55:45,2026-09-23 12:00,2026-09-23 04:00Z,2026-09-23 11:55:30,1,32,32.22,33,32.74,32,31.79,-0.52,-0.52,0,convective,3,moderate,2.23,0.14,0.29,crosswind,-1.26,-0.41,49.7,-1.76,-0.19,12.7,-0.38,-0.41,1377.3,2026-09-22 08:06:00,v23_bias_fusion_01,-1.005,-1.446,-0.385,1.0,1.0,0.0,0.35,0.75,0.0,1.1,-1.306,0.4
2026-09-23T04:55:45Z,2026-09-23 12:55:45,2026-09-23 13:00,2026-09-23 05:00Z,2026-09-23 12:55:30,1,32,32.17,32,32.34,32,31.58,-0.7,-0.17,1,heating,2,low,1.8,0.29,0.43,crosswind,-0.24,-0.36,48.3,-1.76,-0.19,72.7,-0.38,-0.41,1437.3,2026-09-23 07:06:00,v23_bias_fusion_01,-0.276,-1.446,-0.385,1.0,1.0,0.0,0.35,0.75,0.0,1.1,-1.074,0.65
2026-09-23T05:55:45Z,2026-09-23 13:55:45,2026-09-23 14:00,2026-09-23 06:00Z,2026-09-23 13:55:30,1,33,32.7,33,32.92,33,32.7,-0.87,-0.22,1,stable,2,low,2.12,0.13,0.1,crosswind,0.0,-0.25,52.8,-1.76,-0.19,132.7,-0.38,-0.41,1497.3,2026-09-23 07:06:00,v23_bias_fusion_01,-0.075,-1.446,-0.385,1.0,0.65,0.0,0.35,0.4875,0.0,0.8375,-0.873,1.0
2026-09-23T06:55:45Z,2026-09-23 14:55:45,2026-09-23 15:00,2026-09-23 07:00Z,2026-09-23 14:55:30,1,31,30.95,32,31.75,31,31.21,-0.8,-0.8,0,stable,0,none,0.87,0.14,0.09,crosswind,-0.42,-0.3,51.0,-1.12,-0.52,12.7,-0.38,-0.41,1557.3,2026-09-23 07:06:00,v23_bias_fusion_01,-0.384,-1.0,-0.385,1.0,1.0,0.0,0.35,0.75,0.0,1.1,-0.804,1.0
2026-09-23T07:55:45Z,2026-09-23 15:55:45,2026-09-23 16:00,2026-09-23 08:00Z,2026-09-23 15:55:30,1,30,29.99,30,30.1,30,30.3,-0.11,-0.11,0,outflow,7,extreme,6.5,-0.3,-1.36,crosswind,0.0,-0.21,50.1,-1.12,-0.52,72.7,-0.38,-0.41,1617.3,2026-09-23 10:55:00,v23_bias_fusion_01,-0.063,-1.0,-0.385,1.0,1.0,0.0,0.35,0.75,0.0,1.1,-0.702,0.15
2026-09-23T08:55:45Z,2026-09-23 16:55:45,2026-09-23 17:00,2026-09-23 09:00Z,2026-09-23 16:55:30,1,29,28.72,29,28.86,30,29.81,-0.14,-0.14,0,stable,2,low,2.37,0.0,-0.23,calm,1.4,0.27,49.2,-1.12,-0.52,132.7,-0.38,-0.41,1677.3,2026-09-23 11:01:00,v23_bias_fusion_01,1.061,-1.0,-0.385,1.0,0.65,0.0,0.35,0.4875,0.0,0.8375,-0.139,1.0
2026-09-23T09:55:45Z,2026-09-23 17:55:45,2026-09-23 18:00,2026-09-23 10:00Z,2026-09-23 17:55:30,1,30,29.53,29,28.63,30,29.58,0.9,0.9,0,stable,1,low,3.47,0.0,-0.06,crosswind,1.64,0.68,49.2,1.74,0.27,12.7,-0.38,-0.41,1737.3,2026-09-23 11:01:00,v23_bias_fusion_01,1.352,1.446,-0.385,1.0,1.0,0.0,0.35,0.75,0.0,1.1,1.416,1.0
2026-09-23T10:55:45Z,2026-09-23 18:55:45,2026-09-23 19:00,2026-09-23 11:00Z,2026-09-23 18:55:30,1,28,28.21,27,27.31,28,27.5,0.9,0.9,0,stable,1,low,3.11,0.0,-0.09,calm,0.87,0.74,49.2,1.74,0.27,72.7,-0.38,-0.41,1797.3,2026-09-23 13:26:01,v23_bias_fusion_01,0.831,1.446,-0.385,1.0,1.0,0.0,0.35,0.75,0.0,1.1,1.25,1.0
2026-09-23T11:55:45Z,2026-09-23 19:55:45,2026-09-23 20:00,2026-09-23 12:00Z,2026-09-23 19:55:30,1,28,28.15,27,27.25,28,27.67,0.9,0.9,0,stable,1,low,1.8,0.0,0.01,crosswind,0.19,0.58,19.2,1.74,0.27,132.7,-0.38,-0.41,1857.3,2026-09-23 13:26:01,v23_bias_fusion_01,0.307,1.446,-0.385,1.0,0.65,0.0,0.35,0.4875,0.0,0.8375,0.97,1.0
2026-09-23T12:55:45Z,2026-09-23 20:55:45,2026-09-23 21:00,2026-09-23 13:00Z,2026-09-23 20:55:30,1,28,28.41,28,27.51,28,28.46,0.9,0.9,0,stable,1,low,2.27,0.0,-0.04,calm,1.25,0.78,18.9,1.55,0.72,12.7,-0.38,-0.41,1917.3,2026-09-23 13:26:01,v23_bias_fusion_01,1.109,1.384,-0.385,1.0,1.0,0.0,0.35,0.75,0.0,1.1,1.296,1.0
2026-09-23T13:55:45Z,2026-09-23 21:55:45,2026-09-23 22:00,2026-09-23 14:00Z,2026-09-23 21:55:30,1,28,28.24,27,27.34,28,27.85,0.9,0.9,0,stable,1,low,2.31,0.0,0.01,calm,1.25,0.78,78.9,1.55,0.72,72.7,-0.38,-0.41,1977.3,2026-09-23 13:26:01,v23_bias_fusion_01,1.109,1.384,-0.385,0.55,1.0,0.0,0.1925,0.75,0.0,0.9425,1.328,1.0
2026-09-23T14:55:45Z,2026-09-23 22:55:45,2026-09-23 23:00,2026-09-23 15:00Z,2026-09-23 22:55:30,1,28,28.27,27,27.37,27,27.37,0.9,0.9,0,stable,1,low,2.31,0.0,0.01,calm,1.25,0.78,138.9,1.55,0.72,132.7,-0.38,-0.41,2037.3,2026-09-23 13:26:01,v23_bias_fusion_01,1.109,1.384,-0.385,0.0,0.65,0.0,0.0,0.4875,0.0,0.4875,1.384,1.0
2026-09-23T15:55:45Z,2026-09-23 23:55:45,2026-09-24 00:00,2026-09-23 16:00Z,2026-09-23 23:55:30,1,28,27.92,27,27.16,28,27.54,0.76,0.76,0,stable,1,low,2.44,0.0,-0.01,calm,0.13,0.58,18.7,1.03,0.83,12.7,-0.38,-0.41,2097.3,2026-09-23 13:26:01,v23_bias_fusion_01,0.265,0.99,-0.385,1.0,1.0,0.0,0.35,0.75,0.0,1.1,0.759,1.0
2026-09-23T16:55:45Z,2026-09-24 00:55:45,2026-09-24 01:00,2026-09-23 17:00Z,2026-09-24 00:55:30,1,28,27.86,27,27.06,28,27.56,0.8,0.8,0,stable,1,low,2.43,0.0,-0.03,calm,0.34,0.51,48.7,1.03,0.83,72.7,-0.38,-0.41,2157.3,2026-09-23 13:26:01,v23_bias_fusion_01,0.391,0.99,-0.385,1.0,1.0,0.0,0.35,0.75,0.0,1.1,0.799,1.0
2026-09-23T17:55:45Z,2026-09-24 01:55:45,2026-09-24 02:00,2026-09-23 18:00Z,2026-09-24 01:55:30,1,28,27.58,27,26.81,27,27.37,0.77,0.77,0,stable,1,low,2.04,0.0,-0.03,calm,0.44,0.49,48.6,1.03,0.83,132.7,-0.38,-0.41,2217.3,2026-09-23 13:26:01,v23_bias_fusion_01,0.455,0.99,-0.385,1.0,0.65,0.0,0.35,0.4875,0.0,0.8375,0.766,1.0
2026-09-23T18:55:45Z,2026-09-24 02:55:45,2026-09-24 03:00,2026-09-23 19:00Z,2026-09-24 02:55:30,1,28,27.51,27,26.61,27,27.31,0.9,0.9,0,stable,1,low,1.77,0.0,0.07,calm,0.69,0.55,48.6,1.19,0.96,12.7,-0.38,-0.41,2277.3,2026-09-23 13:26:01,v23_bias_fusion_01,0.648,1.144,-0.385,1.0,1.0,0.0,0.35,0.75,0.0,1.1,0.986,1.0
2026-09-23T19:55:45Z,2026-09-24 03:55:45,2026-09-24 04:00,2026-09-23 20:00Z,2026-09-24 03:55:30,1,27,27.42,27,26.52,27,27.34,0.9,0.9,0,stable,1,low,1.87,0.0,0.03,calm,0.89,0.65,48.5,1.19,0.96,72.7,-0.38,-0.41,2337.3,2026-09-23 13:26:01,v23_bias_fusion_01,0.818,1.144,-0.385,1.0,1.0,0.0,0.35,0.75,0.0,1.1,1.04,1.0
2026-09-23T20:55:45Z,2026-09-24 04:55:45,2026-09-24 05:00,2026-09-23 21:00Z,2026-09-24 04:55:30,1,27,27.32,26,26.42,27,27.3,0.9,0.9,0,stable,1,low,1.64,0.0,-0.01,calm,0.98,0.75,48.5,1.19,0.96,132.7,-0.38,-0.41,2397.3,2026-09-23 13:26:01,v23_bias_fusion_01,0.911,1.144,-0.385,1.0,0.65,0.0,0.35,0.4875,0.0,0.8375,1.047,1.0
2026-09-23T21:55:45Z,2026-09-24 05:55:45,2026-09-24 06:00,2026-09-23 22:00Z,2026-09-24 05:55:30,1,27,27.22,26,26.32,27,27.26,0.9,0.9,0,stable,1,low,1.94,0.0,-0.03,calm,1.08,0.85,18.5,1.48,1.14,12.6,-0.38,-0.41,2457.3,2026-09-23 13:26:01,v23_bias_fusion_01,1.011,1.412,-0.385,1.0,1.0,0.0,0.35,0.75,0.0,1.1,1.284,1.0
2026-09-23T22:55:45Z,2026-09-24 06:55:45,2026-09-24 07:00,2026-09-23 23:00Z,2026-09-24 06:55:30,1,27,27.43,27,26.53,27,27.48,0.9,0.9,0,stable,1,low,1.55,0.0,0.11,calm,1.18,0.95,48.5,1.48,1.14,72.6,-0.38,-0.41,2517.3,2026-09-23 13:26:01,v23_bias_fusion_01,1.111,1.412,-0.385,1.0,1.0,0.0,0.35,0.75,0.0,1.1,1.316,1.0
2026-09-23T23:55:45Z,2026-09-24 07:55:45,2026-09-24 08:00,2026-09-24 00:00Z,2026-09-24 07:55:30,1,30,30.01,29,29.11,30,30.0,0.9,0.9,0,stable,0,none,0.71,0.0,0.3,crosswind,0.97,0.96,48.5,1.48,1.14,132.6,-0.38,-0.41,2577.3,2026-09-23 13:26:01,v23_bias_fusion_01,0.967,1.412,-0.385,1.0,0.65,0.0,0.35,0.4875,0.0,0.8375,1.226,1.0
2026-09-24T00:55:45Z,2026-09-24 08:55:45,2026-09-24 09:00,2026-09-24 01:00Z,2026-09-24 08:55:30,1,31,30.56,30,29.7,30,30.25,0.86,0.86,0,stable,2,low,0.93,-0.11,0.16,calm,0.39,0.79,51.0,1.48,1.14,192.6,-0.38,-0.41,2637.3,2026-09-23 13:26:01,v23_bias_fusion_01,0.51,1.412,-0.385,1.0,0.3,0.0,0.35,0.225,0.0,0.575,0.863,1.0
2026-09-24T01:55:45Z,2026-09-24 09:55:45,2026-09-24 10:00,2026-09-24 02:00Z,2026-09-24 09:55:30,1,30,29.74,30,29.63,30,29.92,0.11,0.11,0,cooling,2,low,0.33,-0.2,-0.34,crosswind,0.0,0.55,54.7,1.48,1.14,252.6,-0.38,-0.41,2697.3,2026-09-23 13:26:01,v23_bias_fusion_01,0.165,1.412,-0.385,1.0,0.0,0.0,0.35,0.0,0.0,0.35,0.165,0.65
2026-09-24T02:55:45Z,2026-09-24 10:55:45,2026-09-24 11:00,2026-09-24 03:00Z,2026-09-24 10:55:30,1,30,29.7,30,29.58,30,29.87,0.12,0.12,0,stable,0,none,0.9,-0.1,-0.1,crosswind,0.0,0.39,53.8,1.48,1.14,312.6,-0.38,-0.41,2757.3,2026-09-23 13:26:01,v23_bias_fusion_01,0.117,1.412,-0.385,1.0,0.0,0.0,0.35,0.0,0.0,0.35,0.117,1.0
2026-09-24T03:55:45Z,2026-09-24 11:55:45,2026-09-24 12:00,2026-09-24 04:00Z,2026-09-24 11:55:30,1,32,32.05,32,31.73,32,32.15,0.32,0.32,0,heating,1,low,0.75,-0.07,0.5,calm,0.0,0.27,53.9,0.62,0.96,27.6,-0.38,-0.41,2817.3,2026-09-23 13:26:01,v23_bias_fusion_01,0.081,0.688,-0.385,1.0,1.0,0.0,0.35,0.75,0.0,1.1,0.495,0.65
2026-09-24T04:55:45Z,2026-09-24 12:55:45,2026-09-24 13:00,2026-09-24 05:00Z,2026-09-24 12:55:30,1,33,33.42,33,33.14,32,32.41,0.28,0.28,0,heating,2,low,1.12,0.22,0.98,crosswind,-0.23,0.12,51.7,0.62,0.96,87.6,-0.38,-0.41,2877.3,2026-09-23 13:26:01,v23_bias_fusion_01,-0.125,0.688,-0.385,1.0,1.0,0.0,0.35,0.75,0.0,1.1,0.429,0.65
2026-09-24T05:55:45Z,2026-09-24 13:55:45,2026-09-24 14:00,2026-09-24 06:00Z,2026-09-24 13:55:30,1,33,32.78,33,32.7,32,31.75,0.08,0.08,0,convective,4,moderate,1.67,-0.2,-0.5,crosswind,-0.64,-0.11,51.4,0.62,0.96,147.6,-0.38,-0.41,2937.3,2026-09-23 13:26:01,v23_bias_fusion_01,-0.481,0.688,-0.385,1.0,0.65,0.0,0.35,0.4875,0.0,0.8375,0.199,0.4
2026-09-24T06:55:45Z,2026-09-24 14:55:45,2026-09-24 15:00,2026-09-24 07:00Z,2026-09-24 14:55:30,1,30,30.08,30,30.29,30,29.68,-0.21,-0.21,0,cooling,0,none,1.39,-0.13,-0.43,calm,-0.2,-0.14,51.5,-0.6,0.41,12.6,-0.38,-0.41,2997.3,2026-09-24 09:19:00,v23_bias_fusion_01,-0.182,-0.398,-0.385,1.0,1.0,0.0,0.35,0.75,0.0,1.1,-0.329,0.65
2026-09-24T07:55:45Z,2026-09-24 15:55:45,2026-09-24 16:00,2026-09-24 08:00Z,2026-09-24 15:55:30,1,29,28.56,29,28.63,28,28.49,-0.28,-0.07,1,stable,1,low,1.81,0.09,-0.09,crosswind,0.0,-0.1,51.4,-0.6,0.41,72.6,-0.38,-0.41,3057.3,2026-09-24 10:24:00,v23_bias_fusion_01,-0.03,-0.398,-0.385,1.0,1.0,0.0,0.35,0.75,0.0,1.1,-0.281,1.0
2026-09-24T08:55:45Z,2026-09-24 16:55:45,2026-09-24 17:00,2026-09-24 09:00Z,2026-09-24 16:55:30,1,29,29.43,29,29.38,30,30.15,0.05,0.05,0,stable,1,low,1.5,0.0,0.03,calm,0.87,0.19,52.1,-0.6,0.41,132.6,-0.38,-0.41,3117.3,2026-09-24 10:24:00,v23_bias_fusion_01,0.666,-0.398,-0.385,1.0,0.65,0.0,0.35,0.4875,0.0,0.8375,0.047,1.0
2026-09-24T09:55:45Z,2026-09-24 17:55:45,2026-09-24 18:00,2026-09-24 10:00Z,2026-09-24 17:55:30,1,30,29.68,29,29.05,29,29.42,0.63,0.63,0,stable,1,low,1.87,0.0,-0.2,crosswind,0.12,0.17,52.1,0.92,0.59,27.6,-0.38,-0.41,3177.3,2026-09-24 10:24:00,v23_bias_fusion_01,0.135,0.854,-0.385,1.0,1.0,0.0,0.35,0.75,0.0,1.1,0.625,1.0
2026-09-24T10:55:45Z,2026-09-24 18:55:45,2026-09-24 19:00,2026-09-24 11:00Z,2026-09-24 18:55:30,1,29,29.03,28,28.44,28,28.43,0.59,0.59,0,stable,1,low,1.96,0.0,-0.03,calm,0.0,0.12,52.1,0.92,0.59,87.6,-0.38,-0.41,3237.3,2026-09-24 10:24:00,v23_bias_fusion_01,0.036,0.854,-0.385,1.0,1.0,0.0,0.35,0.75,0.0,1.1,0.594,1.0
2026-09-24T11:55:45Z,2026-09-24 19:55:45,2026-09-24 20:00,2026-09-24 12:00Z,2026-09-24 19:55:30,1,29,29.0,28,28.14,29,29.04,0.86,0.86,0,stable,1,low,1.57,0.0,-0.09,calm,1.06,0.4,22.1,0.92,0.59,147.6,-0.38,-0.41,3297.3,2026-09-24 10:24:00,v23_bias_fusion_01,0.862,0.854,-0.385,1.0,0.65,0.0,0.35,0.4875,0.0,0.8375,0.857,1.0
2026-09-24T12:55:45Z,2026-09-24 20:55:45,2026-09-24 21:00,2026-09-24 13:00Z,2026-09-24 20:55:30,1,28,27.64,27,27.02,28,27.54,0.62,0.62,0,stable,1,low,1.72,0.0,-0.17,crosswind,0.36,0.39,22.1,0.76,0.65,12.4,-0.38,-0.41,3357.3,2026-09-24 10:24:00,v23_bias_fusion_01,0.369,0.738,-0.385,1.0,1.0,0.0,0.35,0.75,0.0,1.1,0.621,1.0
2026-09-24T13:55:45Z,2026-09-24 21:55:45,2026-09-24 22:00,2026-09-24 14:00Z,2026-09-24 21:55:30,1,27,27.16,27,26.51,27,27.1,0.65,0.65,0,stable,0,none,1.25,0.0,-0.08,crosswind,0.48,0.42,22.1,0.76,0.65,72.4,-0.38,-0.41,3417.3,2026-09-24 10:24:00,v23_bias_fusion_01,0.462,0.738,-0.385,1.0,1.0,0.0,0.35,0.75,0.0,1.1,0.65,1.0
2026-09-24T14:55:45Z,2026-09-24 22:55:45,2026-09-24 23:00,2026-09-24 15:00Z,2026-09-24 22:55:30,1,27,26.95,26,26.48,27,26.79,0.47,0.47,0,stable,1,low,1.61,0.0,0.05,crosswind,0.0,0.29,22.1,0.76,0.65,132.4,-0.38,-0.41,3477.3,2026-09-24 10:24:00,v23_bias_fusion_01,0.087,0.738,-0.385,1.0,0.65,0.0,0.35,0.4875,0.0,0.8375,0.466,1.0
2026-09-24T15:55:45Z,2026-09-24 23:55:45,2026-09-25 00:00,2026-09-24 16:00Z,2026-09-24 23:55:30,1,27,26.69,26,26.24,27,26.56,0.45,0.45,0,stable,1,low,1.52,0.0,-0.02,calm,0.02,0.21,22.1,0.62,0.64,12.4,-0.38,-0.41,3537.3,2026-09-24 10:24:00,v23_bias_fusion_01,0.077,0.624,-0.385,1.0,1.0,0.0,0.35,0.75,0.0,1.1,0.45,1.0
2026-09-24T16:55:45Z,2026-09-25 00:55:45,2026-09-25 01:00,2026-09-24 17:00Z,2026-09-25 00:55:30,1,27,26.54,26,26.03,26,26.48,0.51,0.51,0,stable,1,low,1.55,0.0,-0.04,calm,0.26,0.23,22.1,0.62,0.64,72.4,-0.38,-0.41,3597.3,2026-09-24 10:24:00,v23_bias_fusion_01,0.251,0.624,-0.385,1.0,1.0,0.0,0.35,0.75,0.0,1.1,0.505,1.0
2026-09-24T17:55:45Z,2026-09-25 01:55:45,2026-09-25 02:00,2026-09-24 18:00Z,2026-09-25 01:55:30,1,26,26.29,26,25.75,26,26.32,0.54,0.54,0,stable,0,none,1.32,0.0,-0.06,crosswind,0.47,0.3,22.1,0.62,0.64,132.4,-0.38,-0.41,3657.3,2026-09-24 10:24:00,v23_bias_fusion_01,0.419,0.624,-0.385,1.0,0.65,0.0,0.35,0.4875,0.0,0.8375,0.538,1.0
2026-09-24T18:55:45Z,2026-09-25 02:55:45,2026-09-25 03:00,2026-09-24 19:00Z,2026-09-25 02:55:30,1,26,26.34,26,25.57,26,26.31,0.77,0.77,0,stable,0,none,1.3,0.0,0.0,calm,0.75,0.43,22.1,0.85,0.71,12.4,-0.38,-0.41,3717.3,2026-09-24 10:24:00,v23_bias_fusion_01,0.654,0.822,-0.385,1.0,1.0,0.0,0.35,0.75,0.0,1.1,0.769,1.0
2026-09-24T19:55:45Z,2026-09-25 03:55:45,2026-09-25 04:00,2026-09-24 20:00Z,2026-09-25 03:55:30,1,26,26.36,26,25.54,26,26.39,0.82,0.82,0,stable,1,low,1.55,0.0,-0.04,calm,0.93,0.58,22.1,0.85,0.71,72.4,-0.38,-0.41,3777.3,2026-09-24 10:24:00,v23_bias_fusion_01,0.825,0.822,-0.385,1.0,1.0,0.0,0.35,0.75,0.0,1.1,0.823,1.0
2026-09-24T20:55:45Z,2026-09-25 04:55:45,2026-09-25 05:00,2026-09-24 21:00Z,2026-09-25 04:55:30,1,26,25.88,25,25.35,26,25.65,0.53,0.53,0,stable,1,low,1.68,0.0,-0.03,calm,0.0,0.41,52.1,0.85,0.71,132.4,-0.38,-0.41,3837.3,2026-09-24 10:24:00,v23_bias_fusion_01,0.123,0.822,-0.385,1.0,0.65,0.0,0.35,0.4875,0.0,0.8375,0.53,1.0
2026-09-24T21:55:45Z,2026-09-25 05:55:45,2026-09-25 06:00,2026-09-24 22:00Z,2026-09-25 05:55:30,1,26,26.24,25,25.34,26,26.29,0.9,0.9,0,stable,1,low,1.94,0.0,-0.04,calm,1.15,0.63,22.0,1.15,0.86,6.0,-0.38,-0.41,3897.3,2026-09-24 10:24:00,v23_bias_fusion_01,0.994,1.092,-0.385,1.0,1.0,0.0,0.35,0.75,0.0,1.1,1.061,1.0
2026-09-24T22:55:45Z,2026-09-25 06:55:45,2026-09-25 07:00,2026-09-24 23:00Z,2026-09-25 06:55:30,1,27,26.78,26,25.88,27,26.83,0.9,0.9,0,stable,1,low,2.77,0.0,0.32,calm,1.16,0.79,51.9,1.15,0.86,66.0,-0.38,-0.41,3957.3,2026-09-24 10:24:00,v23_bias_fusion_01,1.049,1.092,-0.385,1.0,1.0,0.0,0.35,0.75,0.0,1.1,1.078,1.0
2026-09-24T23:55:45Z,2026-09-25 07:55:45,2026-09-25 08:00,2026-09-25 00:00Z,2026-09-25 07:55:30,1,30,29.77,29,28.87,30,29.82,0.9,0.9,0,stable,0,none,0.63,0.0,0.39,calm,1.62,1.04,51.9,1.15,0.86,126.0,-0.38,-0.41,4017.3,2026-09-24 10:24:00,v23_bias_fusion_01,1.446,1.092,-0.385,1.0,0.65,0.0,0.35,0.4875,0.0,0.8375,1.24,1.0
2026-09-25T00:55:45Z,2026-09-25 08:55:45,2026-09-25 09:00,2026-09-25 01:00Z,2026-09-25 08:55:30,1,31,31.25,31,31.03,31,31.23,0.22,0.22,0,heating,1,low,1.03,-0.03,0.46,crosswind,0.0,0.73,51.3,0.33,0.67,6.0,-0.38,-0.41,4077.3,2026-09-24 10:24:00,v23_bias_fusion_01,0.219,0.398,-0.385,1.0,1.0,0.0,0.35,0.75,0.0,1.1,0.341,0.65
2026-09-25T01:55:45Z,2026-09-25 09:55:45,2026-09-25 10:00,2026-09-25 02:00Z,2026-09-25 09:55:30,1,32,31.83,32,31.7,32,31.71,0.13,0.13,0,convective,3,moderate,1.83,-0.07,-0.0,crosswind,0.0,0.51,52.7,0.33,0.67,66.0,-0.38,-0.41,4137.3,2026-09-24 10:24:00,v23_bias_fusion_01,0.153,0.398,-0.385,1.0,1.0,0.0,0.35,0.75,0.0,1.1,0.32,0.4
2026-09-25T02:55:45Z,2026-09-25 10:55:45,2026-09-25 11:00,2026-09-25 03:00Z,2026-09-25 10:55:30,1,34,33.53,33,33.18,34,34.13,0.35,0.35,0,heating,2,low,3.03,0.14,0.4,calm,0.8,0.6,52.3,0.33,0.67,126.0,-0.38,-0.41,4197.3,2026-09-24 10:24:00,v23_bias_fusion_01,0.74,0.398,-0.385,1.0,0.65,0.0,0.35,0.4875,0.0,0.8375,0.541,0.65
2026-09-25T03:55:45Z,2026-09-25 11:55:45,2026-09-25 12:00,2026-09-25 04:00Z,2026-09-25 11:55:30,1,34,33.57,34,33.69,34,33.56,-0.12,-0.12,0,heating,1,low,4.03,0.26,0.44,crosswind,0.0,0.42,52.4,-0.48,0.27,21.0,-0.38,-0.41,4257.3,2026-09-24 10:24:00,v23_bias_fusion_01,0.126,-0.33,-0.385,1.0,1.0,0.0,0.35,0.75,0.0,1.1,-0.185,0.65
2026-09-25T04:55:45Z,2026-09-25 12:55:45,2026-09-25 13:00,2026-09-25 05:00Z,2026-09-25 12:55:30,1,34,34.38,35,34.51,35,34.82,-0.13,-0.13,0,heating,1,low,3.93,0.31,0.32,crosswind,0.0,0.29,50.7,-0.48,0.27,81.0,-0.38,-0.41,4317.3,2026-09-24 10:24:00,v23_bias_fusion_01,0.087,-0.33,-0.385,1.0,1.0,0.0,0.35,0.75,0.0,1.1,-0.197,0.65
2026-09-25T05:55:45Z,2026-09-25 13:55:45,2026-09-25 14:00,2026-09-25 06:00Z,2026-09-25 13:55:30,1,32,31.79,32,31.9,32,31.5,-0.11,-0.11,0,cooling,2,low,2.83,-0.15,-0.81,crosswind,-0.01,0.2,51.3,-0.48,0.27,141.0,-0.38,-0.41,4377.3,2026-09-25 08:31:00,v23_bias_fusion_01,0.053,-0.33,-0.385,1.0,0.65,0.0,0.35,0.4875,0.0,0.8375,-0.17,0.65
2026-09-25T06:55:45Z,2026-09-25 14:55:45,2026-09-25 15:00,2026-09-25 07:00Z,2026-09-25 14:55:30,1,31,30.59,31,30.58,31,30.67,0.01,0.01,0,outflow,5,high,1.36,-0.29,-0.78,crosswind,0.0,0.14,51.7,0.0,0.18,21.0,-0.38,-0.41,4437.3,2026-09-25 09:24:00,v23_bias_fusion_01,0.042,0.036,-0.385,1.0,1.0,0.0,0.35,0.75,0.0,1.1,0.038,0.15
2026-09-25T07:55:45Z,2026-09-25 15:55:45,2026-09-25 16:00,2026-09-25 08:00Z,2026-09-25 15:55:30,1,31,31.23,31,31.23,31,30.68,0.01,0.0,1,heating,1,low,1.95,0.07,0.41,crosswind,-0.08,0.07,46.5,0.0,0.18,81.0,-0.38,-0.41,4497.3,2026-09-25 09:24:00,v23_bias_fusion_01,-0.035,0.036,-0.385,1.0,1.0,0.0,0.35,0.75,0.0,1.1,0.013,0.65
2026-09-25T08:55:45Z,2026-09-25 16:55:45,2026-09-25 17:00,2026-09-25 09:00Z,2026-09-25 16:55:30,1,31,31.2,31,31.08,31,31.4,0.12,0.12,0,stable,2,low,1.52,0.0,-0.01,crosswind,0.27,0.13,48.4,0.0,0.18,141.0,-0.38,-0.41,4557.3,2026-09-25 09:24:00,v23_bias_fusion_01,0.228,0.036,-0.385,1.0,0.65,0.0,0.35,0.4875,0.0,0.8375,0.116,1.0
2026-09-25T09:55:45Z,2026-09-25 17:55:45,2026-09-25 18:00,2026-09-25 10:00Z,2026-09-25 17:55:30,1,29,29.34,29,29.48,29,29.45,-0.14,-0.14,0,stable,0,none,0.83,0.0,-0.13,crosswind,0.0,0.09,48.3,-0.28,0.02,21.0,-0.38,-0.41,4617.3,2026-09-25 09:24:00,v23_bias_fusion_01,0.027,-0.22,-0.385,1.0,1.0,0.0,0.35,0.75,0.0,1.1,-0.141,1.0
