logged_at_utc,logged_at_manila,target_manila,target_utc,frozen_manila,valid,v22_final,v22_estimated,v21_final,v21_estimated,airport_correction,last_residual,residual_ewma,residual_age_minutes,weather_regime,convective_score,convective_risk,station_spread,network_change_5m,network_change_15m,wind_role
2026-09-03T11:55:40Z,2026-09-03 19:55:40,2026-09-03 20:00,2026-09-03 12:00Z,2026-09-03 19:55:30,1,26,25.55,26,25.66,-0.11,-0.28,0.01,21.5,stable,0,none,0.9,0.0,0.1,upstream
2026-09-03T12:55:40Z,2026-09-03 20:55:40,2026-09-03 21:00,2026-09-03 13:00Z,2026-09-03 20:55:30,1,26,25.66,26,25.72,-0.06,-0.28,0.01,81.5,stable,2,low,0.7,0.0,0.0,crosswind
2026-09-03T13:55:40Z,2026-09-03 21:55:40,2026-09-03 22:00,2026-09-03 14:00Z,2026-09-03 21:55:30,1,26,25.87,26,25.75,0.12,0.28,0.16,47.2,stable,0,none,0.75,0.0,0.03,calm
2026-09-03T14:55:40Z,2026-09-03 22:55:40,2026-09-03 23:00,2026-09-03 15:00Z,2026-09-03 22:55:30,1,26,25.61,26,25.5,0.11,0.25,0.21,47.2,stable,0,none,0.73,0.0,0.01,calm
2026-09-03T15:55:40Z,2026-09-03 23:55:40,2026-09-04 00:00,2026-09-03 16:00Z,2026-09-03 23:55:30,1,26,25.81,26,25.52,0.29,0.5,0.37,47.2,stable,0,none,0.63,0.0,0.04,calm
2026-09-03T16:55:40Z,2026-09-04 00:55:40,2026-09-04 01:00,2026-09-03 17:00Z,2026-09-04 00:55:30,1,26,26.01,26,25.73,0.28,0.48,0.43,47.2,stable,2,low,0.75,0.0,0.06,crosswind
2026-09-03T17:55:40Z,2026-09-04 01:55:40,2026-09-04 02:00,2026-09-03 18:00Z,2026-09-04 01:55:30,1,25,25.32,25,25.2,0.12,0.27,0.3,17.2,stable,2,low,0.99,0.0,-0.04,crosswind
2026-09-03T18:55:40Z,2026-09-04 02:55:40,2026-09-04 03:00,2026-09-03 19:00Z,2026-09-04 02:55:30,1,26,25.89,25,25.42,0.47,0.8,0.7,17.2,stable,0,none,0.72,0.0,-0.04,calm
2026-09-03T19:55:40Z,2026-09-04 03:55:40,2026-09-04 04:00,2026-09-03 20:00Z,2026-09-04 03:55:30,1,26,25.75,25,25.17,0.58,0.58,0.63,47.1,convective,3,moderate,1.01,0.0,0.31,upstream
2026-09-03T20:55:40Z,2026-09-04 04:55:40,2026-09-04 05:00,2026-09-03 21:00Z,2026-09-04 04:55:30,1,24,24.44,25,24.5,-0.06,-0.17,0.19,47.1,stable,2,low,0.67,0.0,0.18,crosswind
2026-09-03T21:55:40Z,2026-09-04 05:55:40,2026-09-04 06:00,2026-09-03 22:00Z,2026-09-04 05:55:30,1,26,26.37,25,25.49,0.88,1.5,1.23,17.1,stable,2,low,0.88,0.0,0.08,crosswind
2026-09-03T22:55:40Z,2026-09-04 06:55:40,2026-09-04 07:00,2026-09-03 23:00Z,2026-09-04 06:55:30,1,26,26.02,26,25.69,0.33,0.51,0.83,47.1,stable,0,none,0.75,0.0,0.08,crosswind
2026-09-03T23:55:40Z,2026-09-04 07:55:40,2026-09-04 08:00,2026-09-04 00:00Z,2026-09-04 07:55:30,1,27,26.98,26,26.21,0.77,1.31,1.09,47.0,stable,0,none,0.84,0.0,0.1,calm
2026-09-04T00:55:40Z,2026-09-04 08:55:40,2026-09-04 09:00,2026-09-04 01:00Z,2026-09-04 08:55:30,1,27,26.93,26,25.98,0.95,1.79,1.47,45.5,convective,4,moderate,1.25,-0.12,-0.42,upstream
2026-09-04T01:55:40Z,2026-09-04 09:55:40,2026-09-04 10:00,2026-09-04 02:00Z,2026-09-04 09:55:30,1,28,28.44,28,28.35,0.09,0.02,0.67,49.7,heating,0,none,0.51,0.29,0.72,upstream
2026-09-04T02:55:40Z,2026-09-04 10:55:40,2026-09-04 11:00,2026-09-04 03:00Z,2026-09-04 10:55:30,1,29,29.22,29,28.57,0.65,0.65,0.66,52.4,outflow,7,extreme,1.06,-0.72,-1.57,crosswind
2026-09-04T03:55:40Z,2026-09-04 11:55:40,2026-09-04 12:00,2026-09-04 04:00Z,2026-09-04 11:55:30,1,28,27.71,28,28.23,-0.52,-0.57,-0.02,53.0,outflow,9,extreme,1.04,-1.21,-2.39,crosswind
2026-09-04T04:55:40Z,2026-09-04 12:55:40,2026-09-04 13:00,2026-09-04 05:00Z,2026-09-04 12:55:30,1,26,26.07,27,26.79,-0.72,-1.23,-0.99,20.1,stable,1,low,0.62,0.18,0.21,upstream
2026-09-04T05:55:40Z,2026-09-04 13:55:40,2026-09-04 14:00,2026-09-04 06:00Z,2026-09-04 13:55:30,1,28,28.32,28,28.24,0.08,0.21,-0.03,51.7,stable,1,low,0.5,0.03,0.11,upstream
2026-09-04T06:55:40Z,2026-09-04 14:55:40,2026-09-04 15:00,2026-09-04 07:00Z,2026-09-04 14:55:30,1,28,27.74,28,27.97,-0.23,-0.24,-0.15,49.4,convective,5,high,1.55,-0.08,-0.17,crosswind
2026-09-04T07:55:40Z,2026-09-04 15:55:40,2026-09-04 16:00,2026-09-04 08:00Z,2026-09-04 15:55:30,1,25,24.93,26,25.88,-0.95,-1.97,-1.15,47.7,stable,2,low,0.97,0.0,0.04,crosswind
2026-09-04T08:55:40Z,2026-09-04 16:55:40,2026-09-04 17:00,2026-09-04 09:00Z,2026-09-04 16:55:30,1,27,26.85,26,26.22,0.63,1.12,0.41,52.7,stable,1,low,0.7,0.0,-0.04,calm
2026-09-04T09:55:40Z,2026-09-04 17:55:40,2026-09-04 18:00,2026-09-04 10:00Z,2026-09-04 17:55:30,1,27,26.86,26,26.4,0.46,0.78,0.61,22.7,stable,0,none,0.77,0.0,0.06,calm
2026-09-04T10:55:40Z,2026-09-04 18:55:40,2026-09-04 19:00,2026-09-04 11:00Z,2026-09-04 18:55:30,1,27,26.7,26,26.34,0.36,0.6,0.6,52.7,stable,0,none,0.67,0.0,0.07,crosswind
2026-09-04T11:55:40Z,2026-09-04 19:55:40,2026-09-04 20:00,2026-09-04 12:00Z,2026-09-04 19:55:30,1,26,25.83,25,25.44,0.39,0.66,0.63,22.7,stable,1,low,0.66,0.0,-0.18,upstream
2026-09-04T12:55:40Z,2026-09-04 20:55:40,2026-09-04 21:00,2026-09-04 13:00Z,2026-09-04 20:55:30,1,26,25.7,25,25.36,0.34,0.56,0.59,22.7,stable,0,none,0.77,0.0,-0.02,crosswind
2026-09-04T13:55:40Z,2026-09-04 21:55:40,2026-09-04 22:00,2026-09-04 14:00Z,2026-09-04 21:55:30,1,26,26.18,26,25.8,0.38,0.64,0.62,52.7,stable,0,none,0.57,0.0,0.12,calm
2026-09-04T14:55:40Z,2026-09-04 22:55:40,2026-09-04 23:00,2026-09-04 15:00Z,2026-09-04 22:55:30,1,26,25.72,25,24.77,0.95,1.2,0.94,52.6,convective,4,moderate,2.16,0.0,-0.52,downstream
2026-09-04T15:55:40Z,2026-09-04 23:55:40,2026-09-05 00:00,2026-09-04 16:00Z,2026-09-04 23:55:30,1,25,24.8,25,24.68,0.12,0.23,0.55,22.6,stable,1,low,1.22,0.0,-0.05,crosswind
2026-09-04T16:55:40Z,2026-09-05 00:55:40,2026-09-05 01:00,2026-09-04 17:00Z,2026-09-05 00:55:30,1,25,25.21,25,25.06,0.15,0.32,0.42,22.6,stable,2,low,1.31,0.0,0.08,crosswind
2026-09-04T17:55:40Z,2026-09-05 01:55:40,2026-09-05 02:00,2026-09-04 18:00Z,2026-09-05 01:55:30,1,26,25.5,25,24.95,0.55,0.94,0.71,52.6,stable,2,low,1.14,0.0,-0.05,calm
2026-09-04T18:55:40Z,2026-09-05 02:55:40,2026-09-05 03:00,2026-09-04 19:00Z,2026-09-05 02:55:30,1,25,24.94,25,24.9,0.04,0.05,0.35,22.5,stable,1,low,0.93,0.0,-0.01,calm
2026-09-04T19:55:40Z,2026-09-05 03:55:40,2026-09-05 04:00,2026-09-04 20:00Z,2026-09-05 03:55:30,1,25,24.87,25,24.82,0.05,0.1,0.21,52.5,stable,0,none,0.82,0.0,0.02,crosswind
2026-09-04T20:55:40Z,2026-09-05 04:55:40,2026-09-05 05:00,2026-09-04 21:00Z,2026-09-05 04:55:30,1,25,25.34,25,25.16,0.18,0.18,0.19,22.5,convective,3,moderate,0.7,0.0,0.1,crosswind
2026-09-04T21:55:40Z,2026-09-05 05:55:40,2026-09-05 06:00,2026-09-04 22:00Z,2026-09-05 05:55:30,1,25,24.51,25,24.57,-0.06,-0.16,-0.0,22.3,stable,2,low,0.78,0.0,-0.08,upstream
2026-09-04T22:55:40Z,2026-09-05 06:55:40,2026-09-05 07:00,2026-09-04 23:00Z,2026-09-05 06:55:30,1,25,24.84,25,24.66,0.18,0.43,0.24,52.3,stable,1,low,0.73,0.0,0.04,upstream
2026-09-04T23:55:40Z,2026-09-05 07:55:40,2026-09-05 08:00,2026-09-05 00:00Z,2026-09-05 07:55:30,1,26,25.59,25,25.44,0.15,0.34,0.29,52.3,stable,0,none,0.76,0.0,0.11,upstream
2026-09-05T00:55:40Z,2026-09-05 08:55:40,2026-09-05 09:00,2026-09-05 01:00Z,2026-09-05 08:55:30,1,26,26.29,26,25.96,0.33,0.56,0.44,52.6,stable,0,none,0.57,0.11,0.23,crosswind
2026-09-05T01:55:40Z,2026-09-05 09:55:40,2026-09-05 10:00,2026-09-05 02:00Z,2026-09-05 09:55:30,1,29,29.36,28,28.41,0.95,2.0,1.3,49.7,heating,1,low,0.15,0.17,0.51,upstream
2026-09-05T02:55:40Z,2026-09-05 10:55:40,2026-09-05 11:00,2026-09-05 03:00Z,2026-09-05 10:55:30,1,28,28.01,27,27.39,0.62,0.59,0.91,54.0,convective,4,moderate,1.11,-0.62,-1.34,crosswind
2026-09-05T03:55:40Z,2026-09-05 11:55:40,2026-09-05 12:00,2026-09-05 04:00Z,2026-09-05 11:55:30,1,27,26.74,27,26.9,-0.16,-0.39,-0.13,13.8,stable,1,low,0.55,0.05,-0.05,crosswind
2026-09-05T04:55:40Z,2026-09-05 12:55:40,2026-09-05 13:00,2026-09-05 05:00Z,2026-09-05 12:55:30,1,28,27.53,27,27.43,0.1,0.1,0.1,47.6,heating,1,low,0.37,0.28,0.6,crosswind
2026-09-05T05:55:40Z,2026-09-05 13:55:40,2026-09-05 14:00,2026-09-05 06:00Z,2026-09-05 13:55:30,1,28,27.52,27,27.19,0.33,0.57,0.36,50.9,stable,1,low,0.68,-0.04,-0.19,crosswind
2026-09-05T06:55:40Z,2026-09-05 14:55:40,2026-09-05 15:00,2026-09-05 07:00Z,2026-09-05 14:55:30,1,27,26.74,27,26.81,-0.07,-0.19,0.06,47.7,stable,1,low,0.71,-0.03,-0.04,crosswind
2026-09-05T07:55:40Z,2026-09-05 15:55:40,2026-09-05 16:00,2026-09-05 08:00Z,2026-09-05 15:55:30,1,27,27.07,27,26.99,0.08,0.19,0.13,52.5,stable,0,none,0.77,-0.01,-0.03,crosswind
2026-09-05T08:55:40Z,2026-09-05 16:55:40,2026-09-05 17:00,2026-09-05 09:00Z,2026-09-05 16:55:30,1,26,25.83,25,24.88,0.95,1.01,0.61,50.2,convective,3,moderate,0.41,0.0,0.02,crosswind
2026-09-05T09:55:40Z,2026-09-05 17:55:40,2026-09-05 18:00,2026-09-05 10:00Z,2026-09-05 17:55:30,1,26,25.79,25,25.13,0.66,1.12,0.89,50.0,stable,0,none,0.47,0.0,0.06,upstream
2026-09-05T10:55:40Z,2026-09-05 18:55:40,2026-09-05 19:00,2026-09-05 11:00Z,2026-09-05 18:55:30,1,26,25.9,25,25.38,0.52,0.87,0.88,50.0,stable,0,none,0.67,0.0,-0.04,upstream
2026-09-05T11:55:40Z,2026-09-05 19:55:40,2026-09-05 20:00,2026-09-05 12:00Z,2026-09-05 19:55:30,1,25,25.43,25,25.05,0.38,0.62,0.74,50.0,stable,0,none,0.67,0.0,-0.03,upstream
2026-09-05T12:55:40Z,2026-09-05 20:55:40,2026-09-05 21:00,2026-09-05 13:00Z,2026-09-05 20:55:30,1,25,25.46,25,24.9,0.56,0.95,0.86,20.0,stable,0,none,0.87,0.0,0.07,calm
2026-09-05T13:55:40Z,2026-09-05 21:55:40,2026-09-05 22:00,2026-09-05 14:00Z,2026-09-05 21:55:30,1,26,25.73,25,25.08,0.65,1.1,0.99,50.0,stable,0,none,0.77,0.0,-0.01,calm
2026-09-05T14:55:40Z,2026-09-05 22:55:40,2026-09-05 23:00,2026-09-05 15:00Z,2026-09-05 22:55:30,1,26,25.79,25,25.24,0.55,0.92,0.95,50.0,stable,0,none,0.7,0.0,-0.02,calm
2026-09-05T15:55:40Z,2026-09-05 23:55:40,2026-09-06 00:00,2026-09-05 16:00Z,2026-09-05 23:55:30,1,26,25.68,25,25.22,0.46,0.76,0.85,20.0,stable,0,none,0.85,0.0,0.02,calm
2026-09-05T16:55:40Z,2026-09-06 00:55:40,2026-09-06 01:00,2026-09-05 17:00Z,2026-09-06 00:55:30,1,26,25.74,25,25.27,0.47,0.78,0.81,50.0,stable,0,none,0.91,0.0,0.0,calm
2026-09-05T17:55:40Z,2026-09-06 01:55:40,2026-09-06 02:00,2026-09-05 18:00Z,2026-09-06 01:55:30,1,26,25.67,25,25.23,0.44,0.73,0.77,50.0,stable,1,low,0.75,0.0,-0.04,calm
2026-09-05T18:55:40Z,2026-09-06 02:55:40,2026-09-06 03:00,2026-09-05 19:00Z,2026-09-06 02:55:30,1,26,25.71,25,25.25,0.46,0.77,0.77,19.9,stable,0,none,0.91,0.0,0.02,upstream
2026-09-05T19:55:40Z,2026-09-06 03:55:40,2026-09-06 04:00,2026-09-05 20:00Z,2026-09-06 03:55:30,1,26,26.06,26,25.61,0.45,0.75,0.76,49.9,stable,0,none,0.77,0.0,0.04,upstream
2026-09-05T20:55:40Z,2026-09-06 04:55:40,2026-09-06 05:00,2026-09-05 21:00Z,2026-09-06 04:55:30,1,27,26.6,26,25.78,0.82,1.39,1.11,49.8,stable,0,none,0.67,0.0,-0.11,upstream
2026-09-05T21:55:40Z,2026-09-06 05:55:40,2026-09-06 06:00,2026-09-05 22:00Z,2026-09-06 05:55:30,1,26,26.36,26,25.63,0.73,1.22,1.17,19.8,stable,0,none,0.77,0.0,-0.04,calm
2026-09-05T22:55:40Z,2026-09-06 06:55:40,2026-09-06 07:00,2026-09-05 23:00Z,2026-09-06 06:55:30,1,27,26.88,26,26.06,0.82,1.37,1.28,49.8,stable,0,none,0.57,0.0,0.17,calm
2026-09-05T23:55:40Z,2026-09-06 07:55:40,2026-09-06 08:00,2026-09-06 00:00Z,2026-09-06 07:55:30,1,27,26.55,26,25.97,0.58,0.94,1.26,19.8,stable,1,low,1.0,0.0,0.18,crosswind
2026-09-06T00:55:40Z,2026-09-06 08:55:40,2026-09-06 09:00,2026-09-06 01:00Z,2026-09-06 08:55:30,1,27,26.96,26,26.34,0.62,1.03,1.13,51.5,stable,1,low,0.77,-0.06,0.0,crosswind
2026-09-06T01:55:40Z,2026-09-06 09:55:40,2026-09-06 10:00,2026-09-06 02:00Z,2026-09-06 09:55:30,1,30,29.59,29,28.64,0.95,1.66,1.42,49.2,stable,1,low,0.13,0.12,0.26,crosswind
2026-09-06T02:55:40Z,2026-09-06 10:55:40,2026-09-06 11:00,2026-09-06 03:00Z,2026-09-06 10:55:30,1,30,29.88,29,29.47,0.41,0.36,0.84,51.5,convective,3,moderate,1.56,-0.13,-0.65,crosswind
2026-09-06T03:55:40Z,2026-09-06 11:55:40,2026-09-06 12:00,2026-09-06 04:00Z,2026-09-06 11:55:30,1,30,29.72,30,30.13,-0.41,-0.47,0.12,51.6,heating,1,low,0.72,-0.04,0.44,crosswind
2026-09-06T04:55:40Z,2026-09-06 12:55:40,2026-09-06 13:00,2026-09-06 05:00Z,2026-09-06 12:55:30,1,31,30.65,31,30.77,-0.12,-0.13,-0.02,50.4,heating,2,low,0.27,0.26,0.92,crosswind
2026-09-06T05:55:40Z,2026-09-06 13:55:40,2026-09-06 14:00,2026-09-06 06:00Z,2026-09-06 13:55:30,1,29,29.11,30,29.55,-0.44,-0.77,-0.43,51.4,stable,1,low,0.22,0.12,-0.21,upstream
2026-09-06T06:55:40Z,2026-09-06 14:55:40,2026-09-06 15:00,2026-09-06 07:00Z,2026-09-06 14:55:30,1,29,28.62,29,28.95,-0.33,-0.55,-0.5,49.3,stable,1,low,0.27,-0.04,-0.04,crosswind
2026-09-06T07:55:40Z,2026-09-06 15:55:40,2026-09-06 16:00,2026-09-06 08:00Z,2026-09-06 15:55:30,1,29,28.99,29,28.98,0.01,0.05,-0.2,51.4,stable,1,low,0.31,0.0,0.03,crosswind
2026-09-06T08:55:40Z,2026-09-06 16:55:40,2026-09-06 17:00,2026-09-06 09:00Z,2026-09-06 16:55:30,1,28,28.08,28,28.08,0.0,0.02,-0.08,49.4,stable,1,low,0.53,0.0,-0.27,crosswind
2026-09-06T09:55:40Z,2026-09-06 17:55:40,2026-09-06 18:00,2026-09-06 10:00Z,2026-09-06 17:55:30,1,27,27.04,27,27.08,-0.04,-0.08,-0.08,49.4,stable,1,low,0.63,0.0,-0.14,crosswind
2026-09-06T10:55:40Z,2026-09-06 18:55:40,2026-09-06 19:00,2026-09-06 11:00Z,2026-09-06 18:55:30,1,27,26.81,27,26.85,-0.04,-0.08,-0.08,49.3,stable,0,none,0.3,0.0,-0.06,upstream
2026-09-06T11:55:40Z,2026-09-06 19:55:40,2026-09-06 20:00,2026-09-06 12:00Z,2026-09-06 19:55:30,1,26,26.46,26,26.4,0.06,0.15,0.05,49.3,stable,0,none,0.61,0.0,0.0,upstream
2026-09-06T12:55:40Z,2026-09-06 20:55:40,2026-09-06 21:00,2026-09-06 13:00Z,2026-09-06 20:55:30,1,27,26.56,26,26.21,0.35,0.6,0.35,49.3,stable,0,none,0.67,0.0,-0.06,calm
2026-09-06T13:55:40Z,2026-09-06 21:55:40,2026-09-06 22:00,2026-09-06 14:00Z,2026-09-06 21:55:30,1,27,26.53,26,26.07,0.46,0.79,0.59,49.1,stable,1,low,0.67,0.0,-0.04,calm
2026-09-06T14:55:40Z,2026-09-06 22:55:40,2026-09-06 23:00,2026-09-06 15:00Z,2026-09-06 22:55:30,1,27,26.86,26,26.31,0.55,0.93,0.78,49.1,stable,0,none,0.5,0.0,-0.01,upstream
2026-09-06T15:55:40Z,2026-09-06 23:55:40,2026-09-07 00:00,2026-09-06 16:00Z,2026-09-06 23:55:30,1,27,26.6,26,26.18,0.42,0.69,0.73,49.0,stable,0,none,0.38,0.0,-0.17,crosswind
2026-09-06T16:55:40Z,2026-09-07 00:55:40,2026-09-07 01:00,2026-09-06 17:00Z,2026-09-07 00:55:30,1,25,25.33,25,24.84,0.49,0.82,0.78,49.0,stable,0,none,0.3,0.0,-0.09,crosswind
2026-09-06T17:55:40Z,2026-09-07 01:55:40,2026-09-07 02:00,2026-09-06 18:00Z,2026-09-07 01:55:30,1,25,24.75,25,24.67,0.08,0.16,0.44,49.0,stable,0,none,0.07,0.0,0.0,calm
2026-09-06T18:55:40Z,2026-09-07 02:55:40,2026-09-07 03:00,2026-09-06 19:00Z,2026-09-07 02:55:30,1,25,24.94,25,24.79,0.15,0.33,0.38,49.0,stable,0,none,0.4,0.0,0.01,calm
2026-09-06T19:55:40Z,2026-09-07 03:55:40,2026-09-07 04:00,2026-09-06 20:00Z,2026-09-07 03:55:30,1,25,25.09,25,24.99,0.1,0.21,0.29,48.9,stable,0,none,0.37,0.0,0.05,calm
2026-09-06T20:55:40Z,2026-09-07 04:55:40,2026-09-07 05:00,2026-09-06 21:00Z,2026-09-07 04:55:30,1,26,25.8,25,25.21,0.59,1.01,0.69,48.9,stable,2,low,0.38,0.0,-0.06,calm
2026-09-06T21:55:40Z,2026-09-07 05:55:40,2026-09-07 06:00,2026-09-06 22:00Z,2026-09-07 05:55:30,1,26,25.67,25,25.2,0.47,0.79,0.74,18.8,stable,0,none,0.63,0.0,0.04,crosswind
2026-09-06T22:55:40Z,2026-09-07 06:55:40,2026-09-07 07:00,2026-09-06 23:00Z,2026-09-07 06:55:30,1,26,25.91,25,25.43,0.48,0.8,0.77,48.7,stable,0,none,0.49,0.0,0.08,calm
2026-09-06T23:55:40Z,2026-09-07 07:55:40,2026-09-07 08:00,2026-09-07 00:00Z,2026-09-07 07:55:30,1,26,26.37,26,26.02,0.35,0.57,0.66,48.5,stable,1,low,0.58,0.0,0.11,crosswind
2026-09-07T00:55:40Z,2026-09-07 08:55:40,2026-09-07 09:00,2026-09-07 01:00Z,2026-09-07 08:55:30,1,27,27.44,26,26.49,0.95,0.98,0.84,50.7,convective,3,moderate,1.56,0.04,0.05,calm
2026-09-07T01:55:40Z,2026-09-07 09:55:40,2026-09-07 10:00,2026-09-07 02:00Z,2026-09-07 09:55:30,1,25,25.11,25,24.66,0.45,0.51,0.66,49.9,cooling,2,low,1.1,-0.04,-0.54,crosswind
2026-09-07T02:55:40Z,2026-09-07 10:55:40,2026-09-07 11:00,2026-09-07 03:00Z,2026-09-07 10:55:30,1,26,25.65,25,25.49,0.16,0.34,0.48,49.4,stable,1,low,0.57,0.09,0.11,crosswind
2026-09-07T03:55:40Z,2026-09-07 11:55:40,2026-09-07 12:00,2026-09-07 04:00Z,2026-09-07 11:55:30,1,27,26.52,26,26.21,0.31,0.51,0.5,52.7,stable,0,none,0.43,0.09,0.1,calm
2026-09-07T04:55:40Z,2026-09-07 12:55:40,2026-09-07 13:00,2026-09-07 05:00Z,2026-09-07 12:55:30,1,26,25.8,25,25.33,0.47,0.79,0.66,52.7,stable,0,none,0.52,0.09,-0.09,crosswind
2026-09-07T05:55:40Z,2026-09-07 13:55:40,2026-09-07 14:00,2026-09-07 06:00Z,2026-09-07 13:55:30,1,26,26.28,26,25.61,0.67,0.67,0.67,49.5,convective,3,moderate,1.04,-0.15,-0.79,crosswind
2026-09-07T06:55:40Z,2026-09-07 14:55:40,2026-09-07 15:00,2026-09-07 07:00Z,2026-09-07 14:55:30,1,26,25.81,25,25.41,0.4,0.39,0.52,51.5,convective,3,moderate,1.23,-0.02,-0.33,crosswind
2026-09-07T07:55:40Z,2026-09-07 15:55:40,2026-09-07 16:00,2026-09-07 08:00Z,2026-09-07 15:55:30,1,26,25.87,26,25.52,0.35,0.59,0.56,49.5,stable,2,low,1.23,-0.01,-0.0,crosswind
2026-09-07T08:55:40Z,2026-09-07 16:55:40,2026-09-07 17:00,2026-09-07 09:00Z,2026-09-07 16:55:30,1,25,25.09,25,24.61,0.48,0.48,0.52,51.1,convective,3,moderate,1.19,0.0,-0.29,crosswind
2026-09-07T09:55:40Z,2026-09-07 17:55:40,2026-09-07 18:00,2026-09-07 10:00Z,2026-09-07 17:55:30,1,25,24.65,24,24.25,0.4,0.39,0.45,51.1,convective,3,moderate,0.76,0.0,0.04,crosswind
2026-09-07T10:55:40Z,2026-09-07 18:55:40,2026-09-07 19:00,2026-09-07 11:00Z,2026-09-07 18:55:30,1,25,24.71,24,24.27,0.44,0.75,0.61,51.1,stable,0,none,1.33,0.0,0.03,crosswind
2026-09-07T11:55:40Z,2026-09-07 19:55:40,2026-09-07 20:00,2026-09-07 12:00Z,2026-09-07 19:55:30,1,25,24.57,24,24.13,0.44,0.73,0.68,51.1,stable,0,none,0.8,0.0,-0.09,calm
2026-09-07T12:55:40Z,2026-09-07 20:55:40,2026-09-07 21:00,2026-09-07 13:00Z,2026-09-07 20:55:30,1,24,24.4,24,23.88,0.52,0.87,0.78,21.1,stable,0,none,0.59,0.0,-0.01,calm
2026-09-07T13:55:40Z,2026-09-07 21:55:40,2026-09-07 22:00,2026-09-07 14:00Z,2026-09-07 21:55:30,1,24,24.46,24,23.8,0.66,1.12,0.97,21.1,stable,0,none,0.61,0.0,0.03,calm
2026-09-07T14:55:40Z,2026-09-07 22:55:40,2026-09-07 23:00,2026-09-07 15:00Z,2026-09-07 22:55:30,1,25,24.54,24,23.83,0.71,1.2,1.1,21.0,stable,0,none,0.61,0.0,-0.04,crosswind
2026-09-07T15:55:40Z,2026-09-07 23:55:40,2026-09-08 00:00,2026-09-07 16:00Z,2026-09-07 23:55:30,1,25,24.7,24,24.0,0.7,1.17,1.14,21.0,stable,0,none,0.83,0.0,0.04,crosswind
2026-09-07T16:55:40Z,2026-09-08 00:55:40,2026-09-08 01:00,2026-09-07 17:00Z,2026-09-08 00:55:30,0,,,,,0.55,1.0,1.06,,unavailable,0,none,unavailable,unavailable,unavailable,crosswind
2026-09-07T17:55:40Z,2026-09-08 01:55:40,2026-09-08 02:00,2026-09-07 18:00Z,2026-09-08 01:55:30,1,24,24.19,24,24.19,0.0,1.0,1.06,111.0,stable,1,low,0.91,0.0,0.04,crosswind
2026-09-07T18:55:40Z,2026-09-08 02:55:40,2026-09-08 03:00,2026-09-07 19:00Z,2026-09-08 02:55:30,1,25,24.67,24,24.18,0.49,0.81,0.81,20.8,stable,0,none,0.75,0.0,0.0,calm
2026-09-07T19:55:40Z,2026-09-08 03:55:40,2026-09-08 04:00,2026-09-07 20:00Z,2026-09-08 03:55:30,1,25,24.71,24,24.22,0.49,0.82,0.82,20.8,stable,0,none,0.81,0.0,0.04,calm
2026-09-07T20:55:40Z,2026-09-08 04:55:40,2026-09-08 05:00,2026-09-07 21:00Z,2026-09-08 04:55:30,1,25,24.68,24,24.21,0.47,0.78,0.8,20.8,stable,0,none,0.75,0.0,0.0,crosswind
2026-09-07T21:55:40Z,2026-09-08 05:55:40,2026-09-08 06:00,2026-09-07 22:00Z,2026-09-08 05:55:30,1,25,24.72,24,24.25,0.47,0.79,0.79,50.7,stable,0,none,0.81,0.0,-0.01,crosswind
2026-09-07T22:55:40Z,2026-09-08 06:55:40,2026-09-08 07:00,2026-09-07 23:00Z,2026-09-08 06:55:30,1,25,24.73,24,24.28,0.45,0.75,0.77,50.5,stable,0,none,0.77,0.0,0.04,crosswind
2026-09-07T23:55:40Z,2026-09-08 07:55:40,2026-09-08 08:00,2026-09-08 00:00Z,2026-09-08 07:55:30,1,25,25.38,25,24.95,0.43,0.72,0.74,50.3,stable,0,none,0.77,0.0,0.04,calm
2026-09-08T00:55:40Z,2026-09-08 08:55:40,2026-09-08 09:00,2026-09-08 01:00Z,2026-09-08 08:55:30,1,27,27.3,26,26.35,0.95,1.05,0.99,14.7,heating,1,low,0.47,0.18,0.41,crosswind
2026-09-08T01:55:40Z,2026-09-08 09:55:40,2026-09-08 10:00,2026-09-08 02:00Z,2026-09-08 09:55:30,1,28,27.97,27,27.4,0.57,0.65,0.8,52.7,cooling,1,low,0.75,-0.16,-0.47,upstream
2026-09-08T02:55:40Z,2026-09-08 10:55:40,2026-09-08 11:00,2026-09-08 03:00Z,2026-09-08 10:55:30,1,28,27.81,27,27.44,0.37,0.6,0.69,48.8,stable,0,none,1.33,0.01,-0.01,crosswind
2026-09-08T03:55:40Z,2026-09-08 11:55:40,2026-09-08 12:00,2026-09-08 04:00Z,2026-09-08 11:55:30,1,28,27.95,28,28.24,-0.29,-0.44,0.07,51.9,stable,2,low,0.13,-0.12,-0.06,crosswind
2026-09-08T04:55:40Z,2026-09-08 12:55:40,2026-09-08 13:00,2026-09-08 05:00Z,2026-09-08 12:55:30,1,27,26.92,27,27.15,-0.23,-0.24,-0.1,52.7,convective,4,moderate,1.26,-0.2,-0.53,crosswind
2026-09-08T05:55:40Z,2026-09-08 13:55:40,2026-09-08 14:00,2026-09-08 06:00Z,2026-09-08 13:55:30,1,27,27.38,27,27.47,-0.09,-0.15,-0.13,52.9,stable,0,none,1.13,0.15,0.37,crosswind
2026-09-08T06:55:40Z,2026-09-08 14:55:40,2026-09-08 15:00,2026-09-08 07:00Z,2026-09-08 14:55:30,0,,,,,-0.25,-0.47,-0.32,,unavailable,1,low,unavailable,unavailable,unavailable,crosswind
2026-09-08T07:55:40Z,2026-09-08 15:55:40,2026-09-08 16:00,2026-09-08 08:00Z,2026-09-08 15:55:30,1,27,27.39,27,27.39,-0.0,-0.47,-0.32,113.8,stable,0,none,0.54,-0.11,-0.18,crosswind
2026-09-08T08:55:40Z,2026-09-08 16:55:40,2026-09-08 17:00,2026-09-08 09:00Z,2026-09-08 16:55:30,1,28,28.06,28,27.69,0.37,0.61,0.61,51.6,stable,1,low,0.63,0.0,0.13,crosswind
2026-09-08T09:55:40Z,2026-09-08 17:55:40,2026-09-08 18:00,2026-09-08 10:00Z,2026-09-08 17:55:30,1,27,27.38,27,27.23,0.15,0.31,0.44,51.4,stable,0,none,0.81,0.0,-0.08,crosswind
2026-09-08T10:55:40Z,2026-09-08 18:55:40,2026-09-08 19:00,2026-09-08 11:00Z,2026-09-08 18:55:30,0,,,,,-0.11,-0.23,0.07,,unavailable,0,none,unavailable,unavailable,unavailable,calm
2026-09-08T11:55:40Z,2026-09-08 19:55:40,2026-09-08 20:00,2026-09-08 12:00Z,2026-09-08 19:55:30,1,26,26.18,26,26.18,-0.0,-0.23,0.07,111.4,stable,2,low,0.91,0.0,-0.08,calm
2026-09-08T12:55:40Z,2026-09-08 20:55:40,2026-09-08 21:00,2026-09-08 13:00Z,2026-09-08 20:55:30,1,26,25.92,26,26.0,-0.08,-0.18,-0.18,21.4,stable,1,low,0.94,0.0,0.05,crosswind
2026-09-08T13:55:40Z,2026-09-08 21:55:40,2026-09-08 22:00,2026-09-08 14:00Z,2026-09-08 21:55:30,1,27,26.58,26,26.01,0.57,1.0,0.47,21.4,stable,2,low,0.81,0.0,-0.01,crosswind
2026-09-08T14:55:40Z,2026-09-08 22:55:40,2026-09-08 23:00,2026-09-08 15:00Z,2026-09-08 22:55:30,1,24,24.47,25,25.04,-0.57,-1.01,-0.34,51.4,stable,2,low,0.68,0.0,-0.01,crosswind
2026-09-08T15:55:40Z,2026-09-08 23:55:40,2026-09-09 00:00,2026-09-08 16:00Z,2026-09-08 23:55:30,1,25,25.44,25,24.9,0.54,0.96,0.38,51.4,stable,2,low,0.72,0.0,-0.05,crosswind
2026-09-08T16:55:40Z,2026-09-09 00:55:40,2026-09-09 01:00,2026-09-08 17:00Z,2026-09-09 00:55:30,1,26,25.54,25,24.9,0.64,1.1,0.78,21.3,stable,1,low,0.72,0.0,-0.04,calm
2026-09-08T17:55:40Z,2026-09-09 01:55:40,2026-09-09 02:00,2026-09-08 18:00Z,2026-09-09 01:55:30,1,26,25.56,25,24.91,0.65,1.1,0.96,51.4,stable,0,none,0.82,0.0,0.07,crosswind
2026-09-08T18:55:40Z,2026-09-09 02:55:40,2026-09-09 03:00,2026-09-08 19:00Z,2026-09-09 02:55:30,1,26,25.74,25,25.09,0.65,1.09,1.03,21.3,stable,0,none,0.53,0.0,0.03,calm
2026-09-08T19:55:40Z,2026-09-09 03:55:40,2026-09-09 04:00,2026-09-08 20:00Z,2026-09-09 03:55:30,1,25,25.38,25,24.83,0.55,0.91,0.96,51.3,stable,0,none,0.61,0.0,-0.09,calm
2026-09-08T20:55:40Z,2026-09-09 04:55:40,2026-09-09 05:00,2026-09-08 21:00Z,2026-09-09 04:55:30,0,,,,,0.11,0.17,0.53,,unavailable,0,none,unavailable,unavailable,unavailable,crosswind
2026-09-08T21:55:40Z,2026-09-09 05:55:40,2026-09-09 06:00,2026-09-08 22:00Z,2026-09-09 05:55:30,1,25,24.78,25,24.78,0.0,0.17,0.53,111.3,stable,0,none,0.71,0.0,0.01,calm
2026-09-08T22:55:40Z,2026-09-09 06:55:40,2026-09-09 07:00,2026-09-08 23:00Z,2026-09-09 06:55:30,1,26,25.95,25,25.22,0.73,1.22,1.22,51.3,stable,0,none,0.2,0.0,0.23,crosswind
2026-09-08T23:55:40Z,2026-09-09 07:55:40,2026-09-09 08:00,2026-09-09 00:00Z,2026-09-09 07:55:30,1,27,26.89,26,25.94,0.95,1.78,1.53,51.3,stable,0,none,0.6,0.0,0.22,calm
2026-09-09T00:55:40Z,2026-09-09 08:55:40,2026-09-09 09:00,2026-09-09 01:00Z,2026-09-09 08:55:30,1,25,25.49,25,25.4,0.09,0.06,0.6,20.7,stable,1,low,1.43,-0.12,-0.06,calm
2026-09-09T01:55:40Z,2026-09-09 09:55:40,2026-09-09 10:00,2026-09-09 02:00Z,2026-09-09 09:55:30,1,27,26.57,26,26.21,0.36,0.6,0.6,52.2,stable,0,none,1.14,0.1,0.17,calm
2026-09-09T02:55:40Z,2026-09-09 10:55:40,2026-09-09 11:00,2026-09-09 03:00Z,2026-09-09 10:55:30,1,27,27.3,27,26.83,0.47,0.79,0.7,54.4,stable,1,low,1.21,0.0,-0.02,crosswind
2026-09-09T03:55:40Z,2026-09-09 11:55:40,2026-09-09 12:00,2026-09-09 04:00Z,2026-09-09 11:55:30,1,30,29.98,29,29.03,0.95,1.17,0.96,52.2,heating,1,low,0.79,0.29,0.56,upstream
2026-09-09T04:55:40Z,2026-09-09 12:55:40,2026-09-09 13:00,2026-09-09 05:00Z,2026-09-09 12:55:30,1,29,29.42,29,29.41,0.01,-0.03,0.42,51.0,stable,1,low,1.25,0.09,0.22,upstream
2026-09-09T05:55:40Z,2026-09-09 13:55:40,2026-09-09 14:00,2026-09-09 06:00Z,2026-09-09 13:55:30,1,30,30.13,30,29.78,0.35,0.59,0.51,53.1,stable,1,low,0.5,-0.04,-0.37,upstream
2026-09-09T06:55:40Z,2026-09-09 14:55:40,2026-09-09 15:00,2026-09-09 07:00Z,2026-09-09 14:55:30,1,30,29.72,30,29.58,0.14,0.22,0.35,48.4,stable,0,none,0.72,0.13,0.3,upstream
2026-09-09T07:55:40Z,2026-09-09 15:55:40,2026-09-09 16:00,2026-09-09 08:00Z,2026-09-09 15:55:30,1,27,26.69,27,27.23,-0.54,-0.58,-0.16,53.2,outflow,7,extreme,2.61,-0.57,-1.74,crosswind
2026-09-09T08:55:40Z,2026-09-09 16:55:40,2026-09-09 17:00,2026-09-09 09:00Z,2026-09-09 16:55:30,1,27,26.72,27,26.82,-0.1,-0.23,-0.22,21.9,stable,0,none,1.33,0.0,0.1,crosswind
2026-09-09T09:55:40Z,2026-09-09 17:55:40,2026-09-09 18:00,2026-09-09 10:00Z,2026-09-09 17:55:30,1,28,27.56,27,26.89,0.67,1.18,0.55,21.8,stable,0,none,1.18,0.0,-0.03,calm
2026-09-09T10:55:40Z,2026-09-09 18:55:40,2026-09-09 19:00,2026-09-09 11:00Z,2026-09-09 18:55:30,1,27,26.52,26,26.46,0.06,0.11,0.31,21.8,stable,1,low,1.18,0.0,0.04,crosswind
2026-09-09T11:55:40Z,2026-09-09 19:55:40,2026-09-09 20:00,2026-09-09 12:00Z,2026-09-09 19:55:30,1,27,26.64,26,26.32,0.32,0.54,0.44,51.8,stable,0,none,1.47,0.0,-0.09,calm
2026-09-09T12:55:40Z,2026-09-09 20:55:40,2026-09-09 21:00,2026-09-09 13:00Z,2026-09-09 20:55:30,1,27,26.5,26,26.1,0.4,0.68,0.57,21.7,stable,0,none,1.37,0.0,-0.02,crosswind
2026-09-09T13:55:40Z,2026-09-09 21:55:40,2026-09-09 22:00,2026-09-09 14:00Z,2026-09-09 21:55:30,1,26,26.46,26,25.93,0.53,0.9,0.75,21.7,stable,1,low,1.7,0.0,-0.04,calm
2026-09-09T14:55:40Z,2026-09-09 22:55:40,2026-09-09 23:00,2026-09-09 15:00Z,2026-09-09 22:55:30,0,,,,,0.58,1.07,0.93,,unavailable,0,none,unavailable,unavailable,unavailable,calm
2026-09-09T15:55:40Z,2026-09-09 23:55:40,2026-09-10 00:00,2026-09-09 16:00Z,2026-09-09 23:55:30,1,26,25.61,26,25.61,0.0,1.07,0.93,111.7,stable,1,low,1.66,0.0,-0.05,calm
2026-09-09T16:55:40Z,2026-09-10 00:55:40,2026-09-10 01:00,2026-09-09 17:00Z,2026-09-10 00:55:30,1,26,26.19,25,25.36,0.83,1.39,1.39,51.6,stable,0,none,1.43,0.0,-0.04,calm
2026-09-09T17:55:40Z,2026-09-10 01:55:40,2026-09-10 02:00,2026-09-09 18:00Z,2026-09-10 01:55:30,1,26,26.37,25,25.42,0.95,1.64,1.53,51.2,stable,0,none,1.38,0.0,0.06,calm
2026-09-09T18:55:40Z,2026-09-10 02:55:40,2026-09-10 03:00,2026-09-09 19:00Z,2026-09-10 02:55:30,1,26,25.8,25,25.43,0.37,0.58,1.01,21.1,stable,0,none,1.37,0.0,0.0,calm
2026-09-09T19:55:40Z,2026-09-10 03:55:40,2026-09-10 04:00,2026-09-09 20:00Z,2026-09-10 03:55:30,1,26,25.69,25,25.34,0.35,0.57,0.77,51.1,stable,1,low,1.53,0.0,0.0,calm
2026-09-09T20:55:40Z,2026-09-10 04:55:40,2026-09-10 05:00,2026-09-09 21:00Z,2026-09-10 04:55:30,1,25,24.6,24,24.2,0.4,0.66,0.71,51.1,stable,2,low,1.37,0.0,-0.07,calm
2026-09-09T21:55:40Z,2026-09-10 05:55:40,2026-09-10 06:00,2026-09-09 22:00Z,2026-09-10 05:55:30,0,,,,,0.43,0.8,0.53,,unavailable,1,low,unavailable,unavailable,unavailable,calm
2026-09-09T22:55:40Z,2026-09-10 06:55:40,2026-09-10 07:00,2026-09-09 23:00Z,2026-09-10 06:55:30,1,25,24.66,24,24.43,0.23,0.8,0.53,81.0,stable,1,low,0.83,0.0,0.03,calm
2026-09-09T23:55:40Z,2026-09-10 07:55:40,2026-09-10 08:00,2026-09-10 00:00Z,2026-09-10 07:55:30,1,25,25.38,25,25.04,0.34,0.57,0.55,51.0,stable,0,none,0.5,0.0,0.15,crosswind
2026-09-10T00:55:40Z,2026-09-10 08:55:40,2026-09-10 09:00,2026-09-10 01:00Z,2026-09-10 08:55:30,1,28,27.57,27,26.63,0.94,0.96,0.78,53.9,heating,0,none,1.12,0.14,0.46,crosswind
2026-09-10T01:55:40Z,2026-09-10 09:55:40,2026-09-10 10:00,2026-09-10 02:00Z,2026-09-10 09:55:30,1,29,28.79,28,28.49,0.3,0.37,0.2,53.6,cooling,1,low,1.36,-0.24,-0.26,crosswind
2026-09-10T02:55:40Z,2026-09-10 10:55:40,2026-09-10 11:00,2026-09-10 03:00Z,2026-09-10 10:55:30,1,29,28.77,28,28.47,0.3,0.51,0.37,53.9,stable,1,low,2.47,0.04,0.23,crosswind
2026-09-10T03:55:40Z,2026-09-10 11:55:40,2026-09-10 12:00,2026-09-10 04:00Z,2026-09-10 11:55:30,1,30,30.04,30,30.47,-0.43,-0.47,-0.09,53.4,outflow,5,high,2.98,-0.27,-0.01,crosswind
2026-09-10T04:55:40Z,2026-09-10 12:55:40,2026-09-10 13:00,2026-09-10 05:00Z,2026-09-10 12:55:30,1,27,27.07,28,27.52,-0.45,-0.47,-0.3,52.4,convective,3,moderate,0.47,-0.27,-0.43,calm
2026-09-10T05:55:40Z,2026-09-10 13:55:40,2026-09-10 14:00,2026-09-10 06:00Z,2026-09-10 13:55:30,1,30,29.54,29,29.09,0.45,0.48,0.13,50.7,convective,4,moderate,0.56,-0.28,-0.68,crosswind
2026-09-10T06:55:40Z,2026-09-10 14:55:40,2026-09-10 15:00,2026-09-10 07:00Z,2026-09-10 14:55:30,1,27,26.91,28,27.86,-0.95,-1.09,-0.54,52.7,outflow,8,extreme,2.94,-0.73,-1.23,crosswind
2026-09-10T07:55:40Z,2026-09-10 15:55:40,2026-09-10 16:00,2026-09-10 08:00Z,2026-09-10 15:55:30,1,27,26.96,27,27.47,-0.51,-0.86,-0.72,52.9,stable,1,low,2.16,0.01,0.28,calm
2026-09-10T08:55:40Z,2026-09-10 16:55:40,2026-09-10 17:00,2026-09-10 09:00Z,2026-09-10 16:55:30,1,29,28.8,28,27.94,0.86,1.53,0.52,53.3,stable,0,none,1.43,0.0,-0.04,crosswind
2026-09-10T09:55:40Z,2026-09-10 17:55:40,2026-09-10 18:00,2026-09-10 10:00Z,2026-09-10 17:55:30,1,28,28.09,27,27.47,0.62,1.06,0.82,53.3,stable,0,none,1.35,0.0,-0.06,crosswind
2026-09-10T10:55:40Z,2026-09-10 18:55:40,2026-09-10 19:00,2026-09-10 11:00Z,2026-09-10 18:55:30,1,27,27.09,27,26.76,0.33,0.53,0.66,23.3,stable,0,none,1.27,0.0,-0.13,crosswind
2026-09-10T11:55:40Z,2026-09-10 19:55:40,2026-09-10 20:00,2026-09-10 12:00Z,2026-09-10 19:55:30,0,,,,,0.14,0.24,0.43,,unavailable,0,none,unavailable,unavailable,unavailable,crosswind
2026-09-10T12:55:40Z,2026-09-10 20:55:40,2026-09-10 21:00,2026-09-10 13:00Z,2026-09-10 20:55:30,0,,,,,0.0,0.24,0.43,,unavailable,0,none,unavailable,unavailable,unavailable,calm
2026-09-10T13:55:40Z,2026-09-10 21:55:40,2026-09-10 22:00,2026-09-10 14:00Z,2026-09-10 21:55:30,1,26,25.65,26,25.65,0.0,0.24,0.43,173.3,stable,0,none,1.25,0.0,-0.02,calm
2026-09-10T14:55:40Z,2026-09-10 22:55:40,2026-09-10 23:00,2026-09-10 15:00Z,2026-09-10 22:55:30,1,27,26.55,26,25.74,0.81,1.35,1.35,23.2,stable,0,none,1.26,0.0,0.04,calm
2026-09-10T15:55:40Z,2026-09-10 23:55:40,2026-09-11 00:00,2026-09-10 16:00Z,2026-09-10 23:55:30,1,27,26.54,26,25.78,0.76,1.26,1.3,23.2,stable,0,none,1.47,0.0,0.02,calm
2026-09-10T16:55:40Z,2026-09-11 00:55:40,2026-09-11 01:00,2026-09-10 17:00Z,2026-09-11 00:55:30,1,26,26.34,26,25.61,0.73,1.22,1.26,23.2,stable,0,none,1.35,0.0,-0.01,calm
2026-09-10T17:55:40Z,2026-09-11 01:55:40,2026-09-11 02:00,2026-09-10 18:00Z,2026-09-11 01:55:30,1,26,26.34,26,25.51,0.83,1.39,1.33,53.1,stable,1,low,1.5,0.0,-0.07,calm
2026-09-10T18:55:40Z,2026-09-11 02:55:40,2026-09-11 03:00,2026-09-10 19:00Z,2026-09-11 02:55:30,1,26,26.46,26,25.57,0.89,1.49,1.42,23.1,stable,0,none,1.3,0.0,-0.01,crosswind
2026-09-10T19:55:40Z,2026-09-11 03:55:40,2026-09-11 04:00,2026-09-10 20:00Z,2026-09-11 03:55:30,1,25,25.13,25,24.84,0.29,0.43,0.88,23.1,stable,0,none,1.02,0.0,-0.07,crosswind
2026-09-10T20:55:40Z,2026-09-11 04:55:40,2026-09-11 05:00,2026-09-10 21:00Z,2026-09-11 04:55:30,1,25,24.79,25,24.7,0.09,0.16,0.48,23.1,stable,0,none,0.8,0.0,0.0,calm
2026-09-10T21:55:40Z,2026-09-11 05:55:40,2026-09-11 06:00,2026-09-10 22:00Z,2026-09-11 05:55:30,1,25,24.79,25,24.65,0.14,0.3,0.38,23.0,stable,0,none,0.87,0.0,0.0,calm
2026-09-10T22:55:40Z,2026-09-11 06:55:40,2026-09-11 07:00,2026-09-10 23:00Z,2026-09-11 06:55:30,1,26,25.9,25,25.12,0.78,1.35,0.91,23.0,stable,0,none,0.68,0.0,0.17,calm
2026-09-10T23:55:40Z,2026-09-11 07:55:40,2026-09-11 08:00,2026-09-11 00:00Z,2026-09-11 07:55:30,1,28,27.62,27,26.67,0.95,1.88,1.44,23.0,heating,0,none,0.83,0.0,0.49,crosswind
2026-09-11T00:55:40Z,2026-09-11 08:55:40,2026-09-11 09:00,2026-09-11 01:00Z,2026-09-11 08:55:30,1,29,29.33,29,28.53,0.8,1.33,1.38,51.1,stable,1,low,0.77,-0.06,0.22,calm
2026-09-11T01:55:40Z,2026-09-11 09:55:40,2026-09-11 10:00,2026-09-11 02:00Z,2026-09-11 09:55:30,1,31,30.86,30,30.35,0.51,0.47,0.88,50.4,heating,0,none,1.3,0.15,0.62,calm
2026-09-11T02:55:40Z,2026-09-11 10:55:40,2026-09-11 11:00,2026-09-11 03:00Z,2026-09-11 10:55:30,1,31,30.71,31,31.0,-0.29,-0.35,0.2,53.9,heating,0,none,1.13,0.27,0.33,calm
2026-09-11T03:55:40Z,2026-09-11 11:55:40,2026-09-11 12:00,2026-09-11 04:00Z,2026-09-11 11:55:30,1,29,29.35,30,30.3,-0.95,-1.0,-0.46,52.7,convective,3,moderate,1.22,-0.28,-0.31,crosswind
2026-09-11T04:55:40Z,2026-09-11 12:55:40,2026-09-11 13:00,2026-09-11 05:00Z,2026-09-11 12:55:30,1,29,29.16,29,29.3,-0.14,-0.3,-0.37,50.7,stable,0,none,0.03,0.0,-0.24,crosswind
2026-09-11T05:55:40Z,2026-09-11 13:55:40,2026-09-11 14:00,2026-09-11 06:00Z,2026-09-11 13:55:30,1,30,29.98,30,29.69,0.29,0.7,0.22,51.9,stable,0,none,0.69,0.0,0.06,crosswind
2026-09-11T06:55:40Z,2026-09-11 14:55:40,2026-09-11 15:00,2026-09-11 07:00Z,2026-09-11 14:55:30,1,30,29.94,30,29.8,0.14,0.31,0.27,52.6,stable,0,none,0.54,0.01,-0.05,crosswind
2026-09-11T07:55:40Z,2026-09-11 15:55:40,2026-09-11 16:00,2026-09-11 08:00Z,2026-09-11 15:55:30,1,29,29.03,29,28.94,0.09,0.2,0.23,52.7,stable,0,none,0.39,-0.05,-0.15,crosswind
2026-09-11T08:55:40Z,2026-09-11 16:55:40,2026-09-11 17:00,2026-09-11 09:00Z,2026-09-11 16:55:30,1,29,28.62,29,28.59,0.03,0.06,0.14,52.6,stable,0,none,0.71,0.0,-0.12,crosswind
2026-09-11T09:55:40Z,2026-09-11 17:55:40,2026-09-11 18:00,2026-09-11 10:00Z,2026-09-11 17:55:30,1,28,27.5,28,27.75,-0.25,-0.59,-0.26,52.5,stable,0,none,1.06,0.0,-0.15,calm
2026-09-11T10:55:40Z,2026-09-11 18:55:40,2026-09-11 19:00,2026-09-11 11:00Z,2026-09-11 18:55:30,1,27,27.26,27,27.16,0.1,0.25,0.02,22.5,stable,0,none,1.46,0.0,-0.05,calm
2026-09-11T11:55:40Z,2026-09-11 19:55:40,2026-09-11 20:00,2026-09-11 12:00Z,2026-09-11 19:55:30,1,28,27.5,27,27.02,0.48,0.84,0.47,22.5,stable,1,low,1.6,0.0,-0.03,calm
2026-09-11T12:55:40Z,2026-09-11 20:55:40,2026-09-11 21:00,2026-09-11 13:00Z,2026-09-11 20:55:30,0,,,,,0.53,0.98,0.75,,unavailable,0,none,unavailable,unavailable,unavailable,calm
2026-09-11T13:55:40Z,2026-09-11 21:55:40,2026-09-11 22:00,2026-09-11 14:00Z,2026-09-11 21:55:30,0,,,,,0.26,0.98,0.75,,unavailable,0,none,unavailable,unavailable,unavailable,calm
2026-09-11T14:55:40Z,2026-09-11 22:55:40,2026-09-11 23:00,2026-09-11 15:00Z,2026-09-11 22:55:30,1,27,26.66,27,26.66,0.0,0.98,0.75,142.3,stable,1,low,1.87,0.0,0.03,calm
2026-09-11T15:55:40Z,2026-09-11 23:55:40,2026-09-12 00:00,2026-09-11 16:00Z,2026-09-11 23:55:30,1,27,27.24,26,26.44,0.8,1.34,1.34,52.3,stable,1,low,1.9,0.0,-0.04,calm
2026-09-11T16:55:40Z,2026-09-12 00:55:40,2026-09-12 01:00,2026-09-11 17:00Z,2026-09-12 00:55:30,1,27,27.22,26,26.29,0.93,1.56,1.46,52.3,stable,1,low,1.98,0.0,-0.04,calm
2026-09-11T17:55:40Z,2026-09-12 01:55:40,2026-09-12 02:00,2026-09-11 18:00Z,2026-09-12 01:55:30,1,27,26.99,26,26.04,0.95,1.71,1.6,52.3,stable,1,low,1.81,0.0,-0.05,calm
2026-09-11T18:55:40Z,2026-09-12 02:55:40,2026-09-12 03:00,2026-09-11 19:00Z,2026-09-12 02:55:30,1,26,26.44,26,25.85,0.59,0.96,1.25,52.3,stable,1,low,1.68,0.0,0.04,calm
2026-09-11T19:55:40Z,2026-09-12 03:55:40,2026-09-12 04:00,2026-09-11 20:00Z,2026-09-12 03:55:30,1,26,26.44,26,25.75,0.69,1.15,1.19,22.2,stable,1,low,1.77,0.0,0.0,calm
2026-09-11T20:55:40Z,2026-09-12 04:55:40,2026-09-12 05:00,2026-09-11 21:00Z,2026-09-12 04:55:30,1,26,26.36,26,25.61,0.75,1.25,1.22,52.2,stable,1,low,1.77,0.0,-0.03,calm
2026-09-11T21:55:40Z,2026-09-12 05:55:40,2026-09-12 06:00,2026-09-11 22:00Z,2026-09-12 05:55:30,1,26,25.75,26,25.56,0.19,0.39,0.76,22.2,stable,1,low,1.67,0.0,-0.04,calm
2026-09-11T22:55:40Z,2026-09-12 06:55:40,2026-09-12 07:00,2026-09-11 23:00Z,2026-09-12 06:55:30,1,27,26.69,26,25.84,0.85,1.44,1.13,52.2,stable,0,none,1.33,0.0,0.1,calm
2026-09-11T23:55:40Z,2026-09-12 07:55:40,2026-09-12 08:00,2026-09-12 00:00Z,2026-09-12 07:55:30,1,27,27.32,27,26.62,0.7,1.16,1.15,52.2,stable,0,none,0.57,0.0,0.22,crosswind
2026-09-12T00:55:40Z,2026-09-12 08:55:40,2026-09-12 09:00,2026-09-12 01:00Z,2026-09-12 08:55:30,1,29,28.8,28,27.98,0.82,1.38,1.28,51.5,stable,0,none,0.6,0.16,0.32,crosswind
2026-09-12T01:55:40Z,2026-09-12 09:55:40,2026-09-12 10:00,2026-09-12 02:00Z,2026-09-12 09:55:30,1,29,28.79,29,28.76,0.03,0.02,0.59,51.0,stable,2,low,1.63,-0.06,0.06,calm
2026-09-12T02:55:40Z,2026-09-12 10:55:40,2026-09-12 11:00,2026-09-12 03:00Z,2026-09-12 10:55:30,1,30,30.12,30,30.0,0.12,0.24,0.4,49.9,stable,1,low,0.73,-0.01,0.35,crosswind
2026-09-12T03:55:40Z,2026-09-12 11:55:40,2026-09-12 12:00,2026-09-12 04:00Z,2026-09-12 11:55:30,1,30,30.1,30,30.09,0.01,0.0,0.18,50.8,stable,0,none,1.44,-0.07,-0.28,calm
2026-09-12T04:55:40Z,2026-09-12 12:55:40,2026-09-12 13:00,2026-09-12 05:00Z,2026-09-12 12:55:30,1,30,29.87,30,29.91,-0.04,-0.09,-0.04,13.9,stable,0,none,0.9,0.05,0.06,crosswind
2026-09-12T05:55:40Z,2026-09-12 13:55:40,2026-09-12 14:00,2026-09-12 06:00Z,2026-09-12 13:55:30,1,31,30.97,31,30.92,0.05,0.09,0.03,47.8,stable,1,low,1.53,0.19,-0.09,crosswind
2026-09-12T06:55:40Z,2026-09-12 14:55:40,2026-09-12 15:00,2026-09-12 07:00Z,2026-09-12 14:55:30,1,31,30.74,31,30.66,0.08,0.08,0.06,51.4,outflow,5,high,1.1,-0.26,-0.58,crosswind
2026-09-12T07:55:40Z,2026-09-12 15:55:40,2026-09-12 16:00,2026-09-12 08:00Z,2026-09-12 15:55:30,1,29,28.86,29,29.24,-0.38,-0.66,-0.34,53.9,stable,0,none,0.75,-0.08,-0.28,calm
2026-09-12T08:55:40Z,2026-09-12 16:55:40,2026-09-12 17:00,2026-09-12 09:00Z,2026-09-12 16:55:30,1,29,28.56,29,28.67,-0.11,-0.24,-0.28,51.5,stable,0,none,0.7,0.0,-0.03,crosswind
2026-09-12T09:55:40Z,2026-09-12 17:55:40,2026-09-12 18:00,2026-09-12 10:00Z,2026-09-12 17:55:30,1,29,28.54,28,28.4,0.14,0.33,0.06,51.5,stable,0,none,0.82,0.0,-0.03,crosswind
2026-09-12T10:55:40Z,2026-09-12 18:55:40,2026-09-12 19:00,2026-09-12 11:00Z,2026-09-12 18:55:30,1,28,28.25,28,27.9,0.35,0.6,0.36,51.4,stable,0,none,1.38,0.0,-0.09,calm
2026-09-12T11:55:40Z,2026-09-12 19:55:40,2026-09-12 20:00,2026-09-12 12:00Z,2026-09-12 19:55:30,1,28,28.34,28,27.7,0.64,1.1,0.77,51.1,stable,0,none,1.32,0.0,-0.19,calm
2026-09-12T12:55:40Z,2026-09-12 20:55:40,2026-09-12 21:00,2026-09-12 13:00Z,2026-09-12 20:55:30,1,28,27.67,27,26.9,0.77,1.3,1.06,51.1,stable,0,none,1.38,0.0,-0.07,calm
2026-09-12T13:55:40Z,2026-09-12 21:55:40,2026-09-12 22:00,2026-09-12 14:00Z,2026-09-12 21:55:30,1,27,27.35,27,26.69,0.66,1.1,1.08,51.1,stable,0,none,1.05,0.0,-0.11,calm
2026-09-12T14:55:40Z,2026-09-12 22:55:40,2026-09-12 23:00,2026-09-12 15:00Z,2026-09-12 22:55:30,1,27,27.43,27,26.65,0.78,1.31,1.21,21.0,stable,0,none,1.47,0.0,0.01,calm
2026-09-12T15:55:40Z,2026-09-12 23:55:40,2026-09-13 00:00,2026-09-12 16:00Z,2026-09-12 23:55:30,1,27,27.25,27,26.86,0.39,1.31,1.21,81.0,stable,0,none,1.02,0.0,0.09,calm
2026-09-12T16:55:40Z,2026-09-13 00:55:40,2026-09-13 01:00,2026-09-12 17:00Z,2026-09-13 00:55:30,1,28,27.6,27,26.92,0.68,1.14,1.14,35.8,stable,0,none,0.87,0.0,-0.04,calm
2026-09-12T17:55:40Z,2026-09-13 01:55:40,2026-09-13 02:00,2026-09-12 18:00Z,2026-09-13 01:55:30,1,27,27.38,27,26.73,0.65,1.08,1.11,35.8,stable,1,low,0.81,0.0,-0.03,crosswind
2026-09-12T18:55:40Z,2026-09-13 02:55:40,2026-09-13 03:00,2026-09-12 19:00Z,2026-09-13 02:55:30,1,27,27.08,26,26.32,0.76,1.27,1.2,35.8,stable,0,none,1.02,0.0,-0.08,calm
2026-09-12T19:55:40Z,2026-09-13 03:55:40,2026-09-13 04:00,2026-09-12 20:00Z,2026-09-13 03:55:30,1,27,26.58,26,26.16,0.42,0.68,0.91,35.7,stable,0,none,0.8,0.0,-0.04,crosswind
2026-09-12T20:55:40Z,2026-09-13 04:55:40,2026-09-13 05:00,2026-09-12 21:00Z,2026-09-13 04:55:30,1,27,26.64,26,26.13,0.51,0.84,0.87,35.7,stable,0,none,0.64,0.0,0.0,crosswind
2026-09-12T21:55:40Z,2026-09-13 05:55:40,2026-09-13 06:00,2026-09-12 22:00Z,2026-09-13 05:55:30,1,26,26.4,26,25.88,0.52,0.87,0.87,35.7,stable,0,none,0.92,0.0,-0.04,crosswind
2026-09-12T22:55:40Z,2026-09-13 06:55:40,2026-09-13 07:00,2026-09-12 23:00Z,2026-09-13 06:55:30,1,27,27.22,27,26.55,0.67,1.12,1.01,35.7,stable,0,none,0.67,0.0,0.27,crosswind
2026-09-12T23:55:40Z,2026-09-13 07:55:40,2026-09-13 08:00,2026-09-13 00:00Z,2026-09-13 07:55:30,1,29,29.12,28,28.26,0.86,1.45,1.25,35.7,stable,1,low,1.53,0.0,0.34,crosswind
2026-09-13T00:55:40Z,2026-09-13 08:55:40,2026-09-13 09:00,2026-09-13 01:00Z,2026-09-13 08:55:30,1,31,31.19,30,30.43,0.76,0.74,0.97,51.3,heating,1,low,1.13,0.02,0.52,downstream
2026-09-13T01:55:40Z,2026-09-13 09:55:40,2026-09-13 10:00,2026-09-13 02:00Z,2026-09-13 09:55:30,1,31,31.45,31,31.1,0.35,0.57,0.75,22.6,stable,2,low,1.8,0.13,0.12,downstream
2026-09-13T02:55:40Z,2026-09-13 10:55:40,2026-09-13 11:00,2026-09-13 03:00Z,2026-09-13 10:55:30,1,32,31.64,32,31.67,-0.03,-0.1,0.28,49.7,stable,2,low,1.43,-0.06,0.29,downstream
2026-09-13T03:55:40Z,2026-09-13 11:55:40,2026-09-13 12:00,2026-09-13 04:00Z,2026-09-13 11:55:30,1,33,32.61,32,32.28,0.33,0.33,0.31,49.5,convective,3,moderate,2.93,0.04,-0.02,downstream
2026-09-13T04:55:40Z,2026-09-13 12:55:40,2026-09-13 13:00,2026-09-13 05:00Z,2026-09-13 12:55:30,1,31,30.89,31,31.14,-0.25,-0.28,-0.01,48.5,convective,3,moderate,1.17,-0.11,-0.56,crosswind
2026-09-13T05:55:40Z,2026-09-13 13:55:40,2026-09-13 14:00,2026-09-13 06:00Z,2026-09-13 13:55:30,1,30,30.0,30,30.06,-0.06,-0.14,-0.08,49.8,stable,0,none,1.1,0.04,-0.18,crosswind
2026-09-13T06:55:40Z,2026-09-13 14:55:40,2026-09-13 15:00,2026-09-13 07:00Z,2026-09-13 14:55:30,1,31,31.17,31,31.2,-0.03,-0.06,-0.07,49.9,stable,0,none,0.86,0.03,-0.03,crosswind
2026-09-13T07:55:40Z,2026-09-13 15:55:40,2026-09-13 16:00,2026-09-13 08:00Z,2026-09-13 15:55:30,1,31,31.12,31,31.28,-0.16,-0.2,-0.14,53.1,cooling,1,low,0.97,-0.07,-0.49,crosswind
2026-09-13T08:55:40Z,2026-09-13 16:55:40,2026-09-13 17:00,2026-09-13 09:00Z,2026-09-13 16:55:30,1,27,27.49,28,28.44,-0.95,-1.28,-0.77,51.0,convective,3,moderate,2.48,0.0,-0.9,crosswind
2026-09-13T09:55:40Z,2026-09-13 17:55:40,2026-09-13 18:00,2026-09-13 10:00Z,2026-09-13 17:55:30,1,25,25.39,26,25.66,-0.27,-0.44,-0.59,21.0,stable,1,low,1.22,0.0,0.14,calm
2026-09-13T10:55:40Z,2026-09-13 18:55:40,2026-09-13 19:00,2026-09-13 11:00Z,2026-09-13 18:55:30,1,27,26.65,26,25.9,0.75,1.34,0.47,21.0,stable,0,none,1.37,0.0,0.01,calm
2026-09-13T11:55:40Z,2026-09-13 19:55:40,2026-09-13 20:00,2026-09-13 12:00Z,2026-09-13 19:55:30,1,27,27.06,26,26.11,0.95,2.0,1.31,51.0,stable,1,low,0.9,0.0,0.0,calm
2026-09-13T12:55:40Z,2026-09-13 20:55:40,2026-09-13 21:00,2026-09-13 13:00Z,2026-09-13 20:55:30,1,27,26.61,26,25.66,0.95,1.89,1.63,21.0,stable,1,low,1.57,0.0,0.05,crosswind
2026-09-13T13:55:40Z,2026-09-13 21:55:40,2026-09-13 22:00,2026-09-13 14:00Z,2026-09-13 21:55:30,1,27,26.56,26,25.75,0.81,1.34,1.47,21.0,stable,0,none,1.16,0.0,0.01,calm
2026-09-13T14:55:40Z,2026-09-13 22:55:40,2026-09-13 23:00,2026-09-13 15:00Z,2026-09-13 22:55:30,1,27,26.76,26,26.0,0.76,1.25,1.35,20.9,stable,0,none,1.37,0.0,0.0,calm
2026-09-13T15:55:40Z,2026-09-13 23:55:40,2026-09-14 00:00,2026-09-13 16:00Z,2026-09-13 23:55:30,1,27,26.62,26,26.01,0.61,1.0,1.16,50.9,stable,0,none,1.47,0.0,-0.0,crosswind
2026-09-13T16:55:40Z,2026-09-14 00:55:40,2026-09-14 01:00,2026-09-13 17:00Z,2026-09-14 00:55:30,1,27,26.94,26,25.99,0.95,1.99,1.82,20.8,stable,0,none,1.44,0.0,-0.04,crosswind
2026-09-13T17:55:40Z,2026-09-14 01:55:40,2026-09-14 02:00,2026-09-13 18:00Z,2026-09-14 01:55:30,1,27,26.51,26,25.88,0.63,1.01,1.37,50.9,stable,0,none,1.43,0.0,0.01,calm
2026-09-13T18:55:40Z,2026-09-14 02:55:40,2026-09-14 03:00,2026-09-13 19:00Z,2026-09-14 02:55:30,1,26,26.33,26,25.65,0.68,1.12,1.23,50.7,stable,1,low,1.56,0.0,-0.03,calm
2026-09-13T19:55:40Z,2026-09-14 03:55:40,2026-09-14 04:00,2026-09-13 20:00Z,2026-09-14 03:55:30,1,26,26.49,26,25.68,0.81,1.35,1.3,20.7,stable,0,none,1.46,0.0,0.0,calm
2026-09-13T20:55:40Z,2026-09-14 04:55:40,2026-09-14 05:00,2026-09-13 21:00Z,2026-09-14 04:55:30,1,26,26.42,26,25.63,0.79,1.32,1.31,50.7,stable,1,low,1.51,0.0,0.03,calm
2026-09-13T21:55:40Z,2026-09-14 05:55:40,2026-09-14 06:00,2026-09-13 22:00Z,2026-09-14 05:55:30,1,26,26.29,25,25.47,0.82,1.37,1.34,20.7,stable,1,low,1.7,0.0,0.01,calm
2026-09-13T22:55:40Z,2026-09-14 06:55:40,2026-09-14 07:00,2026-09-13 23:00Z,2026-09-14 06:55:30,1,27,26.75,26,26.41,0.34,0.53,0.89,50.7,stable,1,low,2.67,0.0,0.23,calm
2026-09-13T23:55:40Z,2026-09-14 07:55:40,2026-09-14 08:00,2026-09-14 00:00Z,2026-09-14 07:55:30,1,28,28.03,28,27.67,0.36,0.59,0.72,50.7,stable,1,low,2.34,0.0,0.36,calm
2026-09-14T00:55:40Z,2026-09-14 08:55:40,2026-09-14 09:00,2026-09-14 01:00Z,2026-09-14 08:55:30,1,31,31.0,30,30.05,0.95,1.33,1.06,49.4,heating,1,low,2.3,0.2,0.24,crosswind
2026-09-14T01:55:40Z,2026-09-14 09:55:40,2026-09-14 10:00,2026-09-14 02:00Z,2026-09-14 09:55:30,1,31,31.17,31,31.17,0.0,-0.05,0.45,51.3,heating,1,low,0.58,-0.02,0.51,crosswind
2026-09-14T02:55:40Z,2026-09-14 10:55:40,2026-09-14 11:00,2026-09-14 03:00Z,2026-09-14 10:55:30,1,31,30.78,31,31.44,-0.66,-1.17,-0.44,49.0,stable,0,none,1.23,0.01,0.39,crosswind
2026-09-14T03:55:40Z,2026-09-14 11:55:40,2026-09-14 12:00,2026-09-14 04:00Z,2026-09-14 11:55:30,1,31,31.25,32,31.51,-0.26,-0.44,-0.44,51.9,stable,1,low,0.6,-0.12,-0.12,crosswind
2026-09-14T04:55:40Z,2026-09-14 12:55:40,2026-09-14 13:00,2026-09-14 05:00Z,2026-09-14 12:55:30,1,32,31.7,32,32.21,-0.51,-0.51,-0.48,49.5,convective,3,moderate,0.43,-0.17,-0.09,crosswind
2026-09-14T05:55:40Z,2026-09-14 13:55:40,2026-09-14 14:00,2026-09-14 06:00Z,2026-09-14 13:55:30,1,33,32.66,33,32.76,-0.1,-0.21,-0.33,52.8,stable,2,low,0.53,0.01,0.36,crosswind
2026-09-14T06:55:40Z,2026-09-14 14:55:40,2026-09-14 15:00,2026-09-14 07:00Z,2026-09-14 14:55:30,1,31,31.11,32,31.85,-0.74,-0.76,-0.57,51.4,convective,3,moderate,1.73,-0.46,-0.69,crosswind
2026-09-14T07:55:40Z,2026-09-14 15:55:40,2026-09-14 16:00,2026-09-14 08:00Z,2026-09-14 15:55:30,1,34,33.63,34,33.51,0.12,0.15,-0.17,51.0,heating,1,low,1.86,0.21,-0.21,crosswind
2026-09-14T08:55:40Z,2026-09-14 16:55:40,2026-09-14 17:00,2026-09-14 09:00Z,2026-09-14 16:55:30,1,29,29.49,30,30.44,-0.95,-1.51,-0.91,48.8,convective,3,moderate,2.27,0.0,-0.76,crosswind
2026-09-14T09:55:40Z,2026-09-14 17:55:40,2026-09-14 18:00,2026-09-14 10:00Z,2026-09-14 17:55:30,1,30,29.87,30,30.15,-0.28,-0.44,-0.65,18.8,stable,2,low,2.03,0.0,0.05,calm
2026-09-14T10:55:40Z,2026-09-14 18:55:40,2026-09-14 19:00,2026-09-14 11:00Z,2026-09-14 18:55:30,1,29,29.36,29,29.01,0.35,0.85,0.18,48.8,stable,1,low,2.94,0.0,-0.16,crosswind
2026-09-14T11:55:40Z,2026-09-14 19:55:40,2026-09-14 20:00,2026-09-14 12:00Z,2026-09-14 19:55:30,0,,,,,0.95,1.99,1.18,,unavailable,0,none,unavailable,unavailable,unavailable,crosswind
2026-09-14T12:55:40Z,2026-09-14 20:55:40,2026-09-14 21:00,2026-09-14 13:00Z,2026-09-14 20:55:30,1,29,28.51,29,28.51,0.0,1.99,1.18,108.8,stable,1,low,2.01,0.0,-0.0,calm
2026-09-14T13:55:40Z,2026-09-14 21:55:40,2026-09-14 22:00,2026-09-14 14:00Z,2026-09-14 21:55:30,1,28,28.29,28,28.0,0.29,0.49,0.49,48.7,stable,1,low,2.77,0.0,0.0,crosswind
2026-09-14T14:55:40Z,2026-09-14 22:55:40,2026-09-14 23:00,2026-09-14 15:00Z,2026-09-14 22:55:30,1,29,28.55,28,27.96,0.59,1.0,0.77,48.7,stable,1,low,2.22,0.0,-0.01,crosswind
2026-09-14T15:55:40Z,2026-09-14 23:55:40,2026-09-15 00:00,2026-09-14 16:00Z,2026-09-14 23:55:30,1,28,28.36,28,27.74,0.62,1.04,0.92,48.3,stable,1,low,2.1,0.0,-0.08,crosswind
2026-09-14T16:55:40Z,2026-09-15 00:55:40,2026-09-15 01:00,2026-09-14 17:00Z,2026-09-15 00:55:30,1,28,28.18,27,27.43,0.75,1.26,1.11,48.7,stable,1,low,2.63,0.0,-0.01,calm
2026-09-14T17:55:40Z,2026-09-15 01:55:40,2026-09-15 02:00,2026-09-14 18:00Z,2026-09-15 01:55:30,1,27,27.44,27,27.08,0.36,0.57,0.81,29.6,stable,1,low,2.74,0.0,-0.01,calm
2026-09-14T18:55:40Z,2026-09-15 02:55:40,2026-09-15 03:00,2026-09-14 19:00Z,2026-09-15 02:55:30,1,27,27.34,27,26.79,0.55,0.92,0.87,29.6,stable,1,low,2.14,0.0,-0.11,calm
2026-09-14T19:55:40Z,2026-09-15 03:55:40,2026-09-15 04:00,2026-09-14 20:00Z,2026-09-15 03:55:30,1,27,27.15,26,26.43,0.72,1.21,1.06,29.6,stable,1,low,2.31,0.0,-0.06,calm
2026-09-14T20:55:40Z,2026-09-15 04:55:40,2026-09-15 05:00,2026-09-14 21:00Z,2026-09-15 04:55:30,1,27,27.19,26,26.26,0.93,1.57,1.34,29.5,stable,1,low,2.18,0.0,0.0,calm
2026-09-14T21:55:40Z,2026-09-15 05:55:40,2026-09-15 06:00,2026-09-14 22:00Z,2026-09-15 05:55:30,1,27,27.34,26,26.39,0.95,1.74,1.56,29.5,stable,1,low,2.25,0.0,-0.07,calm
2026-09-14T22:55:40Z,2026-09-15 06:55:40,2026-09-15 07:00,2026-09-14 23:00Z,2026-09-15 06:55:30,1,28,28.28,27,27.33,0.95,1.61,1.59,29.4,stable,1,low,3.67,0.0,0.31,calm
2026-09-14T23:55:40Z,2026-09-15 07:55:40,2026-09-15 08:00,2026-09-15 00:00Z,2026-09-15 07:55:30,1,31,30.97,30,30.26,0.71,0.67,1.08,29.5,heating,0,none,1.15,0.0,0.59,crosswind
2026-09-15T00:55:40Z,2026-09-15 08:55:40,2026-09-15 09:00,2026-09-15 01:00Z,2026-09-15 08:55:30,1,30,30.46,31,30.55,-0.09,-0.26,0.34,51.6,stable,1,low,1.53,-0.08,0.02,crosswind
2026-09-15T01:55:40Z,2026-09-15 09:55:40,2026-09-15 10:00,2026-09-15 02:00Z,2026-09-15 09:55:30,1,31,31.09,31,31.4,-0.31,-0.55,-0.15,52.3,stable,1,low,2.43,0.14,-0.21,crosswind
2026-09-15T02:55:40Z,2026-09-15 10:55:40,2026-09-15 11:00,2026-09-15 03:00Z,2026-09-15 10:55:30,1,29,28.69,30,29.64,-0.95,-1.4,-0.84,50.6,convective,3,moderate,4.86,-0.06,-0.8,crosswind
2026-09-15T03:55:40Z,2026-09-15 11:55:40,2026-09-15 12:00,2026-09-15 04:00Z,2026-09-15 11:55:30,1,30,30.18,30,29.95,0.23,0.36,-0.18,49.7,stable,1,low,1.31,-0.14,-0.21,crosswind
2026-09-15T04:55:40Z,2026-09-15 12:55:40,2026-09-15 13:00,2026-09-15 05:00Z,2026-09-15 12:55:30,1,27,27.29,27,27.25,0.04,0.05,-0.05,50.8,outflow,6,high,2.91,-0.16,-1.09,downstream
2026-09-15T05:55:40Z,2026-09-15 13:55:40,2026-09-15 14:00,2026-09-15 06:00Z,2026-09-15 13:55:30,1,26,26.23,26,26.41,-0.18,-0.25,-0.12,20.0,stable,2,low,1.69,-0.12,-0.16,downstream
2026-09-15T06:55:40Z,2026-09-15 14:55:40,2026-09-15 15:00,2026-09-15 07:00Z,2026-09-15 14:55:30,1,27,26.52,26,26.27,0.25,0.59,0.27,50.3,stable,0,none,0.84,0.0,0.13,downstream
2026-09-15T07:55:40Z,2026-09-15 15:55:40,2026-09-15 16:00,2026-09-15 08:00Z,2026-09-15 15:55:30,1,27,27.47,27,27.04,0.43,0.73,0.52,49.4,stable,1,low,0.23,0.06,0.36,calm
2026-09-15T08:55:40Z,2026-09-15 16:55:40,2026-09-15 17:00,2026-09-15 09:00Z,2026-09-15 16:55:30,1,32,31.69,31,30.74,0.95,1.96,1.31,51.1,heating,1,low,3.23,0.0,0.42,calm
2026-09-15T09:55:40Z,2026-09-15 17:55:40,2026-09-15 18:00,2026-09-15 10:00Z,2026-09-15 17:55:30,1,29,29.06,29,28.92,0.14,0.26,0.73,51.1,stable,1,low,1.1,0.0,-0.28,downstream
2026-09-15T10:55:40Z,2026-09-15 18:55:40,2026-09-15 19:00,2026-09-15 11:00Z,2026-09-15 18:55:30,1,29,28.54,28,27.9,0.64,1.08,0.92,51.1,stable,1,low,2.02,0.0,-0.08,downstream
2026-09-15T11:55:40Z,2026-09-15 19:55:40,2026-09-15 20:00,2026-09-15 12:00Z,2026-09-15 19:55:30,1,28,28.16,28,27.5,0.66,1.1,1.02,51.0,stable,1,low,1.97,0.0,-0.06,downstream
2026-09-15T12:55:40Z,2026-09-15 20:55:40,2026-09-15 21:00,2026-09-15 13:00Z,2026-09-15 20:55:30,1,28,28.27,27,27.38,0.89,1.5,1.28,51.0,stable,1,low,2.05,0.0,0.0,calm
2026-09-15T13:55:40Z,2026-09-15 21:55:40,2026-09-15 22:00,2026-09-15 14:00Z,2026-09-15 21:55:30,1,28,27.58,27,27.19,0.39,0.62,0.92,51.0,stable,1,low,2.13,0.0,0.0,calm
2026-09-15T14:55:40Z,2026-09-15 22:55:40,2026-09-15 23:00,2026-09-15 15:00Z,2026-09-15 22:55:30,1,28,27.67,27,27.18,0.49,0.81,0.86,51.0,stable,1,low,2.14,0.0,-0.04,downstream
2026-09-15T15:55:40Z,2026-09-15 23:55:40,2026-09-16 00:00,2026-09-15 16:00Z,2026-09-15 23:55:30,1,27,27.32,27,26.83,0.49,0.82,0.84,51.0,stable,1,low,2.15,0.0,-0.0,calm
2026-09-15T16:55:40Z,2026-09-16 00:55:40,2026-09-16 01:00,2026-09-15 17:00Z,2026-09-16 00:55:30,1,27,26.66,27,26.57,0.09,0.17,0.47,51.0,stable,1,low,2.37,0.0,-0.06,calm
2026-09-15T17:55:40Z,2026-09-16 01:55:40,2026-09-16 02:00,2026-09-15 18:00Z,2026-09-16 01:55:30,1,26,26.4,26,26.14,0.26,0.43,0.45,51.0,stable,1,low,2.23,0.0,-0.12,calm
2026-09-15T18:55:40Z,2026-09-16 02:55:40,2026-09-16 03:00,2026-09-15 19:00Z,2026-09-16 02:55:30,1,26,26.47,26,25.96,0.51,0.86,0.78,21.0,stable,1,low,2.21,0.0,-0.03,calm
2026-09-15T19:55:40Z,2026-09-16 03:55:40,2026-09-16 04:00,2026-09-15 20:00Z,2026-09-16 03:55:30,1,26,26.42,26,25.8,0.62,1.04,0.92,21.0,stable,1,low,2.17,0.0,-0.03,calm
2026-09-15T20:55:40Z,2026-09-16 04:55:40,2026-09-16 05:00,2026-09-15 21:00Z,2026-09-16 04:55:30,1,27,26.6,26,25.89,0.71,1.2,1.07,20.9,stable,1,low,1.97,0.0,0.03,calm
2026-09-15T21:55:40Z,2026-09-16 05:55:40,2026-09-16 06:00,2026-09-15 22:00Z,2026-09-16 05:55:30,1,27,26.54,26,25.88,0.66,1.11,1.09,50.9,stable,1,low,1.84,0.0,-0.04,calm
2026-09-15T22:55:40Z,2026-09-16 06:55:40,2026-09-16 07:00,2026-09-15 23:00Z,2026-09-16 06:55:30,1,28,27.83,27,27.16,0.67,1.12,1.11,50.9,stable,1,low,3.27,0.0,0.34,downstream
2026-09-15T23:55:40Z,2026-09-16 07:55:40,2026-09-16 08:00,2026-09-16 00:00Z,2026-09-16 07:55:30,1,31,30.57,30,29.62,0.95,1.84,1.51,50.9,heating,0,none,0.74,0.0,0.55,calm
2026-09-16T00:55:40Z,2026-09-16 08:55:40,2026-09-16 09:00,2026-09-16 01:00Z,2026-09-16 08:55:30,1,30,30.15,30,29.96,0.19,0.38,0.89,53.3,stable,0,none,0.81,-0.01,0.03,calm
2026-09-16T01:55:40Z,2026-09-16 09:55:40,2026-09-16 10:00,2026-09-16 02:00Z,2026-09-16 09:55:30,1,30,30.1,30,30.49,-0.39,-0.96,-0.13,52.6,stable,1,low,3.43,0.0,0.17,downstream
2026-09-16T02:55:40Z,2026-09-16 10:55:40,2026-09-16 11:00,2026-09-16 03:00Z,2026-09-16 10:55:30,1,31,30.66,31,31.17,-0.51,-0.49,-0.67,48.6,convective,4,moderate,1.87,-0.17,-0.21,downstream
2026-09-16T03:55:40Z,2026-09-16 11:55:40,2026-09-16 12:00,2026-09-16 04:00Z,2026-09-16 11:55:30,1,33,32.67,32,31.91,0.76,0.83,0.15,53.7,heating,1,low,1.83,0.2,-0.21,downstream
2026-09-16T04:55:40Z,2026-09-16 12:55:40,2026-09-16 13:00,2026-09-16 05:00Z,2026-09-16 12:55:30,1,32,31.83,32,31.79,0.04,0.09,0.12,50.7,stable,2,low,1.97,0.08,-0.04,downstream
2026-09-16T05:55:40Z,2026-09-16 13:55:40,2026-09-16 14:00,2026-09-16 06:00Z,2026-09-16 13:55:30,1,29,28.94,29,29.39,-0.45,-0.79,-0.38,53.9,stable,1,low,2.83,0.02,-0.11,downstream
2026-09-16T06:55:40Z,2026-09-16 14:55:40,2026-09-16 15:00,2026-09-16 07:00Z,2026-09-16 14:55:30,1,31,30.82,30,29.91,0.91,1.61,0.71,51.2,stable,1,low,1.53,-0.06,-0.06,calm
2026-09-16T07:55:40Z,2026-09-16 15:55:40,2026-09-16 16:00,2026-09-16 08:00Z,2026-09-16 15:55:30,1,32,31.61,31,30.66,0.95,2.0,1.42,50.9,stable,0,none,0.51,0.03,0.03,downstream
2026-09-16T08:55:40Z,2026-09-16 16:55:40,2026-09-16 17:00,2026-09-16 09:00Z,2026-09-16 16:55:30,1,29,29.4,29,29.09,0.31,0.34,0.56,19.5,cooling,1,low,0.85,0.0,-0.64,downstream
2026-09-16T09:55:40Z,2026-09-16 17:55:40,2026-09-16 18:00,2026-09-16 10:00Z,2026-09-16 17:55:30,1,27,27.24,28,27.85,-0.61,-1.09,-0.35,19.5,stable,0,none,0.75,0.0,-0.13,downstream
2026-09-16T10:55:40Z,2026-09-16 18:55:40,2026-09-16 19:00,2026-09-16 11:00Z,2026-09-16 18:55:30,1,28,27.71,28,27.65,0.06,0.15,-0.08,49.4,stable,0,none,1.25,0.0,-0.02,calm
2026-09-16T11:55:40Z,2026-09-16 19:55:40,2026-09-16 20:00,2026-09-16 12:00Z,2026-09-16 19:55:30,1,29,28.74,28,27.97,0.77,1.35,0.71,49.4,stable,1,low,1.87,0.0,0.15,calm
2026-09-16T12:55:40Z,2026-09-16 20:55:40,2026-09-16 21:00,2026-09-16 13:00Z,2026-09-16 20:55:30,1,25,24.96,25,25.36,-0.4,-0.97,-0.13,19.4,stable,2,low,1.41,0.0,-0.35,calm
2026-09-16T13:55:40Z,2026-09-16 21:55:40,2026-09-16 22:00,2026-09-16 14:00Z,2026-09-16 21:55:30,1,25,24.9,25,25.06,-0.16,-0.36,-0.26,49.3,stable,0,none,0.68,0.0,-0.04,calm
2026-09-16T14:55:40Z,2026-09-16 22:55:40,2026-09-16 23:00,2026-09-16 15:00Z,2026-09-16 22:55:30,1,26,25.7,25,25.17,0.53,0.94,0.4,49.3,stable,0,none,0.64,0.0,0.12,downstream
2026-09-16T15:55:40Z,2026-09-16 23:55:40,2026-09-17 00:00,2026-09-16 16:00Z,2026-09-16 23:55:30,1,25,25.45,25,24.96,0.49,0.83,0.64,49.3,stable,0,none,0.77,0.0,-0.02,calm
2026-09-16T16:55:40Z,2026-09-17 00:55:40,2026-09-17 01:00,2026-09-16 17:00Z,2026-09-17 00:55:30,1,25,25.0,25,24.97,0.03,0.04,0.31,49.0,stable,0,none,1.17,0.0,-0.03,downstream
2026-09-16T17:55:40Z,2026-09-17 01:55:40,2026-09-17 02:00,2026-09-16 18:00Z,2026-09-17 01:55:30,1,25,24.95,25,24.93,0.02,0.03,0.16,48.9,stable,0,none,0.77,0.0,0.0,downstream
2026-09-16T18:55:40Z,2026-09-17 02:55:40,2026-09-17 03:00,2026-09-16 19:00Z,2026-09-17 02:55:30,1,25,24.94,25,24.91,0.03,0.07,0.11,18.9,stable,0,none,0.47,0.0,-0.01,calm
2026-09-16T19:55:40Z,2026-09-17 03:55:40,2026-09-17 04:00,2026-09-16 20:00Z,2026-09-17 03:55:30,1,26,25.7,25,25.07,0.63,1.09,0.65,48.9,stable,0,none,0.67,0.0,-0.01,downstream
2026-09-16T20:55:40Z,2026-09-17 04:55:40,2026-09-17 05:00,2026-09-16 21:00Z,2026-09-17 04:55:30,1,26,25.67,25,25.12,0.55,0.93,0.8,48.9,stable,0,none,1.11,0.0,0.05,downstream
2026-09-16T21:55:40Z,2026-09-17 05:55:40,2026-09-17 06:00,2026-09-16 22:00Z,2026-09-17 05:55:30,1,26,25.66,25,25.13,0.53,0.88,0.84,48.8,stable,0,none,1.0,0.0,-0.01,calm
2026-09-16T22:55:40Z,2026-09-17 06:55:40,2026-09-17 07:00,2026-09-16 23:00Z,2026-09-17 06:55:30,1,26,26.1,26,25.58,0.52,0.87,0.86,48.8,stable,0,none,0.78,0.0,0.11,calm
2026-09-16T23:55:40Z,2026-09-17 07:55:40,2026-09-17 08:00,2026-09-17 00:00Z,2026-09-17 07:55:30,1,29,28.55,28,27.71,0.84,1.42,1.17,48.8,stable,0,none,0.67,0.0,0.34,downstream
2026-09-17T00:55:40Z,2026-09-17 08:55:40,2026-09-17 09:00,2026-09-17 01:00Z,2026-09-17 08:55:30,1,28,28.02,28,27.87,0.15,0.29,0.69,53.9,stable,0,none,0.49,0.08,0.18,calm
2026-09-17T01:55:40Z,2026-09-17 09:55:40,2026-09-17 10:00,2026-09-17 02:00Z,2026-09-17 09:55:30,1,30,29.81,30,29.74,0.07,0.13,0.38,51.4,stable,2,low,2.45,0.01,0.33,downstream
2026-09-17T02:55:40Z,2026-09-17 10:55:40,2026-09-17 11:00,2026-09-17 03:00Z,2026-09-17 10:55:30,1,31,30.99,31,30.72,0.27,0.26,0.31,53.6,heating,1,low,1.63,0.21,0.95,downstream
2026-09-17T03:55:40Z,2026-09-17 11:55:40,2026-09-17 12:00,2026-09-17 04:00Z,2026-09-17 11:55:30,1,31,31.34,31,31.1,0.24,0.28,0.29,50.8,cooling,2,low,0.44,-0.23,-0.47,downstream
2026-09-17T04:55:40Z,2026-09-17 12:55:40,2026-09-17 13:00,2026-09-17 05:00Z,2026-09-17 12:55:30,1,31,30.67,31,30.71,-0.04,-0.1,0.08,53.1,stable,0,none,0.99,0.05,-0.08,calm
2026-09-17T05:55:40Z,2026-09-17 13:55:40,2026-09-17 14:00,2026-09-17 06:00Z,2026-09-17 13:55:30,1,31,31.36,32,32.03,-0.67,-0.71,-0.35,53.9,outflow,5,high,2.82,-0.16,0.33,downstream
2026-09-17T06:55:40Z,2026-09-17 14:55:40,2026-09-17 15:00,2026-09-17 07:00Z,2026-09-17 14:55:30,1,27,26.78,28,27.73,-0.95,-1.03,-0.89,52.7,outflow,6,high,1.36,-0.31,-1.88,crosswind
2026-09-17T07:55:40Z,2026-09-17 15:55:40,2026-09-17 16:00,2026-09-17 08:00Z,2026-09-17 15:55:30,1,26,26.17,26,25.95,0.22,0.27,-0.25,49.8,convective,3,moderate,1.11,-0.03,-0.02,crosswind
2026-09-17T08:55:40Z,2026-09-17 16:55:40,2026-09-17 17:00,2026-09-17 09:00Z,2026-09-17 16:55:30,1,26,26.44,26,25.84,0.6,1.05,0.47,53.9,stable,2,low,1.0,0.0,0.07,crosswind
2026-09-17T09:55:40Z,2026-09-17 17:55:40,2026-09-17 18:00,2026-09-17 10:00Z,2026-09-17 17:55:30,1,26,25.96,26,25.88,0.08,0.16,0.3,23.9,stable,0,none,0.96,0.0,-0.09,crosswind
2026-09-17T10:55:40Z,2026-09-17 18:55:40,2026-09-17 19:00,2026-09-17 11:00Z,2026-09-17 18:55:30,1,27,26.53,26,25.88,0.65,1.12,0.75,23.8,stable,0,none,1.18,0.0,0.05,calm
2026-09-17T11:55:40Z,2026-09-17 19:55:40,2026-09-17 20:00,2026-09-17 12:00Z,2026-09-17 19:55:30,1,27,26.67,26,26.01,0.66,1.12,0.95,53.8,stable,0,none,1.2,0.0,0.01,calm
2026-09-17T12:55:40Z,2026-09-17 20:55:40,2026-09-17 21:00,2026-09-17 13:00Z,2026-09-17 20:55:30,1,27,26.65,26,26.06,0.59,0.99,0.97,23.8,stable,0,none,1.27,0.0,0.0,crosswind
2026-09-17T13:55:40Z,2026-09-17 21:55:40,2026-09-17 22:00,2026-09-17 14:00Z,2026-09-17 21:55:30,1,27,26.64,26,26.08,0.56,0.94,0.95,53.8,stable,0,none,1.41,0.0,0.04,calm
2026-09-17T14:55:40Z,2026-09-17 22:55:40,2026-09-17 23:00,2026-09-17 15:00Z,2026-09-17 22:55:30,1,26,26.23,26,25.68,0.55,0.92,0.93,23.8,stable,1,low,1.52,0.0,-0.09,crosswind
2026-09-17T16:57:25Z,2026-09-18 00:57:25,2026-09-18 01:00,2026-09-17 17:00Z,2026-09-18 00:57:16,1,25,25.38,25,25.38,0.0,0.92,0.93,145.8,stable,0,none,1.13,0.01,0.01,calm
2026-09-17T17:55:40Z,2026-09-18 01:55:40,2026-09-18 02:00,2026-09-17 18:00Z,2026-09-18 01:55:30,1,26,25.78,25,25.41,0.37,0.62,0.62,50.7,stable,0,none,1.34,0.0,0.03,crosswind
2026-09-17T18:55:40Z,2026-09-18 02:55:40,2026-09-18 03:00,2026-09-17 19:00Z,2026-09-18 02:55:30,1,26,25.7,25,25.35,0.35,0.59,0.6,20.4,stable,0,none,1.38,0.0,-0.01,calm
2026-09-17T19:55:40Z,2026-09-18 03:55:40,2026-09-18 04:00,2026-09-17 20:00Z,2026-09-18 03:55:30,1,26,25.57,25,25.18,0.39,0.65,0.63,50.4,stable,0,none,1.42,0.0,0.04,calm
2026-09-17T20:55:40Z,2026-09-18 04:55:40,2026-09-18 05:00,2026-09-17 21:00Z,2026-09-18 04:55:30,1,26,25.6,25,25.11,0.49,0.82,0.73,20.4,stable,0,none,1.15,0.0,-0.01,calm
2026-09-17T21:55:40Z,2026-09-18 05:55:40,2026-09-18 06:00,2026-09-17 22:00Z,2026-09-18 05:55:30,1,26,25.52,25,24.99,0.53,0.89,0.82,50.4,stable,0,none,1.18,0.0,0.0,calm
2026-09-17T22:55:40Z,2026-09-18 06:55:40,2026-09-18 07:00,2026-09-17 23:00Z,2026-09-18 06:55:30,1,26,26.31,26,25.71,0.6,1.01,0.92,50.4,stable,0,none,1.16,0.0,0.17,calm
2026-09-17T23:55:40Z,2026-09-18 07:55:40,2026-09-18 08:00,2026-09-18 00:00Z,2026-09-18 07:55:30,1,29,28.51,28,27.56,0.95,2.0,1.51,50.3,stable,1,low,1.15,0.0,-0.11,crosswind
2026-09-18T00:55:40Z,2026-09-18 08:55:40,2026-09-18 09:00,2026-09-18 01:00Z,2026-09-18 08:55:30,1,30,30.41,29,29.46,0.95,1.44,1.47,52.8,heating,2,low,1.83,0.32,0.21,crosswind
2026-09-18T01:55:40Z,2026-09-18 09:55:40,2026-09-18 10:00,2026-09-18 02:00Z,2026-09-18 09:55:30,1,31,30.99,31,30.64,0.35,0.54,0.96,54.2,stable,1,low,3.93,0.0,0.05,crosswind
2026-09-18T02:55:40Z,2026-09-18 10:55:40,2026-09-18 11:00,2026-09-18 03:00Z,2026-09-18 10:55:30,1,33,32.7,32,32.31,0.39,0.36,0.63,47.9,heating,0,none,1.42,0.11,0.49,crosswind
2026-09-18T03:55:40Z,2026-09-18 11:55:40,2026-09-18 12:00,2026-09-18 04:00Z,2026-09-18 11:55:30,1,32,32.4,33,32.67,-0.27,-0.31,0.11,51.6,convective,3,moderate,4.03,0.21,0.2,crosswind
2026-09-18T04:55:40Z,2026-09-18 12:55:40,2026-09-18 13:00,2026-09-18 05:00Z,2026-09-18 12:55:30,1,33,33.04,33,32.72,0.32,0.33,0.23,54.4,outflow,6,high,3.23,-0.28,-0.77,crosswind
2026-09-18T05:55:40Z,2026-09-18 13:55:40,2026-09-18 14:00,2026-09-18 06:00Z,2026-09-18 13:55:30,1,29,29.37,29,29.2,0.17,0.28,0.26,50.7,stable,1,low,1.79,0.18,-0.31,crosswind
2026-09-18T06:55:40Z,2026-09-18 14:55:40,2026-09-18 15:00,2026-09-18 07:00Z,2026-09-18 14:55:30,1,27,27.06,26,26.24,0.82,0.8,0.99,52.5,outflow,9,extreme,5.59,-0.78,-2.42,downstream
2026-09-18T07:55:40Z,2026-09-18 15:55:40,2026-09-18 16:00,2026-09-18 08:00Z,2026-09-18 15:55:30,1,25,24.67,25,25.37,-0.7,-1.24,-0.54,17.9,stable,1,low,2.24,-0.04,0.17,calm
2026-09-18T08:55:40Z,2026-09-18 16:55:40,2026-09-18 17:00,2026-09-18 09:00Z,2026-09-18 16:55:30,1,26,25.83,26,25.57,0.26,0.63,0.1,49.5,stable,0,none,1.28,0.0,-0.05,calm
2026-09-18T09:55:40Z,2026-09-18 17:55:40,2026-09-18 18:00,2026-09-18 10:00Z,2026-09-18 17:55:30,1,26,26.43,26,25.61,0.82,1.43,0.83,49.5,stable,0,none,1.28,0.0,-0.14,crosswind
2026-09-18T10:55:40Z,2026-09-18 18:55:40,2026-09-18 19:00,2026-09-18 11:00Z,2026-09-18 18:55:30,1,27,26.86,26,26.04,0.82,1.39,1.14,49.5,stable,0,none,0.32,0.0,0.15,crosswind
2026-09-18T11:55:40Z,2026-09-18 19:55:40,2026-09-18 20:00,2026-09-18 12:00Z,2026-09-18 19:55:30,1,27,26.66,26,26.08,0.58,0.96,1.04,49.4,stable,0,none,0.77,0.0,-0.04,calm
2026-09-18T12:55:40Z,2026-09-18 20:55:40,2026-09-18 21:00,2026-09-18 13:00Z,2026-09-18 20:55:30,1,27,26.78,26,26.22,0.56,0.92,0.97,49.3,stable,0,none,0.7,0.0,0.08,calm
2026-09-18T13:55:40Z,2026-09-18 21:55:40,2026-09-18 22:00,2026-09-18 14:00Z,2026-09-18 21:55:30,1,27,26.85,26,26.38,0.47,0.78,0.87,49.3,stable,0,none,0.87,0.0,0.05,calm
2026-09-18T14:55:40Z,2026-09-18 22:55:40,2026-09-18 23:00,2026-09-18 15:00Z,2026-09-18 22:55:30,1,27,27.43,26,26.48,0.95,1.62,1.28,49.3,stable,0,none,1.03,0.0,0.04,calm
2026-09-18T15:55:40Z,2026-09-18 23:55:40,2026-09-19 00:00,2026-09-18 16:00Z,2026-09-18 23:55:30,1,27,27.21,26,26.3,0.91,1.52,1.41,49.2,stable,0,none,1.27,0.0,-0.03,calm
2026-09-18T16:55:40Z,2026-09-19 00:55:40,2026-09-19 01:00,2026-09-18 17:00Z,2026-09-19 00:55:30,1,27,27.17,26,26.22,0.95,1.7,1.57,49.2,stable,1,low,1.52,0.0,0.01,calm
2026-09-18T17:55:40Z,2026-09-19 01:55:40,2026-09-19 02:00,2026-09-18 18:00Z,2026-09-19 01:55:30,1,27,26.58,26,26.09,0.49,0.78,1.14,34.5,stable,1,low,1.66,0.0,-0.05,calm
2026-09-18T18:55:40Z,2026-09-19 02:55:40,2026-09-19 03:00,2026-09-18 19:00Z,2026-09-19 02:55:30,1,26,26.46,26,25.91,0.55,0.91,1.01,4.5,stable,1,low,1.7,0.0,-0.03,calm
2026-09-18T19:55:40Z,2026-09-19 03:55:40,2026-09-19 04:00,2026-09-18 20:00Z,2026-09-19 03:55:30,1,26,26.18,26,25.53,0.65,1.09,1.05,34.4,stable,0,none,1.45,0.0,-0.04,calm
2026-09-18T20:55:40Z,2026-09-19 04:55:40,2026-09-19 05:00,2026-09-18 21:00Z,2026-09-19 04:55:30,1,26,25.7,25,25.4,0.3,0.47,0.73,34.4,stable,0,none,1.38,0.0,0.0,crosswind
2026-09-18T21:55:40Z,2026-09-19 05:55:40,2026-09-19 06:00,2026-09-18 22:00Z,2026-09-19 05:55:30,1,26,25.73,25,25.37,0.36,0.6,0.66,34.3,stable,0,none,1.48,0.0,0.0,calm
2026-09-18T22:55:40Z,2026-09-19 06:55:40,2026-09-19 07:00,2026-09-18 23:00Z,2026-09-19 06:55:30,1,27,27.35,26,26.4,0.95,1.63,1.19,34.3,stable,1,low,3.17,0.0,0.31,calm
2026-09-18T23:55:40Z,2026-09-19 07:55:40,2026-09-19 08:00,2026-09-19 00:00Z,2026-09-19 07:55:30,1,30,30.3,29,29.35,0.95,1.6,1.42,34.3,heating,0,none,0.84,0.0,0.81,calm
2026-09-19T00:55:40Z,2026-09-19 08:55:40,2026-09-19 09:00,2026-09-19 01:00Z,2026-09-19 08:55:30,1,31,30.69,31,30.96,-0.27,-0.35,0.45,50.6,heating,1,low,1.95,0.4,0.37,crosswind
2026-09-19T01:55:40Z,2026-09-19 09:55:40,2026-09-19 10:00,2026-09-19 02:00Z,2026-09-19 09:55:30,1,31,30.72,31,31.26,-0.54,-0.96,-0.33,50.4,stable,1,low,2.08,-0.01,0.12,crosswind
2026-09-19T02:55:40Z,2026-09-19 10:55:40,2026-09-19 11:00,2026-09-19 03:00Z,2026-09-19 10:55:30,1,32,32.16,32,32.42,-0.26,-0.26,-0.29,51.3,convective,3,moderate,1.5,-0.17,0.24,crosswind
2026-09-19T03:55:40Z,2026-09-19 11:55:40,2026-09-19 12:00,2026-09-19 04:00Z,2026-09-19 11:55:30,1,33,32.67,33,33.08,-0.41,-0.42,-0.36,51.9,convective,4,moderate,1.49,-0.23,0.18,upstream
2026-09-19T05:55:40Z,2026-09-19 13:55:40,2026-09-19 14:00,2026-09-19 06:00Z,2026-09-19 13:55:30,1,33,33.08,32,32.21,0.87,0.92,0.41,50.1,outflow,5,high,1.83,-0.45,-1.13,upstream
2026-09-19T06:55:40Z,2026-09-19 14:55:40,2026-09-19 15:00,2026-09-19 07:00Z,2026-09-19 14:55:30,1,28,28.35,29,29.3,-0.95,-1.21,-0.48,49.5,outflow,5,high,0.27,-0.41,-0.99,upstream
2026-09-19T07:55:40Z,2026-09-19 15:55:40,2026-09-19 16:00,2026-09-19 08:00Z,2026-09-19 15:55:30,1,27,26.96,28,27.72,-0.76,-1.3,-0.93,48.7,stable,0,none,0.83,-0.03,0.1,upstream
2026-09-19T08:55:40Z,2026-09-19 16:55:40,2026-09-19 17:00,2026-09-19 09:00Z,2026-09-19 16:55:30,1,29,28.64,28,28.11,0.53,1.28,0.29,50.2,stable,0,none,0.4,0.0,0.06,calm
2026-09-19T09:55:40Z,2026-09-19 17:55:40,2026-09-19 18:00,2026-09-19 10:00Z,2026-09-19 17:55:30,1,29,28.98,28,28.46,0.52,0.89,0.62,50.1,stable,0,none,0.83,0.0,-0.03,calm
2026-09-19T10:55:40Z,2026-09-19 18:55:40,2026-09-19 19:00,2026-09-19 11:00Z,2026-09-19 18:55:30,1,29,29.17,28,28.27,0.9,1.54,1.13,50.1,stable,0,none,1.22,0.0,-0.04,calm
2026-09-19T11:55:40Z,2026-09-19 19:55:40,2026-09-19 20:00,2026-09-19 12:00Z,2026-09-19 19:55:30,1,29,29.36,28,28.41,0.95,1.73,1.46,50.1,stable,0,none,1.07,0.0,-0.02,calm
2026-09-19T12:55:40Z,2026-09-19 20:55:40,2026-09-19 21:00,2026-09-19 13:00Z,2026-09-19 20:55:30,1,29,28.51,28,28.13,0.38,0.59,0.98,20.0,stable,0,none,1.35,0.0,0.0,upstream
2026-09-19T13:55:40Z,2026-09-19 21:55:40,2026-09-19 22:00,2026-09-19 14:00Z,2026-09-19 21:55:30,1,29,28.61,28,28.08,0.53,0.87,0.92,50.0,stable,1,low,1.61,0.0,-0.05,upstream
2026-09-19T14:55:40Z,2026-09-19 22:55:40,2026-09-19 23:00,2026-09-19 15:00Z,2026-09-19 22:55:30,1,28,28.45,28,27.9,0.55,0.92,0.92,50.0,stable,1,low,1.74,0.0,-0.04,upstream
2026-09-19T15:55:40Z,2026-09-19 23:55:40,2026-09-20 00:00,2026-09-19 16:00Z,2026-09-19 23:55:30,1,28,28.18,28,27.52,0.66,1.1,1.02,50.0,stable,1,low,1.7,0.0,-0.06,upstream
2026-09-19T16:55:40Z,2026-09-20 00:55:40,2026-09-20 01:00,2026-09-19 17:00Z,2026-09-20 00:55:30,1,27,27.39,27,27.09,0.3,0.48,0.72,49.9,stable,1,low,1.82,0.0,-0.01,calm
2026-09-19T17:55:40Z,2026-09-20 01:55:40,2026-09-20 02:00,2026-09-19 18:00Z,2026-09-20 01:55:30,1,27,27.29,27,26.75,0.54,0.91,0.82,49.9,stable,1,low,1.73,0.0,-0.04,calm
2026-09-19T18:55:40Z,2026-09-20 02:55:40,2026-09-20 03:00,2026-09-19 19:00Z,2026-09-20 02:55:30,1,27,27.37,27,26.63,0.74,1.25,1.06,19.8,stable,1,low,1.66,0.0,0.03,calm
2026-09-19T19:55:40Z,2026-09-20 03:55:40,2026-09-20 04:00,2026-09-19 20:00Z,2026-09-20 03:55:30,1,27,27.25,26,26.44,0.81,1.37,1.23,49.7,stable,1,low,1.8,0.0,-0.06,calm
2026-09-19T20:55:40Z,2026-09-20 04:55:40,2026-09-20 05:00,2026-09-19 21:00Z,2026-09-20 04:55:30,1,27,27.35,26,26.42,0.93,1.56,1.41,49.7,stable,0,none,1.13,0.0,0.12,calm
2026-09-19T21:55:40Z,2026-09-20 05:55:40,2026-09-20 06:00,2026-09-19 22:00Z,2026-09-20 05:55:30,1,27,26.65,26,26.28,0.37,0.58,0.95,49.6,stable,0,none,1.32,0.0,-0.01,calm
2026-09-19T22:55:40Z,2026-09-20 06:55:40,2026-09-20 07:00,2026-09-19 23:00Z,2026-09-20 06:55:30,1,27,27.29,27,26.85,0.44,0.72,0.82,49.6,stable,1,low,1.77,0.0,0.21,calm
2026-09-19T23:55:40Z,2026-09-20 07:55:40,2026-09-20 08:00,2026-09-20 00:00Z,2026-09-20 07:55:30,1,30,30.03,29,29.08,0.95,1.15,1.0,49.5,heating,0,none,1.0,0.0,0.48,upstream
2026-09-20T00:55:40Z,2026-09-20 08:55:40,2026-09-20 09:00,2026-09-20 01:00Z,2026-09-20 08:55:30,1,31,31.11,31,31.11,0.0,1.15,1.0,109.5,heating,1,low,2.83,0.33,0.45,calm
2026-09-20T01:55:40Z,2026-09-20 09:55:40,2026-09-20 10:00,2026-09-20 02:00Z,2026-09-20 09:55:30,1,32,32.1,32,32.1,0.0,1.15,1.0,169.5,rapid_heating,1,low,1.69,0.51,0.35,upstream
2026-09-20T02:55:40Z,2026-09-20 10:55:40,2026-09-20 11:00,2026-09-20 03:00Z,2026-09-20 10:55:30,1,31,31.37,32,32.32,-0.95,-1.1,-1.51,49.1,convective,4,moderate,1.63,-0.23,-0.21,calm
2026-09-20T03:55:40Z,2026-09-20 11:55:40,2026-09-20 12:00,2026-09-20 04:00Z,2026-09-20 11:55:30,1,33,32.79,33,32.96,-0.17,-0.32,-0.86,53.2,stable,1,low,1.03,0.02,0.2,upstream
2026-09-20T04:55:40Z,2026-09-20 12:55:40,2026-09-20 13:00,2026-09-20 05:00Z,2026-09-20 12:55:30,1,33,32.69,33,32.69,-0.0,0.04,-0.37,49.7,stable,1,low,1.09,-0.09,-0.28,upstream
2026-09-20T05:55:40Z,2026-09-20 13:55:40,2026-09-20 14:00,2026-09-20 06:00Z,2026-09-20 13:55:30,1,32,32.29,33,32.7,-0.41,-0.69,-0.55,46.9,stable,1,low,0.83,0.13,0.02,upstream
2026-09-20T06:55:40Z,2026-09-20 14:55:40,2026-09-20 15:00,2026-09-20 07:00Z,2026-09-20 14:55:30,1,32,32.06,32,32.48,-0.42,-0.7,-0.63,50.7,stable,1,low,0.83,0.07,-0.22,upstream
2026-09-20T07:55:40Z,2026-09-20 15:55:40,2026-09-20 16:00,2026-09-20 08:00Z,2026-09-20 15:55:30,1,32,31.72,32,32.01,-0.29,-0.48,-0.55,49.3,stable,1,low,1.03,0.05,-0.16,crosswind
2026-09-20T08:55:40Z,2026-09-20 16:55:40,2026-09-20 17:00,2026-09-20 09:00Z,2026-09-20 16:55:30,1,32,31.56,32,31.58,-0.02,-0.01,-0.25,53.6,stable,1,low,0.83,0.0,-0.04,crosswind
2026-09-20T09:55:40Z,2026-09-20 17:55:40,2026-09-20 18:00,2026-09-20 10:00Z,2026-09-20 17:55:30,1,30,29.83,30,30.17,-0.34,-0.58,-0.43,23.6,stable,0,none,1.16,0.0,-0.13,crosswind
2026-09-20T10:55:40Z,2026-09-20 18:55:40,2026-09-20 19:00,2026-09-20 11:00Z,2026-09-20 18:55:30,1,29,29.29,29,29.37,-0.08,-0.17,-0.29,23.6,stable,0,none,0.66,0.0,-0.03,crosswind
2026-09-20T11:55:40Z,2026-09-20 19:55:40,2026-09-20 20:00,2026-09-20 12:00Z,2026-09-20 19:55:30,1,29,29.49,29,29.22,0.27,0.63,0.22,23.5,stable,0,none,0.47,0.0,0.08,crosswind
2026-09-20T12:55:40Z,2026-09-20 20:55:40,2026-09-20 21:00,2026-09-20 13:00Z,2026-09-20 20:55:30,1,29,29.42,29,28.97,0.45,0.78,0.53,23.5,stable,0,none,0.47,0.0,-0.04,calm
2026-09-20T13:55:40Z,2026-09-20 21:55:40,2026-09-20 22:00,2026-09-20 14:00Z,2026-09-20 21:55:30,1,29,28.8,29,28.77,0.03,0.03,0.38,23.5,stable,0,none,0.47,0.0,0.01,crosswind
2026-09-20T14:55:40Z,2026-09-20 22:55:40,2026-09-20 23:00,2026-09-20 15:00Z,2026-09-20 22:55:30,1,29,28.54,28,28.43,0.11,0.23,0.3,23.4,stable,0,none,0.37,0.0,-0.12,calm
2026-09-20T15:55:40Z,2026-09-20 23:55:40,2026-09-21 00:00,2026-09-20 16:00Z,2026-09-20 23:55:30,1,28,28.3,28,27.97,0.33,0.57,0.45,23.4,stable,1,low,0.76,0.0,-0.22,crosswind
2026-09-20T16:55:40Z,2026-09-21 00:55:40,2026-09-21 01:00,2026-09-20 17:00Z,2026-09-21 00:55:30,1,28,27.58,28,27.56,0.02,0.03,0.12,23.4,stable,1,low,1.41,0.0,0.0,crosswind
2026-09-20T17:55:40Z,2026-09-21 01:55:40,2026-09-21 02:00,2026-09-20 18:00Z,2026-09-21 01:55:30,1,27,27.19,27,26.93,0.26,0.44,0.3,53.4,stable,0,none,1.07,0.0,-0.15,crosswind
2026-09-20T18:55:40Z,2026-09-21 02:55:40,2026-09-21 03:00,2026-09-20 19:00Z,2026-09-21 02:55:30,1,28,27.56,27,26.94,0.62,1.07,0.72,23.2,stable,0,none,0.97,0.0,-0.05,calm
2026-09-20T19:55:40Z,2026-09-21 03:55:40,2026-09-21 04:00,2026-09-20 20:00Z,2026-09-21 03:55:30,1,27,26.91,26,26.28,0.63,1.06,0.99,23.2,stable,2,low,2.46,0.0,0.04,calm
2026-09-20T20:55:40Z,2026-09-21 04:55:40,2026-09-21 05:00,2026-09-20 21:00Z,2026-09-21 04:55:30,1,27,26.65,26,26.21,0.44,0.72,0.84,23.2,stable,1,low,1.63,0.0,0.02,crosswind
2026-09-20T21:55:40Z,2026-09-21 05:55:40,2026-09-21 06:00,2026-09-20 22:00Z,2026-09-21 05:55:30,1,26,26.45,26,25.97,0.48,0.79,0.81,23.2,stable,1,low,1.61,0.0,-0.08,calm
2026-09-20T22:55:40Z,2026-09-21 06:55:40,2026-09-21 07:00,2026-09-20 23:00Z,2026-09-21 06:55:30,1,28,27.8,27,27.19,0.61,1.03,0.93,23.2,stable,0,none,1.37,0.0,0.39,crosswind
2026-09-20T23:55:40Z,2026-09-21 07:55:40,2026-09-21 08:00,2026-09-21 00:00Z,2026-09-21 07:55:30,1,29,28.55,29,28.69,-0.14,-0.19,0.31,23.2,heating,1,low,1.08,0.0,0.46,crosswind
2026-09-21T00:55:40Z,2026-09-21 08:55:40,2026-09-21 09:00,2026-09-21 01:00Z,2026-09-21 08:55:30,1,31,30.95,31,30.64,0.31,0.31,0.31,50.6,heating,1,low,1.53,0.21,0.39,crosswind
2026-09-21T01:55:40Z,2026-09-21 09:55:40,2026-09-21 10:00,2026-09-21 02:00Z,2026-09-21 09:55:30,1,31,30.74,31,31.01,-0.27,-0.64,-0.21,52.2,stable,1,low,0.43,0.06,0.03,crosswind
2026-09-21T02:55:40Z,2026-09-21 10:55:40,2026-09-21 11:00,2026-09-21 03:00Z,2026-09-21 10:55:30,1,31,31.24,32,31.82,-0.58,-1.01,-0.65,51.0,stable,0,none,0.61,-0.04,0.15,crosswind
2026-09-21T03:55:40Z,2026-09-21 11:55:40,2026-09-21 12:00,2026-09-21 04:00Z,2026-09-21 11:55:30,1,32,31.58,32,32.07,-0.49,-0.82,-0.74,51.9,stable,1,low,1.13,0.01,-0.01,crosswind
2026-09-21T04:55:40Z,2026-09-21 12:55:40,2026-09-21 13:00,2026-09-21 05:00Z,2026-09-21 12:55:30,1,32,31.9,32,31.96,-0.06,-0.07,-0.37,50.3,stable,1,low,0.73,0.13,-0.18,crosswind
2026-09-21T05:55:40Z,2026-09-21 13:55:40,2026-09-21 14:00,2026-09-21 06:00Z,2026-09-21 13:55:30,1,32,32.47,32,32.46,0.01,0.04,-0.14,49.6,stable,2,low,0.53,0.01,0.14,crosswind
2026-09-21T06:55:40Z,2026-09-21 14:55:40,2026-09-21 15:00,2026-09-21 07:00Z,2026-09-21 14:55:30,1,32,31.93,32,32.2,-0.27,-0.46,-0.32,49.5,stable,1,low,1.13,-0.08,-0.17,crosswind
2026-09-21T07:55:40Z,2026-09-21 15:55:40,2026-09-21 16:00,2026-09-21 08:00Z,2026-09-21 15:55:30,1,32,31.62,32,31.71,-0.09,-0.2,-0.25,49.1,stable,1,low,0.83,-0.08,-0.06,crosswind
2026-09-21T08:55:40Z,2026-09-21 16:55:40,2026-09-21 17:00,2026-09-21 09:00Z,2026-09-21 16:55:30,1,31,30.52,31,30.93,-0.41,-0.71,-0.5,51.5,stable,1,low,1.11,0.0,-0.32,crosswind
2026-09-21T09:55:40Z,2026-09-21 17:55:40,2026-09-21 18:00,2026-09-21 10:00Z,2026-09-21 17:55:30,1,30,29.84,30,29.82,0.02,0.07,-0.19,21.5,stable,1,low,0.55,0.0,-0.21,crosswind
2026-09-21T10:55:40Z,2026-09-21 18:55:40,2026-09-21 19:00,2026-09-21 11:00Z,2026-09-21 18:55:30,1,29,29.4,29,29.33,0.07,0.18,0.01,51.5,stable,0,none,0.71,0.0,-0.12,crosswind
2026-09-21T11:55:40Z,2026-09-21 19:55:40,2026-09-21 20:00,2026-09-21 12:00Z,2026-09-21 19:55:30,0,,,,,0.35,0.67,0.37,,unavailable,1,low,unavailable,unavailable,unavailable,calm
2026-09-21T12:55:40Z,2026-09-21 20:55:40,2026-09-21 21:00,2026-09-21 13:00Z,2026-09-21 20:55:30,1,29,29.24,29,29.05,0.19,0.67,0.37,81.5,stable,0,none,0.47,0.0,-0.02,crosswind
2026-09-21T13:55:40Z,2026-09-21 21:55:40,2026-09-21 22:00,2026-09-21 14:00Z,2026-09-21 21:55:30,1,28,28.05,27,27.1,0.95,0.95,0.95,21.5,convective,3,moderate,5.55,0.0,-0.66,crosswind
2026-09-21T14:55:40Z,2026-09-21 22:55:40,2026-09-21 23:00,2026-09-21 15:00Z,2026-09-21 22:55:30,1,24,24.08,24,24.1,-0.02,-0.1,0.37,21.1,stable,1,low,0.58,0.0,0.04,crosswind
2026-09-21T15:55:40Z,2026-09-21 23:55:40,2026-09-22 00:00,2026-09-21 16:00Z,2026-09-21 23:55:30,1,26,25.74,25,24.79,0.95,1.9,1.21,21.1,stable,1,low,0.47,0.0,0.23,crosswind
2026-09-21T16:55:40Z,2026-09-22 00:55:40,2026-09-22 01:00,2026-09-21 17:00Z,2026-09-22 00:55:30,1,26,25.69,25,24.96,0.73,1.21,1.21,21.1,stable,0,none,0.36,0.0,0.08,calm
2026-09-21T17:55:40Z,2026-09-22 01:55:40,2026-09-22 02:00,2026-09-21 18:00Z,2026-09-22 01:55:30,1,26,25.8,25,25.17,0.63,1.04,1.12,51.1,stable,1,low,0.64,0.0,0.07,calm
2026-09-21T18:55:40Z,2026-09-22 02:55:40,2026-09-22 03:00,2026-09-21 19:00Z,2026-09-22 02:55:30,1,26,25.82,25,25.31,0.51,0.83,0.96,21.1,stable,0,none,0.67,0.0,0.08,calm
2026-09-21T19:55:40Z,2026-09-22 03:55:40,2026-09-22 04:00,2026-09-21 20:00Z,2026-09-22 03:55:30,1,27,26.59,26,25.64,0.95,1.69,1.36,21.1,stable,0,none,0.97,0.0,0.05,calm
2026-09-21T20:55:40Z,2026-09-22 04:55:40,2026-09-22 05:00,2026-09-21 21:00Z,2026-09-22 04:55:30,0,,,,,0.75,1.36,1.36,,unavailable,0,none,unavailable,unavailable,unavailable,calm
2026-09-21T21:55:40Z,2026-09-22 05:55:40,2026-09-22 06:00,2026-09-21 22:00Z,2026-09-22 05:55:30,1,26,25.6,26,25.6,0.0,1.36,1.36,111.1,stable,0,none,1.37,0.0,0.01,calm
2026-09-21T22:55:40Z,2026-09-22 06:55:40,2026-09-22 07:00,2026-09-21 23:00Z,2026-09-22 06:55:30,1,27,27.24,26,26.4,0.84,1.4,1.4,50.7,stable,1,low,2.37,0.0,0.27,calm
2026-09-21T23:55:40Z,2026-09-22 07:55:40,2026-09-22 08:00,2026-09-22 00:00Z,2026-09-22 07:55:30,1,30,29.91,29,28.96,0.95,1.6,1.51,50.6,heating,1,low,2.47,0.0,0.41,crosswind
2026-09-22T00:55:40Z,2026-09-22 08:55:40,2026-09-22 09:00,2026-09-22 01:00Z,2026-09-22 08:55:30,1,31,31.06,30,30.11,0.95,1.04,1.25,50.6,convective,3,moderate,3.03,-0.12,-0.46,crosswind
2026-09-22T01:55:40Z,2026-09-22 09:55:40,2026-09-22 10:00,2026-09-22 02:00Z,2026-09-22 09:55:30,1,30,30.05,30,30.08,-0.03,-0.11,0.5,51.7,stable,0,none,0.46,0.14,0.23,calm
2026-09-22T02:55:40Z,2026-09-22 10:55:40,2026-09-22 11:00,2026-09-22 03:00Z,2026-09-22 10:55:30,1,31,31.27,31,31.34,-0.07,-0.08,0.04,21.2,convective,3,moderate,0.72,0.01,-0.06,crosswind
2026-09-22T03:55:40Z,2026-09-22 11:55:40,2026-09-22 12:00,2026-09-22 04:00Z,2026-09-22 11:55:30,1,32,32.18,33,32.5,-0.32,-0.34,-0.17,53.0,heating,1,low,0.81,0.4,0.38,downstream
2026-09-22T04:55:40Z,2026-09-22 12:55:40,2026-09-22 13:00,2026-09-22 05:00Z,2026-09-22 12:55:30,1,31,31.42,32,32.28,-0.86,-1.5,-0.9,50.2,stable,1,low,0.84,-0.01,-0.14,downstream
2026-09-22T05:55:40Z,2026-09-22 13:55:40,2026-09-22 14:00,2026-09-22 06:00Z,2026-09-22 13:55:30,1,31,31.21,32,31.52,-0.31,-0.28,-0.56,50.7,convective,3,moderate,0.25,-0.06,-0.6,crosswind
2026-09-22T06:55:40Z,2026-09-22 14:55:40,2026-09-22 15:00,2026-09-22 07:00Z,2026-09-22 14:55:30,1,31,31.42,32,31.73,-0.31,-0.52,-0.54,50.7,stable,2,low,0.18,-0.01,-0.05,crosswind
2026-09-22T07:55:40Z,2026-09-22 15:55:40,2026-09-22 16:00,2026-09-22 08:00Z,2026-09-22 15:55:30,1,31,31.19,31,31.08,0.11,0.27,0.11,17.3,stable,1,low,2.17,-0.06,-0.01,calm
2026-09-22T08:55:40Z,2026-09-22 16:55:40,2026-09-22 17:00,2026-09-22 09:00Z,2026-09-22 16:55:30,1,30,30.22,30,30.25,-0.03,-0.08,0.01,47.3,stable,2,low,2.27,0.0,-0.12,crosswind
2026-09-22T09:55:40Z,2026-09-22 17:55:40,2026-09-22 18:00,2026-09-22 10:00Z,2026-09-22 17:55:30,1,29,28.61,28,28.18,0.43,0.75,0.42,17.3,stable,0,none,0.38,0.0,-0.15,crosswind
2026-09-22T10:55:40Z,2026-09-22 18:55:40,2026-09-22 19:00,2026-09-22 11:00Z,2026-09-22 18:55:30,1,28,28.18,28,27.7,0.48,0.82,0.64,47.3,stable,0,none,0.77,0.0,-0.01,crosswind
2026-09-22T11:55:40Z,2026-09-22 19:55:40,2026-09-22 20:00,2026-09-22 12:00Z,2026-09-22 19:55:30,1,29,28.65,28,27.89,0.76,1.3,1.0,47.3,stable,0,none,0.67,0.0,0.02,calm
2026-09-22T12:55:40Z,2026-09-22 20:55:40,2026-09-22 21:00,2026-09-22 13:00Z,2026-09-22 20:55:30,1,28,28.42,28,27.76,0.66,1.11,1.06,47.3,stable,0,none,1.11,0.0,-0.1,calm
2026-09-22T13:55:40Z,2026-09-22 21:55:40,2026-09-22 22:00,2026-09-22 14:00Z,2026-09-22 21:55:30,1,28,28.32,28,27.58,0.74,1.24,1.16,47.3,stable,0,none,1.07,0.0,-0.13,calm
2026-09-22T14:55:40Z,2026-09-22 22:55:40,2026-09-22 23:00,2026-09-22 15:00Z,2026-09-22 22:55:30,1,28,28.38,28,27.54,0.84,1.42,1.3,47.1,stable,0,none,1.27,0.0,0.05,crosswind
2026-09-22T15:55:40Z,2026-09-22 23:55:40,2026-09-23 00:00,2026-09-22 16:00Z,2026-09-22 23:55:30,1,28,28.35,27,27.48,0.87,1.46,1.39,47.1,stable,0,none,1.18,0.0,-0.05,crosswind
2026-09-22T16:55:40Z,2026-09-23 00:55:40,2026-09-23 01:00,2026-09-22 17:00Z,2026-09-23 00:55:30,1,28,27.54,27,27.2,0.34,0.52,0.91,47.0,stable,0,none,0.8,0.0,-0.02,calm
2026-09-22T17:55:40Z,2026-09-23 01:55:40,2026-09-23 02:00,2026-09-22 18:00Z,2026-09-23 01:55:30,1,27,27.49,27,27.01,0.48,0.8,0.85,47.0,stable,0,none,1.08,0.0,-0.06,calm
2026-09-22T18:55:40Z,2026-09-23 02:55:40,2026-09-23 03:00,2026-09-22 19:00Z,2026-09-23 02:55:30,1,27,27.26,27,26.67,0.59,0.99,0.93,47.0,stable,0,none,1.15,0.0,-0.06,crosswind
2026-09-22T19:55:40Z,2026-09-23 03:55:40,2026-09-23 04:00,2026-09-22 20:00Z,2026-09-23 03:55:30,1,27,26.65,26,26.49,0.16,0.33,0.6,47.0,stable,0,none,1.34,0.0,-0.01,calm
2026-09-22T20:55:40Z,2026-09-23 04:55:40,2026-09-23 05:00,2026-09-22 21:00Z,2026-09-23 04:55:30,1,27,26.65,26,26.34,0.31,0.51,0.55,47.0,stable,0,none,1.27,0.0,0.0,calm
2026-09-22T21:55:40Z,2026-09-23 05:55:40,2026-09-23 06:00,2026-09-22 22:00Z,2026-09-23 05:55:30,1,27,26.63,26,26.24,0.39,0.66,0.61,46.9,stable,1,low,1.52,0.0,-0.04,calm
2026-09-22T22:55:40Z,2026-09-23 06:55:40,2026-09-23 07:00,2026-09-22 23:00Z,2026-09-23 06:55:30,1,28,27.58,27,27.13,0.45,0.76,0.69,46.9,stable,1,low,2.47,0.0,0.32,calm
2026-09-22T23:55:40Z,2026-09-23 07:55:40,2026-09-23 08:00,2026-09-23 00:00Z,2026-09-23 07:55:30,1,30,29.81,29,29.29,0.52,0.87,0.79,46.8,stable,0,none,1.0,0.0,0.15,calm
2026-09-23T00:55:40Z,2026-09-23 08:55:40,2026-09-23 09:00,2026-09-23 01:00Z,2026-09-23 08:55:30,1,31,30.92,31,31.16,-0.24,-0.29,0.2,53.9,heating,0,none,1.13,0.12,0.4,crosswind
2026-09-23T01:55:40Z,2026-09-23 09:55:40,2026-09-23 10:00,2026-09-23 02:00Z,2026-09-23 09:55:30,1,30,30.33,31,31.28,-0.95,-1.16,-0.89,13.9,convective,4,moderate,2.13,-0.28,-0.65,crosswind
2026-09-23T02:55:40Z,2026-09-23 10:55:40,2026-09-23 11:00,2026-09-23 03:00Z,2026-09-23 10:55:30,1,33,32.58,33,32.76,-0.18,-0.28,-0.55,53.9,stable,1,low,2.73,0.13,0.39,crosswind
2026-09-23T03:55:40Z,2026-09-23 11:55:40,2026-09-23 12:00,2026-09-23 04:00Z,2026-09-23 11:55:30,1,32,31.79,33,32.74,-0.95,-1.76,-1.22,49.7,convective,3,moderate,2.23,0.14,0.29,crosswind
2026-09-23T04:55:40Z,2026-09-23 12:55:40,2026-09-23 13:00,2026-09-23 05:00Z,2026-09-23 12:55:30,1,32,31.58,32,32.34,-0.76,-0.74,-0.96,48.3,heating,2,low,1.8,0.29,0.43,crosswind
2026-09-23T05:55:40Z,2026-09-23 13:55:40,2026-09-23 14:00,2026-09-23 06:00Z,2026-09-23 13:55:30,1,33,32.7,33,32.92,-0.22,-0.34,-0.62,52.8,stable,2,low,2.12,0.13,0.1,crosswind
2026-09-23T06:55:40Z,2026-09-23 14:55:40,2026-09-23 15:00,2026-09-23 07:00Z,2026-09-23 14:55:30,1,31,31.21,32,31.75,-0.54,-0.92,-0.79,51.0,stable,0,none,0.87,0.14,0.09,crosswind
2026-09-23T07:55:40Z,2026-09-23 15:55:40,2026-09-23 16:00,2026-09-23 08:00Z,2026-09-23 15:55:30,1,30,30.3,30,30.1,0.2,0.25,-0.22,50.1,outflow,7,extreme,6.5,-0.3,-1.36,crosswind
2026-09-23T08:55:40Z,2026-09-23 16:55:40,2026-09-23 17:00,2026-09-23 09:00Z,2026-09-23 16:55:30,1,30,29.81,29,28.86,0.95,1.9,0.95,49.2,stable,2,low,2.37,0.0,-0.23,calm
2026-09-23T09:55:40Z,2026-09-23 17:55:40,2026-09-23 18:00,2026-09-23 10:00Z,2026-09-23 17:55:30,1,30,29.58,29,28.63,0.95,2.0,1.53,49.2,stable,1,low,3.47,0.0,-0.06,crosswind
2026-09-23T10:55:40Z,2026-09-23 18:55:40,2026-09-23 19:00,2026-09-23 11:00Z,2026-09-23 18:55:30,1,28,27.5,27,27.31,0.19,0.37,0.85,19.2,stable,1,low,3.11,0.0,-0.09,calm
2026-09-23T11:55:40Z,2026-09-23 19:55:40,2026-09-23 20:00,2026-09-23 12:00Z,2026-09-23 19:55:30,1,28,27.67,27,27.25,0.42,0.69,0.76,19.2,stable,1,low,1.8,0.0,0.01,crosswind
2026-09-23T12:55:40Z,2026-09-23 20:55:40,2026-09-23 21:00,2026-09-23 13:00Z,2026-09-23 20:55:30,1,28,28.46,28,27.51,0.95,1.75,1.3,18.9,stable,1,low,2.27,0.0,-0.04,calm
2026-09-23T13:55:40Z,2026-09-23 21:55:40,2026-09-23 22:00,2026-09-23 14:00Z,2026-09-23 21:55:30,1,28,27.85,27,27.34,0.51,1.75,1.3,78.9,stable,1,low,2.31,0.0,0.01,calm
2026-09-23T14:55:40Z,2026-09-23 22:55:40,2026-09-23 23:00,2026-09-23 15:00Z,2026-09-23 22:55:30,1,27,27.37,27,27.37,0.0,1.75,1.3,138.9,stable,1,low,2.31,0.0,0.01,calm
2026-09-23T15:55:40Z,2026-09-23 23:55:40,2026-09-24 00:00,2026-09-23 16:00Z,2026-09-23 23:55:30,1,28,27.54,27,27.16,0.38,0.63,0.63,18.7,stable,1,low,2.44,0.0,-0.01,calm
2026-09-23T16:55:40Z,2026-09-24 00:55:40,2026-09-24 01:00,2026-09-23 17:00Z,2026-09-24 00:55:30,1,28,27.56,27,27.06,0.5,0.84,0.75,48.7,stable,1,low,2.43,0.0,-0.03,calm
2026-09-23T17:55:40Z,2026-09-24 01:55:40,2026-09-24 02:00,2026-09-23 18:00Z,2026-09-24 01:55:30,1,27,27.37,27,26.81,0.56,0.94,0.85,48.6,stable,1,low,2.04,0.0,-0.03,calm
2026-09-23T18:55:40Z,2026-09-24 02:55:40,2026-09-24 03:00,2026-09-23 19:00Z,2026-09-24 02:55:30,1,27,27.31,27,26.61,0.7,1.19,1.04,48.6,stable,1,low,1.77,0.0,0.07,calm
2026-09-23T19:55:40Z,2026-09-24 03:55:40,2026-09-24 04:00,2026-09-23 20:00Z,2026-09-24 03:55:30,1,27,27.34,27,26.52,0.82,1.39,1.23,48.5,stable,1,low,1.87,0.0,0.03,calm
2026-09-23T20:55:40Z,2026-09-24 04:55:40,2026-09-24 05:00,2026-09-23 21:00Z,2026-09-24 04:55:30,1,27,27.3,26,26.42,0.88,1.48,1.37,48.5,stable,1,low,1.64,0.0,-0.01,calm
2026-09-23T21:55:40Z,2026-09-24 05:55:40,2026-09-24 06:00,2026-09-23 22:00Z,2026-09-24 05:55:30,1,27,27.26,26,26.32,0.94,1.58,1.49,18.5,stable,1,low,1.94,0.0,-0.03,calm
2026-09-23T22:55:40Z,2026-09-24 06:55:40,2026-09-24 07:00,2026-09-23 23:00Z,2026-09-24 06:55:30,1,27,27.48,27,26.53,0.95,1.68,1.59,48.5,stable,1,low,1.55,0.0,0.11,calm
2026-09-23T23:55:40Z,2026-09-24 07:55:40,2026-09-24 08:00,2026-09-24 00:00Z,2026-09-24 07:55:30,1,30,30.0,29,29.11,0.89,1.47,1.52,48.5,stable,0,none,0.71,0.0,0.3,crosswind
2026-09-24T00:55:40Z,2026-09-24 08:55:40,2026-09-24 09:00,2026-09-24 01:00Z,2026-09-24 08:55:30,1,30,30.25,30,29.7,0.55,0.89,1.17,51.0,stable,2,low,0.93,-0.11,0.16,calm
2026-09-24T01:55:40Z,2026-09-24 09:55:40,2026-09-24 10:00,2026-09-24 02:00Z,2026-09-24 09:55:30,1,30,29.92,30,29.63,0.29,0.3,0.69,54.7,cooling,2,low,0.33,-0.2,-0.34,crosswind
2026-09-24T02:55:40Z,2026-09-24 10:55:40,2026-09-24 11:00,2026-09-24 03:00Z,2026-09-24 10:55:30,1,30,29.87,30,29.58,0.29,0.37,0.51,53.8,stable,0,none,0.9,-0.1,-0.1,crosswind
2026-09-24T03:55:40Z,2026-09-24 11:55:40,2026-09-24 12:00,2026-09-24 04:00Z,2026-09-24 11:55:30,1,32,32.15,32,31.73,0.42,0.42,0.46,53.9,heating,1,low,0.75,-0.07,0.5,calm
2026-09-24T04:55:40Z,2026-09-24 12:55:40,2026-09-24 13:00,2026-09-24 05:00Z,2026-09-24 12:55:30,1,32,32.41,33,33.14,-0.73,-0.73,-0.73,51.7,heating,2,low,1.12,0.22,0.98,crosswind
2026-09-24T05:55:40Z,2026-09-24 13:55:40,2026-09-24 14:00,2026-09-24 06:00Z,2026-09-24 13:55:30,1,32,31.75,33,32.7,-0.95,-1.14,-0.96,51.4,convective,4,moderate,1.67,-0.2,-0.5,crosswind
2026-09-24T06:55:40Z,2026-09-24 14:55:40,2026-09-24 15:00,2026-09-24 07:00Z,2026-09-24 14:55:30,1,30,29.68,30,30.29,-0.61,-0.7,-0.82,51.5,cooling,0,none,1.39,-0.13,-0.43,calm
2026-09-24T07:55:40Z,2026-09-24 15:55:40,2026-09-24 16:00,2026-09-24 08:00Z,2026-09-24 15:55:30,1,28,28.49,29,28.63,-0.14,-0.29,-0.53,51.4,stable,1,low,1.81,0.09,-0.09,crosswind
2026-09-24T08:55:40Z,2026-09-24 16:55:40,2026-09-24 17:00,2026-09-24 09:00Z,2026-09-24 16:55:30,1,30,30.15,29,29.38,0.77,1.37,0.52,52.1,stable,1,low,1.5,0.0,0.03,calm
2026-09-24T09:55:40Z,2026-09-24 17:55:40,2026-09-24 18:00,2026-09-24 10:00Z,2026-09-24 17:55:30,1,29,29.42,29,29.05,0.37,0.62,0.58,52.1,stable,1,low,1.87,0.0,-0.2,crosswind
2026-09-24T10:55:40Z,2026-09-24 18:55:40,2026-09-24 19:00,2026-09-24 11:00Z,2026-09-24 18:55:30,1,28,28.43,28,28.44,-0.01,-0.05,0.23,52.1,stable,1,low,1.96,0.0,-0.03,calm
2026-09-24T11:55:40Z,2026-09-24 19:55:40,2026-09-24 20:00,2026-09-24 12:00Z,2026-09-24 19:55:30,1,29,29.04,28,28.14,0.9,1.56,0.96,22.1,stable,1,low,1.57,0.0,-0.09,calm
2026-09-24T12:55:40Z,2026-09-24 20:55:40,2026-09-24 21:00,2026-09-24 13:00Z,2026-09-24 20:55:30,1,28,27.54,27,27.02,0.52,0.86,0.9,22.1,stable,1,low,1.72,0.0,-0.17,crosswind
2026-09-24T13:55:40Z,2026-09-24 21:55:40,2026-09-24 22:00,2026-09-24 14:00Z,2026-09-24 21:55:30,1,27,27.1,27,26.51,0.59,0.98,0.96,22.1,stable,0,none,1.25,0.0,-0.08,crosswind
2026-09-24T14:55:40Z,2026-09-24 22:55:40,2026-09-24 23:00,2026-09-24 15:00Z,2026-09-24 22:55:30,1,27,26.79,26,26.48,0.31,0.49,0.7,22.1,stable,1,low,1.61,0.0,0.05,crosswind
2026-09-24T15:55:40Z,2026-09-24 23:55:40,2026-09-25 00:00,2026-09-24 16:00Z,2026-09-24 23:55:30,1,27,26.56,26,26.24,0.32,0.52,0.6,22.1,stable,1,low,1.52,0.0,-0.02,calm
2026-09-24T16:55:40Z,2026-09-25 00:55:40,2026-09-25 01:00,2026-09-24 17:00Z,2026-09-25 00:55:30,1,26,26.48,26,26.03,0.45,0.76,0.69,22.1,stable,1,low,1.55,0.0,-0.04,calm
2026-09-24T17:55:40Z,2026-09-25 01:55:40,2026-09-25 02:00,2026-09-24 18:00Z,2026-09-25 01:55:30,1,26,26.32,26,25.75,0.57,0.97,0.84,22.1,stable,0,none,1.32,0.0,-0.06,crosswind
2026-09-24T18:55:40Z,2026-09-25 02:55:40,2026-09-25 03:00,2026-09-24 19:00Z,2026-09-25 02:55:30,1,26,26.31,26,25.57,0.74,1.25,1.07,22.1,stable,0,none,1.3,0.0,0.0,calm
2026-09-24T19:55:40Z,2026-09-25 03:55:40,2026-09-25 04:00,2026-09-24 20:00Z,2026-09-25 03:55:30,1,26,26.39,26,25.54,0.85,1.43,1.27,22.1,stable,1,low,1.55,0.0,-0.04,calm
2026-09-24T20:55:40Z,2026-09-25 04:55:40,2026-09-25 05:00,2026-09-24 21:00Z,2026-09-25 04:55:30,1,26,25.65,25,25.35,0.3,0.46,0.82,52.1,stable,1,low,1.68,0.0,-0.03,calm
2026-09-24T21:55:40Z,2026-09-25 05:55:40,2026-09-25 06:00,2026-09-24 22:00Z,2026-09-25 05:55:30,1,26,26.29,25,25.34,0.95,1.65,1.28,22.0,stable,1,low,1.94,0.0,-0.04,calm
2026-09-24T22:55:40Z,2026-09-25 06:55:40,2026-09-25 07:00,2026-09-24 23:00Z,2026-09-25 06:55:30,1,27,26.83,26,25.88,0.95,1.66,1.49,51.9,stable,1,low,2.77,0.0,0.32,calm
2026-09-24T23:55:40Z,2026-09-25 07:55:40,2026-09-25 08:00,2026-09-25 00:00Z,2026-09-25 07:55:30,1,30,29.82,29,28.87,0.95,2.0,1.77,51.9,stable,0,none,0.63,0.0,0.39,calm
2026-09-25T00:55:40Z,2026-09-25 08:55:40,2026-09-25 09:00,2026-09-25 01:00Z,2026-09-25 08:55:30,1,31,31.23,31,31.03,0.2,0.13,0.87,51.3,heating,1,low,1.03,-0.03,0.46,crosswind
2026-09-25T01:55:40Z,2026-09-25 09:55:40,2026-09-25 10:00,2026-09-25 02:00Z,2026-09-25 09:55:30,1,32,31.71,32,31.7,0.01,-0.03,0.37,52.7,convective,3,moderate,1.83,-0.07,-0.0,crosswind
2026-09-25T02:55:40Z,2026-09-25 10:55:40,2026-09-25 11:00,2026-09-25 03:00Z,2026-09-25 10:55:30,1,34,34.13,33,33.18,0.95,1.3,0.88,52.3,heating,2,low,3.03,0.14,0.4,calm
2026-09-25T03:55:40Z,2026-09-25 11:55:40,2026-09-25 12:00,2026-09-25 04:00Z,2026-09-25 11:55:30,1,34,33.56,34,33.69,-0.13,-0.18,0.3,52.4,heating,1,low,4.03,0.26,0.44,crosswind
2026-09-25T04:55:40Z,2026-09-25 12:55:40,2026-09-25 13:00,2026-09-25 05:00Z,2026-09-25 12:55:30,1,35,34.82,35,34.51,0.31,0.31,0.31,50.7,heating,1,low,3.93,0.31,0.32,crosswind
2026-09-25T05:55:40Z,2026-09-25 13:55:40,2026-09-25 14:00,2026-09-25 06:00Z,2026-09-25 13:55:30,1,32,31.5,32,31.9,-0.4,-0.51,-0.14,51.3,cooling,2,low,2.83,-0.15,-0.81,crosswind
2026-09-25T06:55:40Z,2026-09-25 14:55:40,2026-09-25 15:00,2026-09-25 07:00Z,2026-09-25 14:55:30,1,31,30.67,31,30.58,0.09,0.1,-0.01,51.7,outflow,5,high,1.36,-0.29,-0.78,crosswind
2026-09-25T07:55:40Z,2026-09-25 15:55:40,2026-09-25 16:00,2026-09-25 08:00Z,2026-09-25 15:55:30,1,31,30.68,31,31.23,-0.55,-0.58,-0.32,46.5,heating,1,low,1.95,0.07,0.41,crosswind
2026-09-25T08:55:40Z,2026-09-25 16:55:40,2026-09-25 17:00,2026-09-25 09:00Z,2026-09-25 16:55:30,1,31,31.4,31,31.08,0.32,0.77,0.28,48.4,stable,2,low,1.52,0.0,-0.01,crosswind
2026-09-25T09:55:40Z,2026-09-25 17:55:40,2026-09-25 18:00,2026-09-25 10:00Z,2026-09-25 17:55:30,1,29,29.45,29,29.48,-0.03,-0.08,0.08,48.3,stable,0,none,0.83,0.0,-0.13,crosswind
2026-09-25T10:55:40Z,2026-09-25 18:55:40,2026-09-25 19:00,2026-09-25 11:00Z,2026-09-25 18:55:30,1,29,29.12,29,28.82,0.3,0.52,0.32,48.3,stable,0,none,0.92,-0.01,-0.08,crosswind
2026-09-25T11:55:40Z,2026-09-25 19:55:40,2026-09-25 20:00,2026-09-25 12:00Z,2026-09-25 19:55:30,1,29,29.27,29,28.59,0.68,1.18,0.79,32.9,stable,0,none,1.31,0.0,0.0,calm
2026-09-25T12:55:40Z,2026-09-25 20:55:40,2026-09-25 21:00,2026-09-25 13:00Z,2026-09-25 20:55:30,1,29,29.22,28,28.38,0.84,1.41,1.28,2.8,stable,0,none,1.33,0.0,-0.0,calm
2026-09-25T13:55:40Z,2026-09-25 21:55:40,2026-09-25 22:00,2026-09-25 14:00Z,2026-09-25 21:55:30,1,29,28.65,28,28.26,0.39,0.62,0.92,32.8,stable,0,none,1.27,0.0,-0.01,crosswind
2026-09-25T14:55:40Z,2026-09-25 22:55:40,2026-09-25 23:00,2026-09-25 15:00Z,2026-09-25 22:55:30,0,,,,,0.41,0.74,0.82,,unavailable,0,none,unavailable,unavailable,unavailable,crosswind
2026-09-25T15:55:40Z,2026-09-25 23:55:40,2026-09-26 00:00,2026-09-25 16:00Z,2026-09-25 23:55:30,1,28,27.71,27,27.49,0.22,0.74,0.82,92.8,stable,1,low,2.16,0.0,-0.05,crosswind
2026-09-25T16:55:40Z,2026-09-26 00:55:40,2026-09-26 01:00,2026-09-25 17:00Z,2026-09-26 00:55:30,1,28,28.3,27,27.39,0.91,1.51,1.51,32.8,stable,1,low,2.15,0.0,-0.06,calm
2026-09-25T17:55:40Z,2026-09-26 01:55:40,2026-09-26 02:00,2026-09-25 18:00Z,2026-09-26 01:55:30,1,28,27.51,27,27.12,0.39,0.61,1.01,32.8,stable,1,low,2.07,0.0,-0.08,crosswind
2026-09-25T18:55:40Z,2026-09-26 02:55:40,2026-09-26 03:00,2026-09-25 19:00Z,2026-09-26 02:55:30,1,28,27.65,27,27.12,0.53,0.88,0.94,32.8,stable,1,low,2.38,0.0,-0.04,crosswind
2026-09-25T19:55:40Z,2026-09-26 03:55:40,2026-09-26 04:00,2026-09-25 20:00Z,2026-09-26 03:55:30,1,27,26.83,27,26.86,-0.03,-0.12,0.36,32.8,stable,1,low,1.9,0.0,-0.03,calm
2026-09-25T20:55:40Z,2026-09-26 04:55:40,2026-09-26 05:00,2026-09-25 21:00Z,2026-09-26 04:55:30,1,27,26.66,27,26.59,0.07,0.14,0.24,32.7,stable,1,low,2.17,0.0,-0.06,crosswind
2026-09-25T21:55:40Z,2026-09-26 05:55:40,2026-09-26 06:00,2026-09-25 22:00Z,2026-09-26 05:55:30,1,27,26.62,26,26.38,0.24,0.41,0.33,32.7,stable,1,low,2.15,0.0,-0.01,calm
2026-09-25T22:55:40Z,2026-09-26 06:55:40,2026-09-26 07:00,2026-09-25 23:00Z,2026-09-26 06:55:30,1,28,27.7,27,27.34,0.36,0.62,0.49,32.5,stable,1,low,1.97,0.0,0.34,calm
2026-09-25T23:55:40Z,2026-09-26 07:55:40,2026-09-26 08:00,2026-09-26 00:00Z,2026-09-26 07:55:30,1,30,29.65,29,29.26,0.39,0.66,0.58,32.5,stable,1,low,1.37,0.0,0.3,calm
2026-09-26T00:55:40Z,2026-09-26 08:55:40,2026-09-26 09:00,2026-09-26 01:00Z,2026-09-26 08:55:30,1,30,30.38,31,30.51,-0.13,-0.26,0.12,49.6,stable,0,none,0.23,0.14,0.19,crosswind
2026-09-26T01:55:40Z,2026-09-26 09:55:40,2026-09-26 10:00,2026-09-26 02:00Z,2026-09-26 09:55:30,1,34,33.76,33,32.81,0.95,1.49,0.87,51.5,heating,1,low,1.55,0.37,0.36,crosswind
2026-09-26T02:55:40Z,2026-09-26 10:55:40,2026-09-26 11:00,2026-09-26 03:00Z,2026-09-26 10:55:30,1,31,31.07,32,32.02,-0.95,-1.81,-0.6,48.4,cooling,2,low,4.63,-0.29,-0.48,crosswind
2026-09-26T03:55:40Z,2026-09-26 11:55:40,2026-09-26 12:00,2026-09-26 04:00Z,2026-09-26 11:55:30,1,30,30.41,31,31.01,-0.6,-1.02,-0.83,47.5,stable,1,low,1.53,-0.09,0.24,crosswind
2026-09-26T04:55:40Z,2026-09-26 12:55:40,2026-09-26 13:00,2026-09-26 05:00Z,2026-09-26 12:55:30,1,33,33.02,33,32.61,0.41,0.99,0.17,47.8,stable,1,low,1.23,0.09,-0.01,crosswind
2026-09-26T05:55:40Z,2026-09-26 13:55:40,2026-09-26 14:00,2026-09-26 06:00Z,2026-09-26 13:55:30,1,31,31.07,32,31.5,-0.43,-0.61,-0.26,50.4,stable,1,low,1.29,-0.1,-0.38,crosswind
2026-09-26T06:55:40Z,2026-09-26 14:55:40,2026-09-26 15:00,2026-09-26 07:00Z,2026-09-26 14:55:30,1,31,30.62,31,30.91,-0.29,-0.5,-0.39,51.3,stable,0,none,0.29,0.02,0.01,crosswind
2026-09-26T07:55:40Z,2026-09-26 15:55:40,2026-09-26 16:00,2026-09-26 08:00Z,2026-09-26 15:55:30,1,31,31.0,31,30.95,0.05,0.09,-0.13,50.9,stable,1,low,0.23,-0.16,-0.33,crosswind
2026-09-26T08:55:40Z,2026-09-26 16:55:40,2026-09-26 17:00,2026-09-26 09:00Z,2026-09-26 16:55:30,1,30,30.28,30,30.26,0.02,0.05,-0.03,50.0,stable,0,none,0.47,0.0,-0.06,crosswind
2026-09-26T09:55:40Z,2026-09-26 17:55:40,2026-09-26 18:00,2026-09-26 10:00Z,2026-09-26 17:55:30,1,30,29.62,30,29.73,-0.11,-0.26,-0.16,50.0,stable,0,none,0.7,0.0,-0.09,crosswind
2026-09-26T10:55:40Z,2026-09-26 18:55:40,2026-09-26 19:00,2026-09-26 11:00Z,2026-09-26 18:55:30,1,29,29.41,29,29.3,0.11,0.27,0.08,50.0,stable,0,none,0.65,0.0,-0.07,crosswind
2026-09-26T11:55:40Z,2026-09-26 19:55:40,2026-09-26 20:00,2026-09-26 12:00Z,2026-09-26 19:55:30,1,29,28.88,29,29.01,-0.13,-0.3,-0.13,50.0,stable,0,none,0.77,0.0,-0.06,calm
2026-09-26T12:55:40Z,2026-09-26 20:55:40,2026-09-26 21:00,2026-09-26 13:00Z,2026-09-26 20:55:30,1,29,29.14,29,28.58,0.56,0.99,0.49,50.0,stable,0,none,0.88,0.0,-0.13,calm
2026-09-26T13:55:40Z,2026-09-26 21:55:40,2026-09-26 22:00,2026-09-26 14:00Z,2026-09-26 21:55:30,1,29,29.11,28,28.28,0.83,1.42,1.0,50.0,stable,0,none,1.22,0.0,-0.01,crosswind
2026-09-26T14:55:40Z,2026-09-26 22:55:40,2026-09-26 23:00,2026-09-26 15:00Z,2026-09-26 22:55:30,1,28,28.26,28,27.82,0.44,0.72,0.85,50.0,stable,1,low,1.63,0.0,-0.08,calm
2026-09-26T15:55:40Z,2026-09-26 23:55:40,2026-09-27 00:00,2026-09-26 16:00Z,2026-09-26 23:55:30,1,28,28.17,27,27.47,0.7,1.18,1.03,50.0,stable,1,low,1.77,0.0,-0.04,calm
2026-09-26T16:55:40Z,2026-09-27 00:55:40,2026-09-27 01:00,2026-09-26 17:00Z,2026-09-27 00:55:30,1,28,27.54,27,27.21,0.33,0.53,0.76,50.0,stable,1,low,1.72,0.0,-0.04,calm
2026-09-26T17:55:40Z,2026-09-27 01:55:40,2026-09-27 02:00,2026-09-26 18:00Z,2026-09-27 01:55:30,1,28,27.73,27,27.26,0.47,0.79,0.78,50.0,stable,1,low,1.57,0.0,0.09,calm
2026-09-26T18:55:40Z,2026-09-27 02:55:40,2026-09-27 03:00,2026-09-26 19:00Z,2026-09-27 02:55:30,1,28,27.59,27,27.14,0.45,0.74,0.76,20.0,stable,1,low,1.66,0.0,-0.0,calm
2026-09-26T19:55:40Z,2026-09-27 03:55:40,2026-09-27 04:00,2026-09-26 20:00Z,2026-09-27 03:55:30,1,27,27.47,27,26.96,0.51,0.86,0.81,50.0,stable,1,low,1.54,0.0,-0.04,calm
2026-09-26T20:55:40Z,2026-09-27 04:55:40,2026-09-27 05:00,2026-09-26 21:00Z,2026-09-27 04:55:30,1,27,27.3,27,26.68,0.62,1.04,0.94,50.0,stable,0,none,1.46,0.0,-0.08,calm
2026-09-26T21:55:40Z,2026-09-27 05:55:40,2026-09-27 06:00,2026-09-26 22:00Z,2026-09-27 05:55:30,1,27,27.24,26,26.46,0.78,1.32,1.15,50.0,stable,1,low,1.54,0.0,-0.05,calm
2026-09-26T22:55:40Z,2026-09-27 06:55:40,2026-09-27 07:00,2026-09-26 23:00Z,2026-09-27 06:55:30,1,27,27.34,27,27.0,0.34,0.54,0.81,50.0,stable,1,low,1.57,0.0,0.31,calm
2026-09-26T23:55:40Z,2026-09-27 07:55:40,2026-09-27 08:00,2026-09-27 00:00Z,2026-09-27 07:55:30,1,30,30.02,29,29.07,0.95,2.0,1.46,50.0,stable,0,none,1.38,0.0,0.08,calm
2026-09-27T00:55:40Z,2026-09-27 08:55:40,2026-09-27 09:00,2026-09-27 01:00Z,2026-09-27 08:55:30,1,32,31.88,31,30.93,0.95,0.93,1.17,50.0,heating,0,none,1.03,0.37,0.47,crosswind
2026-09-27T01:55:40Z,2026-09-27 09:55:40,2026-09-27 10:00,2026-09-27 02:00Z,2026-09-27 09:55:30,1,32,31.53,31,31.41,0.12,0.07,0.57,48.6,heating,1,low,1.33,0.2,0.05,calm
2026-09-27T02:55:40Z,2026-09-27 10:55:40,2026-09-27 11:00,2026-09-27 03:00Z,2026-09-27 10:55:30,1,32,31.92,31,31.33,0.59,0.59,0.58,50.7,convective,3,moderate,1.33,0.16,-0.36,crosswind
2026-09-27T03:55:40Z,2026-09-27 11:55:40,2026-09-27 12:00,2026-09-27 04:00Z,2026-09-27 11:55:30,1,32,32.4,32,32.0,0.4,0.67,0.65,20.7,stable,1,low,2.13,0.15,0.07,crosswind
2026-09-27T04:55:40Z,2026-09-27 12:55:40,2026-09-27 13:00,2026-09-27 05:00Z,2026-09-27 12:55:30,1,34,33.59,33,33.0,0.59,1.0,0.84,49.5,stable,1,low,1.41,-0.11,0.38,crosswind
2026-09-27T05:55:40Z,2026-09-27 13:55:40,2026-09-27 14:00,2026-09-27 06:00Z,2026-09-27 13:55:30,1,33,32.73,33,32.71,0.02,0.0,0.38,49.4,stable,1,low,1.98,0.12,0.1,crosswind
2026-09-27T06:55:40Z,2026-09-27 14:55:40,2026-09-27 15:00,2026-09-27 07:00Z,2026-09-27 14:55:30,1,33,32.95,33,32.82,0.13,0.29,0.33,49.0,stable,1,low,0.64,-0.03,-0.24,crosswind
2026-09-27T07:55:40Z,2026-09-27 15:55:40,2026-09-27 16:00,2026-09-27 08:00Z,2026-09-27 15:55:30,1,32,32.19,32,32.05,0.14,0.18,0.25,49.5,stable,1,low,0.83,-0.17,-0.39,crosswind
2026-09-27T08:55:40Z,2026-09-27 16:55:40,2026-09-27 17:00,2026-09-27 09:00Z,2026-09-27 16:55:30,1,31,30.53,31,31.12,-0.59,-1.05,-0.46,50.7,stable,0,none,0.95,0.0,-0.06,crosswind
2026-09-27T09:55:40Z,2026-09-27 17:55:40,2026-09-27 18:00,2026-09-27 10:00Z,2026-09-27 17:55:30,1,30,29.93,30,29.99,-0.06,-0.12,-0.27,50.7,stable,0,none,1.08,0.0,-0.3,crosswind
2026-09-27T10:55:40Z,2026-09-27 18:55:40,2026-09-27 19:00,2026-09-27 11:00Z,2026-09-27 18:55:30,1,29,29.3,29,29.3,-0.0,0.01,-0.12,50.7,stable,0,none,0.96,0.0,-0.09,crosswind
2026-09-27T11:55:40Z,2026-09-27 19:55:40,2026-09-27 20:00,2026-09-27 12:00Z,2026-09-27 19:55:30,1,29,29.39,29,28.99,0.4,0.7,0.33,50.7,stable,0,none,1.18,0.0,-0.05,crosswind
2026-09-27T12:55:40Z,2026-09-27 20:55:40,2026-09-27 21:00,2026-09-27 13:00Z,2026-09-27 20:55:30,1,29,29.4,29,28.81,0.59,1.01,0.7,20.7,stable,0,none,1.47,0.0,-0.06,crosswind
2026-09-27T13:55:40Z,2026-09-27 21:55:40,2026-09-27 22:00,2026-09-27 14:00Z,2026-09-27 21:55:30,1,29,29.19,28,28.49,0.7,1.19,0.97,50.7,stable,1,low,2.16,0.0,-0.1,calm
2026-09-27T14:55:40Z,2026-09-27 22:55:40,2026-09-27 23:00,2026-09-27 15:00Z,2026-09-27 22:55:30,1,29,29.16,28,28.27,0.89,1.51,1.27,50.7,stable,1,low,1.98,0.0,0.01,crosswind
2026-09-27T15:55:40Z,2026-09-27 23:55:40,2026-09-28 00:00,2026-09-27 16:00Z,2026-09-27 23:55:30,1,29,28.57,28,28.12,0.45,0.73,0.97,50.6,stable,1,low,1.92,0.0,-0.05,crosswind
2026-09-27T16:55:40Z,2026-09-28 00:55:40,2026-09-28 01:00,2026-09-27 17:00Z,2026-09-28 00:55:30,1,28,28.44,28,27.91,0.53,0.88,0.92,50.6,stable,1,low,2.15,0.0,-0.05,calm
2026-09-27T17:55:40Z,2026-09-28 01:55:40,2026-09-28 02:00,2026-09-27 18:00Z,2026-09-28 01:55:30,1,28,28.36,28,27.71,0.65,1.09,1.01,50.6,stable,1,low,1.87,0.0,-0.03,calm
2026-09-27T18:55:40Z,2026-09-28 02:55:40,2026-09-28 03:00,2026-09-27 19:00Z,2026-09-28 02:55:30,1,28,28.48,28,27.71,0.77,1.29,1.16,50.6,stable,1,low,1.93,0.0,-0.01,crosswind
2026-09-27T19:55:40Z,2026-09-28 03:55:40,2026-09-28 04:00,2026-09-27 20:00Z,2026-09-28 03:55:30,1,28,28.18,27,27.41,0.77,1.29,1.23,20.6,stable,1,low,2.31,0.0,-0.08,crosswind
2026-09-27T20:55:40Z,2026-09-28 04:55:40,2026-09-28 05:00,2026-09-27 21:00Z,2026-09-28 04:55:30,1,28,27.74,27,27.37,0.37,0.59,0.88,50.6,stable,1,low,2.1,0.0,-0.04,calm
2026-09-27T21:55:40Z,2026-09-28 05:55:40,2026-09-28 06:00,2026-09-27 22:00Z,2026-09-28 05:55:30,1,28,27.54,27,27.16,0.38,0.63,0.74,20.6,stable,1,low,2.07,0.0,-0.06,calm
2026-09-27T22:55:40Z,2026-09-28 06:55:40,2026-09-28 07:00,2026-09-27 23:00Z,2026-09-28 06:55:30,1,28,28.04,28,27.54,0.5,0.84,0.79,20.5,stable,1,low,1.57,0.0,0.15,calm
2026-09-27T23:55:40Z,2026-09-28 07:55:40,2026-09-28 08:00,2026-09-28 00:00Z,2026-09-28 07:55:30,1,30,29.83,29,28.97,0.86,1.46,1.16,50.5,stable,0,none,0.84,0.0,0.32,calm
2026-09-28T00:55:40Z,2026-09-28 08:55:40,2026-09-28 09:00,2026-09-28 01:00Z,2026-09-28 08:55:30,0,,,,,0.57,1.03,1.09,,unavailable,1,low,unavailable,unavailable,unavailable,crosswind
2026-09-28T01:55:40Z,2026-09-28 09:55:40,2026-09-28 10:00,2026-09-28 02:00Z,2026-09-28 09:55:30,1,31,30.6,31,30.6,0.0,1.03,1.09,112.5,convective,3,moderate,0.92,-0.18,0.06,crosswind
2026-09-28T02:55:40Z,2026-09-28 10:55:40,2026-09-28 11:00,2026-09-28 03:00Z,2026-09-28 10:55:30,1,30,30.41,31,30.77,-0.36,-0.6,-0.6,49.6,stable,1,low,1.27,-0.13,-0.12,calm
2026-09-28T03:55:40Z,2026-09-28 11:55:40,2026-09-28 12:00,2026-09-28 04:00Z,2026-09-28 11:55:30,1,32,32.32,32,32.16,0.16,0.23,-0.14,49.5,cooling,2,low,1.59,-0.01,-0.59,crosswind
2026-09-28T04:55:40Z,2026-09-28 12:55:40,2026-09-28 13:00,2026-09-28 05:00Z,2026-09-28 12:55:30,1,33,32.97,33,33.09,-0.12,-0.16,-0.15,51.5,stable,2,low,1.53,-0.18,0.38,crosswind
2026-09-28T05:55:40Z,2026-09-28 13:55:40,2026-09-28 14:00,2026-09-28 06:00Z,2026-09-28 13:55:30,1,32,31.67,33,32.62,-0.95,-1.09,-0.67,49.8,convective,4,moderate,0.43,-0.4,-0.64,crosswind
2026-09-28T06:55:40Z,2026-09-28 14:55:40,2026-09-28 15:00,2026-09-28 07:00Z,2026-09-28 14:55:30,1,32,32.01,32,32.38,-0.37,-0.62,-0.64,49.4,stable,1,low,0.63,-0.12,-0.2,crosswind
2026-09-28T07:55:40Z,2026-09-28 15:55:40,2026-09-28 16:00,2026-09-28 08:00Z,2026-09-28 15:55:30,1,32,31.9,32,32.19,-0.29,-0.38,-0.5,49.2,stable,1,low,0.53,-0.16,-0.09,crosswind
2026-09-28T08:55:40Z,2026-09-28 16:55:40,2026-09-28 17:00,2026-09-28 09:00Z,2026-09-28 16:55:30,1,31,30.93,31,31.02,-0.09,-0.19,-0.33,50.7,stable,0,none,0.66,0.0,-0.15,crosswind
2026-09-28T09:55:40Z,2026-09-28 17:55:40,2026-09-28 18:00,2026-09-28 10:00Z,2026-09-28 17:55:30,1,30,30.39,30,30.41,-0.02,-0.02,-0.16,50.7,stable,0,none,1.13,0.0,-0.19,crosswind
2026-09-28T10:55:40Z,2026-09-28 18:55:40,2026-09-28 19:00,2026-09-28 11:00Z,2026-09-28 18:55:30,0,,,,,-0.22,-0.41,-0.3,,unavailable,0,none,unavailable,unavailable,unavailable,calm
2026-09-28T11:55:40Z,2026-09-28 19:55:40,2026-09-28 20:00,2026-09-28 12:00Z,2026-09-28 19:55:30,0,,,,,-0.0,-0.41,-0.3,,unavailable,1,low,unavailable,unavailable,unavailable,crosswind
2026-09-28T12:55:40Z,2026-09-28 20:55:40,2026-09-28 21:00,2026-09-28 13:00Z,2026-09-28 20:55:30,0,,,,,-0.0,-0.41,-0.3,,unavailable,1,low,unavailable,unavailable,unavailable,crosswind
2026-09-28T13:55:40Z,2026-09-28 21:55:40,2026-09-28 22:00,2026-09-28 14:00Z,2026-09-28 21:55:30,1,27,26.78,27,26.78,-0.0,-0.41,-0.3,230.7,stable,2,low,2.73,0.0,-0.11,calm
2026-09-28T14:55:40Z,2026-09-28 22:55:40,2026-09-28 23:00,2026-09-28 15:00Z,2026-09-28 22:55:30,1,27,27.37,27,26.64,0.73,1.22,1.22,50.4,stable,1,low,1.83,0.0,-0.04,calm
2026-09-28T15:55:40Z,2026-09-28 23:55:40,2026-09-29 00:00,2026-09-28 16:00Z,2026-09-28 23:55:30,1,28,27.63,27,26.82,0.81,1.36,1.3,20.4,stable,1,low,2.05,0.0,0.03,calm
2026-09-28T16:55:40Z,2026-09-29 00:55:40,2026-09-29 01:00,2026-09-28 17:00Z,2026-09-29 00:55:30,1,28,27.62,27,26.91,0.71,1.18,1.23,50.4,stable,1,low,2.42,0.0,0.05,calm
2026-09-28T17:55:40Z,2026-09-29 01:55:40,2026-09-29 02:00,2026-09-28 18:00Z,2026-09-29 01:55:30,1,28,27.58,27,26.92,0.66,1.09,1.15,50.4,stable,1,low,2.57,0.0,-0.01,crosswind
2026-09-28T18:55:40Z,2026-09-29 02:55:40,2026-09-29 03:00,2026-09-28 19:00Z,2026-09-29 02:55:30,1,28,27.8,27,27.15,0.65,1.08,1.11,20.3,stable,1,low,2.18,0.0,0.0,crosswind
2026-09-28T19:55:40Z,2026-09-29 03:55:40,2026-09-29 04:00,2026-09-28 20:00Z,2026-09-29 03:55:30,1,28,27.83,27,27.31,0.52,0.85,0.97,50.3,stable,1,low,2.15,0.0,0.08,calm
2026-09-28T20:55:40Z,2026-09-29 04:55:40,2026-09-29 05:00,2026-09-28 21:00Z,2026-09-29 04:55:30,1,28,28.23,27,27.28,0.95,1.69,1.37,50.3,stable,1,low,2.31,0.0,-0.05,crosswind
2026-09-28T21:55:40Z,2026-09-29 05:55:40,2026-09-29 06:00,2026-09-28 22:00Z,2026-09-29 05:55:30,1,27,27.24,27,26.79,0.45,0.72,1.01,20.2,stable,1,low,2.0,0.0,-0.04,calm
2026-09-28T22:55:40Z,2026-09-29 06:55:40,2026-09-29 07:00,2026-09-28 23:00Z,2026-09-29 06:55:30,1,28,27.96,27,27.24,0.72,1.21,1.12,50.2,stable,0,none,1.37,0.0,0.12,calm
2026-09-28T23:55:40Z,2026-09-29 07:55:40,2026-09-29 08:00,2026-09-29 00:00Z,2026-09-29 07:55:30,1,31,31.15,30,30.2,0.95,1.76,1.47,20.2,heating,0,none,1.43,0.0,0.46,calm
2026-09-29T00:55:40Z,2026-09-29 08:55:40,2026-09-29 09:00,2026-09-29 01:00Z,2026-09-29 08:55:30,1,31,31.37,31,30.87,0.5,0.8,1.1,13.8,stable,1,low,3.13,0.05,0.16,crosswind
2026-09-29T01:55:40Z,2026-09-29 09:55:40,2026-09-29 10:00,2026-09-29 02:00Z,2026-09-29 09:55:30,1,30,30.41,30,30.26,0.15,0.13,0.57,44.5,cooling,2,low,1.01,-0.15,-0.52,crosswind
2026-09-29T02:55:40Z,2026-09-29 10:55:40,2026-09-29 11:00,2026-09-29 03:00Z,2026-09-29 10:55:30,1,31,30.65,31,30.8,-0.15,-0.26,-0.09,14.4,stable,1,low,0.89,0.17,0.39,crosswind
2026-09-29T03:55:40Z,2026-09-29 11:55:40,2026-09-29 12:00,2026-09-29 04:00Z,2026-09-29 11:55:30,1,34,33.7,34,33.51,0.19,0.2,0.07,50.0,rapid_heating,2,low,3.13,0.48,1.09,calm
2026-09-29T04:55:40Z,2026-09-29 12:55:40,2026-09-29 13:00,2026-09-29 05:00Z,2026-09-29 12:55:30,1,33,33.06,34,33.54,-0.48,-0.51,-0.25,51.4,convective,4,moderate,2.43,-0.08,-0.06,crosswind
2026-09-29T05:55:40Z,2026-09-29 13:55:40,2026-09-29 14:00,2026-09-29 06:00Z,2026-09-29 13:55:30,1,30,30.46,31,30.99,-0.53,-0.54,-0.41,47.5,outflow,8,extreme,4.19,-1.08,-2.35,upstream
2026-09-29T06:55:40Z,2026-09-29 14:55:40,2026-09-29 15:00,2026-09-29 07:00Z,2026-09-29 14:55:30,1,31,30.97,32,31.55,-0.58,-0.99,-0.73,49.7,stable,2,low,0.67,-0.1,0.12,upstream
2026-09-29T07:55:40Z,2026-09-29 15:55:40,2026-09-29 16:00,2026-09-29 08:00Z,2026-09-29 15:55:30,1,32,31.97,32,31.79,0.18,0.45,-0.08,46.8,stable,0,none,0.75,-0.04,-0.1,upstream
2026-09-29T08:55:40Z,2026-09-29 16:55:40,2026-09-29 17:00,2026-09-29 09:00Z,2026-09-29 16:55:30,1,31,30.67,31,30.58,0.09,0.21,0.08,46.0,stable,0,none,1.25,0.0,-0.29,calm
2026-09-29T09:55:40Z,2026-09-29 17:55:40,2026-09-29 18:00,2026-09-29 10:00Z,2026-09-29 17:55:30,0,,,,,0.22,0.42,0.27,,unavailable,0,none,unavailable,unavailable,unavailable,upstream
2026-09-29T10:55:40Z,2026-09-29 18:55:40,2026-09-29 19:00,2026-09-29 11:00Z,2026-09-29 18:55:30,0,,,,,0.0,0.42,0.27,,unavailable,0,none,unavailable,unavailable,unavailable,calm
2026-09-29T11:55:40Z,2026-09-29 19:55:40,2026-09-29 20:00,2026-09-29 12:00Z,2026-09-29 19:55:30,0,,,,,0.0,0.42,0.27,,unavailable,0,none,unavailable,unavailable,unavailable,upstream
2026-09-29T12:55:40Z,2026-09-29 20:55:40,2026-09-29 21:00,2026-09-29 13:00Z,2026-09-29 20:55:30,1,28,27.97,28,27.97,0.0,0.42,0.27,226.0,stable,1,low,2.21,0.0,-0.2,calm
2026-09-29T13:55:40Z,2026-09-29 21:55:40,2026-09-29 22:00,2026-09-29 14:00Z,2026-09-29 21:55:30,0,,,,,0.57,1.03,1.03,,unavailable,0,none,unavailable,unavailable,unavailable,calm
2026-09-29T14:55:40Z,2026-09-29 22:55:40,2026-09-29 23:00,2026-09-29 15:00Z,2026-09-29 22:55:30,1,28,27.69,28,27.69,0.0,1.03,1.03,105.9,stable,1,low,2.38,0.0,0.04,calm
2026-09-29T15:55:40Z,2026-09-29 23:55:40,2026-09-30 00:00,2026-09-29 16:00Z,2026-09-29 23:55:30,0,,,,,0.72,1.31,1.31,,unavailable,0,none,unavailable,unavailable,unavailable,calm
2026-09-29T16:55:40Z,2026-09-30 00:55:40,2026-09-30 01:00,2026-09-29 17:00Z,2026-09-30 00:55:30,0,,,,,0.0,1.31,1.31,,unavailable,0,none,unavailable,unavailable,unavailable,calm
2026-09-29T17:55:40Z,2026-09-30 01:55:40,2026-09-30 02:00,2026-09-29 18:00Z,2026-09-30 01:55:30,1,27,27.27,27,27.27,0.0,1.31,1.31,165.8,stable,1,low,2.27,0.0,-0.08,calm
2026-09-29T18:55:40Z,2026-09-30 02:55:40,2026-09-30 03:00,2026-09-29 19:00Z,2026-09-30 02:55:30,1,27,27.28,27,26.84,0.44,0.73,0.73,45.8,stable,1,low,2.47,0.0,-0.04,calm
2026-09-29T19:55:40Z,2026-09-30 03:55:40,2026-09-30 04:00,2026-09-29 20:00Z,2026-09-30 03:55:30,1,27,27.47,27,26.79,0.68,1.16,0.97,45.7,stable,1,low,2.37,0.0,-0.04,calm
2026-09-29T20:55:40Z,2026-09-30 04:55:40,2026-09-30 05:00,2026-09-29 21:00Z,2026-09-30 04:55:30,1,27,26.5,26,26.39,0.11,0.21,0.55,30.2,stable,1,low,2.07,0.0,-0.01,calm
2026-09-29T21:55:40Z,2026-09-30 05:55:40,2026-09-30 06:00,2026-09-29 22:00Z,2026-09-30 05:55:30,1,27,26.57,26,26.21,0.36,0.61,0.58,30.2,stable,1,low,2.27,0.0,-0.05,calm
2026-09-29T22:55:40Z,2026-09-30 06:55:40,2026-09-30 07:00,2026-09-29 23:00Z,2026-09-30 06:55:30,1,28,27.68,27,27.21,0.47,0.79,0.7,30.2,stable,1,low,3.17,0.0,0.29,calm
2026-09-29T23:55:40Z,2026-09-30 07:55:40,2026-09-30 08:00,2026-09-30 00:00Z,2026-09-30 07:55:30,1,31,30.91,30,29.96,0.95,2.0,1.42,30.2,stable,1,low,0.76,0.0,-0.01,upstream
2026-09-30T00:55:40Z,2026-09-30 08:55:40,2026-09-30 09:00,2026-09-30 01:00Z,2026-09-30 08:55:30,1,33,33.35,32,32.4,0.95,1.04,1.21,51.4,heating,1,low,1.7,0.33,0.47,upstream
2026-09-30T01:55:40Z,2026-09-30 09:55:40,2026-09-30 10:00,2026-09-30 02:00Z,2026-09-30 09:55:30,1,32,32.29,33,32.62,-0.33,-0.4,0.32,53.9,convective,4,moderate,1.53,0.11,0.16,upstream
2026-09-30T02:55:40Z,2026-09-30 10:55:40,2026-09-30 11:00,2026-09-30 03:00Z,2026-09-30 10:55:30,1,34,33.83,33,33.45,0.38,0.38,0.35,51.1,heating,1,low,4.13,0.26,0.36,upstream
2026-09-30T03:55:40Z,2026-09-30 11:55:40,2026-09-30 12:00,2026-09-30 04:00Z,2026-09-30 11:55:30,1,33,33.48,34,33.89,-0.41,-0.45,-0.09,53.9,outflow,6,high,2.93,-0.42,-0.28,calm
2026-09-30T04:55:40Z,2026-09-30 12:55:40,2026-09-30 13:00,2026-09-30 05:00Z,2026-09-30 12:55:30,1,32,32.36,33,33.21,-0.85,-0.89,-0.53,46.3,heating,1,low,2.23,0.22,-0.19,upstream
2026-09-30T05:55:40Z,2026-09-30 13:55:40,2026-09-30 14:00,2026-09-30 06:00Z,2026-09-30 13:55:30,1,33,33.38,34,34.33,-0.95,-1.21,-0.9,49.7,heating,1,low,3.83,0.2,0.61,calm
2026-09-30T06:55:40Z,2026-09-30 14:55:40,2026-09-30 15:00,2026-09-30 07:00Z,2026-09-30 14:55:30,1,30,30.03,31,30.82,-0.79,-1.33,-1.14,53.9,stable,2,low,3.61,0.07,-0.17,upstream
2026-09-30T07:55:40Z,2026-09-30 15:55:40,2026-09-30 16:00,2026-09-30 08:00Z,2026-09-30 15:55:30,1,33,32.75,32,32.27,0.48,1.18,0.14,45.6,stable,2,low,3.56,0.02,0.21,upstream
2026-09-30T08:55:40Z,2026-09-30 16:55:40,2026-09-30 17:00,2026-09-30 09:00Z,2026-09-30 16:55:30,1,32,31.54,32,31.65,-0.11,-0.27,-0.09,45.5,stable,1,low,3.57,0.0,-0.04,upstream
2026-09-30T09:55:40Z,2026-09-30 17:55:40,2026-09-30 18:00,2026-09-30 10:00Z,2026-09-30 17:55:30,1,30,30.16,30,30.01,0.15,0.35,0.15,45.3,stable,1,low,2.64,0.0,-0.24,calm
2026-09-30T10:55:40Z,2026-09-30 18:55:40,2026-09-30 19:00,2026-09-30 11:00Z,2026-09-30 18:55:30,1,30,30.3,30,29.73,0.57,0.99,0.61,45.3,stable,1,low,2.48,0.0,-0.02,upstream
2026-09-30T11:55:40Z,2026-09-30 19:55:40,2026-09-30 20:00,2026-09-30 12:00Z,2026-09-30 19:55:30,0,,,,,0.16,0.27,0.42,,unavailable,0,none,unavailable,unavailable,unavailable,calm
2026-09-30T12:55:40Z,2026-09-30 20:55:40,2026-09-30 21:00,2026-09-30 13:00Z,2026-09-30 20:55:30,1,29,29.31,29,29.31,0.0,0.27,0.42,105.3,stable,2,low,3.11,0.0,-0.05,upstream
2026-09-30T13:55:40Z,2026-09-30 21:55:40,2026-09-30 22:00,2026-09-30 14:00Z,2026-09-30 21:55:30,1,30,29.62,29,29.21,0.41,0.69,0.69,45.3,stable,1,low,1.72,0.0,0.01,upstream
2026-09-30T14:55:40Z,2026-09-30 22:55:40,2026-09-30 23:00,2026-09-30 15:00Z,2026-09-30 22:55:30,1,30,29.56,29,29.09,0.47,0.79,0.74,45.3,stable,1,low,1.5,0.0,-0.09,upstream
2026-09-30T15:55:40Z,2026-09-30 23:55:40,2026-10-01 00:00,2026-09-30 16:00Z,2026-09-30 23:55:30,1,29,29.09,29,28.55,0.54,0.91,0.83,45.3,stable,1,low,1.86,0.0,-0.04,calm
2026-09-30T16:55:40Z,2026-10-01 00:55:40,2026-10-01 01:00,2026-09-30 17:00Z,2026-10-01 00:55:30,1,29,28.96,29,28.68,0.28,0.45,0.62,45.3,stable,1,low,2.7,0.0,-0.1,upstream
2026-09-30T17:55:40Z,2026-10-01 01:55:40,2026-10-01 02:00,2026-09-30 18:00Z,2026-10-01 01:55:30,1,28,28.26,28,28.11,0.15,0.32,0.46,45.2,stable,1,low,2.43,0.0,-0.1,upstream
2026-09-30T18:55:40Z,2026-10-01 02:55:40,2026-10-01 03:00,2026-09-30 19:00Z,2026-10-01 02:55:30,1,28,28.09,28,27.57,0.52,0.89,0.7,45.2,stable,1,low,2.58,0.0,-0.09,calm
2026-09-30T19:55:40Z,2026-10-01 03:55:40,2026-10-01 04:00,2026-09-30 20:00Z,2026-10-01 03:55:30,1,28,28.14,27,27.3,0.84,1.43,1.1,45.2,stable,1,low,2.45,0.0,-0.03,calm
2026-09-30T20:55:40Z,2026-10-01 04:55:40,2026-10-01 05:00,2026-09-30 21:00Z,2026-10-01 04:55:30,1,28,28.11,27,27.16,0.95,1.7,1.43,45.1,stable,1,low,2.44,0.0,0.03,calm
2026-09-30T21:55:40Z,2026-10-01 05:55:40,2026-10-01 06:00,2026-09-30 22:00Z,2026-10-01 05:55:30,0,,,,,0.48,0.84,1.11,,unavailable,0,none,unavailable,unavailable,unavailable,calm
2026-09-30T22:55:40Z,2026-10-01 06:55:40,2026-10-01 07:00,2026-09-30 23:00Z,2026-10-01 06:55:30,0,,,,,0.0,0.84,1.11,,unavailable,0,none,unavailable,unavailable,unavailable,calm
2026-09-30T23:55:40Z,2026-10-01 07:55:40,2026-10-01 08:00,2026-10-01 00:00Z,2026-10-01 07:55:30,0,,,,,0.0,0.84,1.11,,unavailable,0,none,unavailable,unavailable,unavailable,calm
2026-10-01T00:55:40Z,2026-10-01 08:55:40,2026-10-01 09:00,2026-10-01 01:00Z,2026-10-01 08:55:30,0,,,,,0.0,0.84,1.11,,unavailable,0,none,unavailable,unavailable,unavailable,calm
2026-10-01T01:55:40Z,2026-10-01 09:55:40,2026-10-01 10:00,2026-10-01 02:00Z,2026-10-01 09:55:30,0,,,,,0.0,0.84,1.11,,unavailable,0,none,unavailable,unavailable,unavailable,calm
2026-10-01T02:55:40Z,2026-10-01 10:55:40,2026-10-01 11:00,2026-10-01 03:00Z,2026-10-01 10:55:30,0,,,,,0.0,0.84,1.11,,unavailable,0,none,unavailable,unavailable,unavailable,calm
2026-10-01T03:55:40Z,2026-10-01 11:55:40,2026-10-01 12:00,2026-10-01 04:00Z,2026-10-01 11:55:30,0,,,,,0.0,0.84,1.11,,unavailable,0,none,unavailable,unavailable,unavailable,calm
2026-10-01T04:55:40Z,2026-10-01 12:55:40,2026-10-01 13:00,2026-10-01 05:00Z,2026-10-01 12:55:30,0,,,,,0.0,0.84,1.11,,unavailable,0,none,unavailable,unavailable,unavailable,calm
2026-10-01T05:55:40Z,2026-10-01 13:55:40,2026-10-01 14:00,2026-10-01 06:00Z,2026-10-01 13:55:30,0,,,,,0.0,0.84,1.11,,unavailable,0,none,unavailable,unavailable,unavailable,calm
2026-10-01T06:55:40Z,2026-10-01 14:55:40,2026-10-01 15:00,2026-10-01 07:00Z,2026-10-01 14:55:30,0,,,,,0.0,0.84,1.11,,unavailable,0,none,unavailable,unavailable,unavailable,calm
2026-10-01T07:55:40Z,2026-10-01 15:55:40,2026-10-01 16:00,2026-10-01 08:00Z,2026-10-01 15:55:30,0,,,,,0.0,0.84,1.11,,unavailable,0,none,unavailable,unavailable,unavailable,calm
2026-10-01T08:55:40Z,2026-10-01 16:55:40,2026-10-01 17:00,2026-10-01 09:00Z,2026-10-01 16:55:30,0,,,,,0.0,0.84,1.11,,unavailable,0,none,unavailable,unavailable,unavailable,calm
2026-10-01T09:55:40Z,2026-10-01 17:55:40,2026-10-01 18:00,2026-10-01 10:00Z,2026-10-01 17:55:30,0,,,,,0.0,0.84,1.11,,unavailable,0,none,unavailable,unavailable,unavailable,calm
2026-10-01T10:55:40Z,2026-10-01 18:55:40,2026-10-01 19:00,2026-10-01 11:00Z,2026-10-01 18:55:30,0,,,,,0.0,0.84,1.11,,unavailable,0,none,unavailable,unavailable,unavailable,calm
2026-10-01T11:55:40Z,2026-10-01 19:55:40,2026-10-01 20:00,2026-10-01 12:00Z,2026-10-01 19:55:30,1,28,28.36,28,28.36,0.0,0.84,1.11,885.1,stable,1,low,3.07,0.0,-0.09,calm
2026-10-01T12:55:40Z,2026-10-01 20:55:40,2026-10-01 21:00,2026-10-01 13:00Z,2026-10-01 20:55:30,1,29,29.13,28,28.18,0.95,1.64,1.64,42.0,stable,1,low,3.11,0.0,-0.04,calm
2026-10-01T13:55:40Z,2026-10-01 21:55:40,2026-10-01 22:00,2026-10-01 14:00Z,2026-10-01 21:55:30,1,29,29.11,28,28.16,0.95,1.82,1.74,24.9,stable,1,low,2.91,0.0,-0.11,calm
2026-10-01T14:55:40Z,2026-10-01 22:55:40,2026-10-01 23:00,2026-10-01 15:00Z,2026-10-01 22:55:30,1,29,29.43,28,28.48,0.95,1.84,1.79,24.9,stable,2,low,2.77,0.0,-0.08,upstream
2026-10-01T15:55:40Z,2026-10-01 23:55:40,2026-10-02 00:00,2026-10-01 16:00Z,2026-10-01 23:55:30,1,29,29.11,28,28.19,0.92,1.52,1.64,24.7,stable,1,low,2.85,0.0,-0.06,upstream
2026-10-01T16:55:40Z,2026-10-02 00:55:40,2026-10-02 01:00,2026-10-01 17:00Z,2026-10-02 00:55:30,1,28,28.23,28,27.72,0.51,0.81,1.18,24.7,stable,1,low,2.82,0.0,-0.05,calm
2026-10-01T17:55:40Z,2026-10-02 01:55:40,2026-10-02 02:00,2026-10-01 18:00Z,2026-10-02 01:55:30,1,28,28.37,28,27.6,0.77,1.28,1.24,24.7,stable,1,low,2.58,0.0,0.0,upstream
2026-10-01T18:55:40Z,2026-10-02 02:55:40,2026-10-02 03:00,2026-10-01 19:00Z,2026-10-02 02:55:30,1,27,27.38,27,27.12,0.26,0.4,0.78,24.7,stable,1,low,1.77,0.0,-0.12,calm
2026-10-01T19:55:40Z,2026-10-02 03:55:40,2026-10-02 04:00,2026-10-01 20:00Z,2026-10-02 03:55:30,1,27,26.99,27,26.86,0.13,0.4,0.78,84.7,stable,1,low,2.04,0.0,-0.08,upstream
2026-10-01T20:55:40Z,2026-10-02 04:55:40,2026-10-02 05:00,2026-10-01 21:00Z,2026-10-02 04:55:30,1,27,27.03,26,26.35,0.68,1.14,1.07,24.3,stable,1,low,2.15,0.0,-0.06,calm
2026-10-01T21:55:40Z,2026-10-02 05:55:40,2026-10-02 06:00,2026-10-01 22:00Z,2026-10-02 05:55:30,1,27,26.5,26,26.1,0.4,0.65,0.84,24.2,stable,1,low,2.07,0.0,0.04,calm
2026-10-01T22:55:40Z,2026-10-02 06:55:40,2026-10-02 07:00,2026-10-01 23:00Z,2026-10-02 06:55:30,1,28,27.85,27,27.31,0.54,0.9,0.87,24.2,stable,1,low,2.87,0.0,0.28,upstream
2026-10-01T23:55:40Z,2026-10-02 07:55:40,2026-10-02 08:00,2026-10-02 00:00Z,2026-10-02 07:55:30,1,31,30.65,30,29.7,0.95,1.69,1.32,24.2,stable,1,low,2.53,0.0,0.37,calm
2026-10-02T00:55:40Z,2026-10-02 08:55:40,2026-10-02 09:00,2026-10-02 01:00Z,2026-10-02 08:55:30,1,30,29.89,31,30.5,-0.61,-0.7,0.21,50.7,convective,4,moderate,1.83,-0.12,-0.38,calm
2026-10-02T01:55:40Z,2026-10-02 09:55:40,2026-10-02 10:00,2026-10-02 02:00Z,2026-10-02 09:55:30,0,,,,,0.27,0.5,0.37,,unavailable,0,none,unavailable,unavailable,unavailable,upstream
2026-10-02T02:55:40Z,2026-10-02 10:55:40,2026-10-02 11:00,2026-10-02 03:00Z,2026-10-02 10:55:30,1,29,29.21,29,29.21,0.0,0.5,0.37,109.8,stable,1,low,3.31,0.04,0.21,upstream
2026-10-02T03:55:40Z,2026-10-02 11:55:40,2026-10-02 12:00,2026-10-02 04:00Z,2026-10-02 11:55:30,1,34,34.17,33,33.22,0.95,1.79,1.79,52.5,heating,1,low,1.53,0.32,0.67,upstream
2026-10-02T04:55:40Z,2026-10-02 12:55:40,2026-10-02 13:00,2026-10-02 05:00Z,2026-10-02 12:55:30,1,32,32.33,32,31.63,0.7,0.78,1.23,49.8,cooling,2,low,2.84,-0.13,-0.41,upstream
2026-10-02T05:55:40Z,2026-10-02 13:55:40,2026-10-02 14:00,2026-10-02 06:00Z,2026-10-02 13:55:30,1,33,33.33,32,32.38,0.95,1.37,1.31,51.8,heating,2,low,2.17,0.2,0.75,calm
2026-10-02T06:55:40Z,2026-10-02 14:55:40,2026-10-02 15:00,2026-10-02 07:00Z,2026-10-02 14:55:30,1,31,30.57,31,30.71,-0.14,-0.38,0.38,50.8,stable,0,none,0.97,-0.08,-0.19,upstream
2026-10-02T07:55:40Z,2026-10-02 15:55:40,2026-10-02 16:00,2026-10-02 08:00Z,2026-10-02 15:55:30,1,31,30.55,30,30.37,0.18,0.29,0.33,48.4,stable,0,none,0.47,0.1,0.02,upstream
2026-10-02T08:55:40Z,2026-10-02 16:55:40,2026-10-02 17:00,2026-10-02 09:00Z,2026-10-02 16:55:30,1,30,30.49,30,30.12,0.37,0.63,0.49,51.6,stable,0,none,1.07,0.0,-0.07,calm
2026-10-02T09:55:40Z,2026-10-02 17:55:40,2026-10-02 18:00,2026-10-02 10:00Z,2026-10-02 17:55:30,1,30,29.98,29,29.46,0.52,0.88,0.7,51.5,stable,1,low,1.58,0.0,-0.09,upstream
2026-10-02T10:55:40Z,2026-10-02 18:55:40,2026-10-02 19:00,2026-10-02 11:00Z,2026-10-02 18:55:30,1,29,28.93,29,28.6,0.33,0.54,0.61,21.5,stable,0,none,1.0,0.0,-0.21,calm
2026-10-02T11:55:40Z,2026-10-02 19:55:40,2026-10-02 20:00,2026-10-02 12:00Z,2026-10-02 19:55:30,1,28,28.16,28,27.91,0.25,0.4,0.49,21.5,stable,1,low,1.43,0.0,-0.05,upstream
2026-10-02T12:55:40Z,2026-10-02 20:55:40,2026-10-02 21:00,2026-10-02 13:00Z,2026-10-02 20:55:30,1,29,28.5,28,27.55,0.95,2.0,1.32,21.5,stable,1,low,1.86,0.0,-0.02,upstream
2026-10-02T13:55:40Z,2026-10-02 21:55:40,2026-10-02 22:00,2026-10-02 14:00Z,2026-10-02 21:55:30,1,28,28.05,27,27.18,0.87,1.45,1.39,21.4,stable,1,low,2.13,0.0,-0.06,calm
2026-10-02T14:55:40Z,2026-10-02 22:55:40,2026-10-02 23:00,2026-10-02 15:00Z,2026-10-02 22:55:30,1,27,27.46,27,26.95,0.51,0.82,1.08,21.4,stable,1,low,2.05,0.0,-0.07,calm
2026-10-02T15:55:40Z,2026-10-02 23:55:40,2026-10-03 00:00,2026-10-02 16:00Z,2026-10-02 23:55:30,1,27,27.31,27,26.68,0.63,1.05,1.06,21.4,stable,1,low,2.37,0.0,0.03,calm
2026-10-02T16:55:40Z,2026-10-03 00:55:40,2026-10-03 01:00,2026-10-02 17:00Z,2026-10-03 00:55:30,1,27,27.4,27,26.62,0.78,1.32,1.2,51.4,stable,1,low,2.97,0.0,-0.09,calm
2026-10-02T17:55:40Z,2026-10-03 01:55:40,2026-10-03 02:00,2026-10-02 18:00Z,2026-10-03 01:55:30,1,27,27.22,26,26.4,0.82,1.38,1.3,21.4,stable,1,low,2.87,0.0,-0.06,calm
2026-10-02T18:55:40Z,2026-10-03 02:55:40,2026-10-03 03:00,2026-10-02 19:00Z,2026-10-03 02:55:30,1,27,27.29,26,26.34,0.95,1.6,1.47,21.4,stable,1,low,2.27,0.0,0.04,upstream
2026-10-02T19:55:40Z,2026-10-03 03:55:40,2026-10-03 04:00,2026-10-02 20:00Z,2026-10-03 03:55:30,1,27,27.23,26,26.28,0.95,1.66,1.57,51.4,stable,1,low,2.57,0.0,-0.03,calm
2026-10-02T20:55:40Z,2026-10-03 04:55:40,2026-10-03 05:00,2026-10-02 21:00Z,2026-10-03 04:55:30,1,27,27.16,26,26.21,0.95,1.72,1.65,51.4,stable,1,low,2.37,0.0,-0.01,calm
2026-10-02T21:55:40Z,2026-10-03 05:55:40,2026-10-03 06:00,2026-10-02 22:00Z,2026-10-03 05:55:30,1,27,27.03,26,26.08,0.95,1.79,1.73,51.4,stable,1,low,2.22,0.0,0.0,calm
2026-10-02T22:55:40Z,2026-10-03 06:55:40,2026-10-03 07:00,2026-10-02 23:00Z,2026-10-03 06:55:30,1,27,27.2,27,26.63,0.57,0.92,1.28,51.4,stable,1,low,1.57,0.0,0.18,calm
2026-10-02T23:55:40Z,2026-10-03 07:55:40,2026-10-03 08:00,2026-10-03 00:00Z,2026-10-03 07:55:30,1,30,30.07,29,29.12,0.95,1.37,1.33,51.4,heating,0,none,0.69,0.0,0.57,calm
2026-10-03T00:55:40Z,2026-10-03 08:55:40,2026-10-03 09:00,2026-10-03 01:00Z,2026-10-03 08:55:30,1,31,30.53,30,29.99,0.54,0.88,1.08,51.0,stable,1,low,1.2,-0.07,-0.06,upstream
2026-10-03T01:55:40Z,2026-10-03 09:55:40,2026-10-03 10:00,2026-10-03 02:00Z,2026-10-03 09:55:30,1,33,32.67,32,31.72,0.95,2.0,1.59,49.7,heating,1,low,2.1,0.09,0.58,upstream
2026-10-03T02:55:40Z,2026-10-03 10:55:40,2026-10-03 11:00,2026-10-03 03:00Z,2026-10-03 10:55:30,1,29,28.63,29,29.25,-0.62,-0.72,0.32,48.2,convective,3,moderate,2.09,-0.01,-0.6,upstream
2026-10-03T03:55:40Z,2026-10-03 11:55:40,2026-10-03 12:00,2026-10-03 04:00Z,2026-10-03 11:55:30,1,32,32.32,33,32.54,-0.22,-0.25,0.01,50.7,heating,1,low,0.87,0.19,0.63,upstream
2026-10-03T04:55:40Z,2026-10-03 12:55:40,2026-10-03 13:00,2026-10-03 05:00Z,2026-10-03 12:55:30,1,33,33.11,34,33.63,-0.52,-0.54,-0.29,49.5,heating,2,low,0.64,-0.16,0.58,upstream
2026-10-03T05:55:40Z,2026-10-03 13:55:40,2026-10-03 14:00,2026-10-03 06:00Z,2026-10-03 13:55:30,1,32,32.45,33,32.82,-0.37,-0.63,-0.48,49.3,stable,1,low,1.24,-0.03,-0.13,upstream
2026-10-03T06:55:40Z,2026-10-03 14:55:40,2026-10-03 15:00,2026-10-03 07:00Z,2026-10-03 14:55:30,1,31,31.14,32,31.94,-0.8,-0.82,-0.67,49.3,convective,4,moderate,0.37,-0.24,-0.85,upstream
2026-10-03T07:55:40Z,2026-10-03 15:55:40,2026-10-03 16:00,2026-10-03 08:00Z,2026-10-03 15:55:30,1,30,30.31,30,30.3,0.01,0.06,-0.27,52.7,stable,0,none,0.8,-0.09,-0.25,upstream
2026-10-03T08:55:40Z,2026-10-03 16:55:40,2026-10-03 17:00,2026-10-03 09:00Z,2026-10-03 16:55:30,1,30,29.6,30,29.73,-0.13,-0.3,-0.29,49.7,stable,1,low,0.7,0.0,-0.21,calm
2026-10-03T09:55:40Z,2026-10-03 17:55:40,2026-10-03 18:00,2026-10-03 10:00Z,2026-10-03 17:55:30,1,29,29.21,29,29.1,0.11,0.27,0.02,49.7,stable,0,none,1.14,0.0,-0.17,upstream
2026-10-03T10:55:40Z,2026-10-03 18:55:40,2026-10-03 19:00,2026-10-03 11:00Z,2026-10-03 18:55:30,1,29,29.35,29,28.83,0.52,0.9,0.5,49.6,stable,0,none,0.96,0.0,0.02,calm
2026-10-03T11:55:40Z,2026-10-03 19:55:40,2026-10-03 20:00,2026-10-03 12:00Z,2026-10-03 19:55:30,1,29,29.44,29,28.76,0.68,1.17,0.87,49.5,stable,0,none,1.07,0.0,-0.09,calm
2026-10-03T12:55:40Z,2026-10-03 20:55:40,2026-10-03 21:00,2026-10-03 13:00Z,2026-10-03 20:55:30,1,28,28.46,28,28.34,0.12,0.24,0.52,19.2,stable,0,none,1.27,0.0,-0.07,calm
2026-10-03T13:55:40Z,2026-10-03 21:55:40,2026-10-03 22:00,2026-10-03 14:00Z,2026-10-03 21:55:30,1,28,28.2,28,27.81,0.39,0.66,0.6,49.2,stable,1,low,1.7,0.0,-0.05,calm
2026-10-03T14:55:40Z,2026-10-03 22:55:40,2026-10-03 23:00,2026-10-03 15:00Z,2026-10-03 22:55:30,1,28,28.28,28,27.58,0.7,1.19,0.92,49.2,stable,1,low,1.86,0.0,0.0,upstream
2026-10-03T15:55:40Z,2026-10-03 23:55:40,2026-10-04 00:00,2026-10-03 16:00Z,2026-10-03 23:55:30,1,28,28.21,27,27.37,0.84,1.42,1.2,19.1,stable,1,low,2.31,0.0,0.0,calm
2026-10-03T16:55:40Z,2026-10-04 00:55:40,2026-10-04 01:00,2026-10-03 17:00Z,2026-10-04 00:55:30,1,28,27.52,27,27.13,0.39,0.63,0.89,49.0,stable,1,low,2.38,0.0,-0.08,calm
2026-10-03T17:55:40Z,2026-10-04 01:55:40,2026-10-04 02:00,2026-10-03 18:00Z,2026-10-04 01:55:30,1,27,27.43,27,26.91,0.52,0.87,0.88,49.0,stable,1,low,2.21,0.0,-0.01,calm
2026-10-03T18:55:40Z,2026-10-04 02:55:40,2026-10-04 03:00,2026-10-03 19:00Z,2026-10-04 02:55:30,1,27,27.39,27,26.74,0.65,1.09,1.0,49.0,stable,1,low,2.08,0.0,-0.04,calm
2026-10-03T19:55:40Z,2026-10-04 03:55:40,2026-10-04 04:00,2026-10-03 20:00Z,2026-10-04 03:55:30,1,27,26.68,27,26.55,0.13,0.26,0.59,49.0,stable,1,low,2.22,0.0,-0.05,calm
2026-10-03T20:55:40Z,2026-10-04 04:55:40,2026-10-04 05:00,2026-10-03 21:00Z,2026-10-04 04:55:30,1,27,27.23,26,26.38,0.85,1.45,1.06,49.0,stable,1,low,2.25,0.0,0.0,calm
2026-10-03T21:55:40Z,2026-10-04 05:55:40,2026-10-04 06:00,2026-10-03 22:00Z,2026-10-04 05:55:30,1,27,26.62,26,26.24,0.38,0.62,0.82,49.0,stable,1,low,2.28,0.0,-0.05,calm
2026-10-03T22:55:40Z,2026-10-04 06:55:40,2026-10-04 07:00,2026-10-03 23:00Z,2026-10-04 06:55:30,1,27,27.21,27,26.75,0.46,0.76,0.79,49.0,stable,1,low,1.97,0.0,0.17,calm
2026-10-03T23:55:40Z,2026-10-04 07:55:40,2026-10-04 08:00,2026-10-04 00:00Z,2026-10-04 07:55:30,1,31,30.58,30,29.63,0.95,1.25,1.04,49.0,heating,1,low,1.63,0.0,0.5,calm
2026-10-04T00:55:40Z,2026-10-04 08:55:40,2026-10-04 09:00,2026-10-04 01:00Z,2026-10-04 08:55:30,1,30,30.47,30,30.23,0.24,0.37,0.67,49.8,stable,1,low,1.53,0.17,0.36,upstream
2026-10-04T01:55:40Z,2026-10-04 09:55:40,2026-10-04 10:00,2026-10-04 02:00Z,2026-10-04 09:55:30,1,33,32.75,32,31.98,0.77,0.77,0.72,51.9,heating,0,none,1.44,0.03,0.69,calm
2026-10-04T02:55:40Z,2026-10-04 10:55:40,2026-10-04 11:00,2026-10-04 03:00Z,2026-10-04 10:55:30,1,31,30.63,31,31.04,-0.41,-0.98,-0.22,52.8,stable,0,none,0.76,0.03,-0.32,calm
2026-10-04T03:55:40Z,2026-10-04 11:55:40,2026-10-04 12:00,2026-10-04 04:00Z,2026-10-04 11:55:30,1,33,32.58,32,32.04,0.54,0.96,0.43,50.4,stable,2,low,2.57,-0.03,-0.27,upstream
2026-10-04T04:55:40Z,2026-10-04 12:55:40,2026-10-04 13:00,2026-10-04 05:00Z,2026-10-04 12:55:30,1,33,33.3,32,32.36,0.94,0.96,0.72,48.6,rapid_heating,1,low,1.7,0.69,1.45,upstream
2026-10-04T05:55:40Z,2026-10-04 13:55:40,2026-10-04 14:00,2026-10-04 06:00Z,2026-10-04 13:55:30,1,34,34.37,34,33.73,0.64,0.64,0.68,48.5,heating,0,none,1.03,0.3,-0.01,upstream
2026-10-04T06:55:40Z,2026-10-04 14:55:40,2026-10-04 15:00,2026-10-04 07:00Z,2026-10-04 14:55:30,1,33,32.9,33,33.2,-0.3,-0.73,-0.1,49.7,stable,1,low,0.85,0.01,-0.09,upstream
2026-10-04T07:55:40Z,2026-10-04 15:55:40,2026-10-04 16:00,2026-10-04 08:00Z,2026-10-04 15:55:30,1,32,32.43,33,32.6,-0.17,-0.2,-0.16,49.8,cooling,1,low,0.83,-0.08,-0.53,upstream
2026-10-04T08:55:40Z,2026-10-04 16:55:40,2026-10-04 17:00,2026-10-04 09:00Z,2026-10-04 16:55:30,1,31,30.74,31,31.09,-0.35,-0.6,-0.4,47.4,stable,0,none,0.53,0.0,-0.06,upstream
2026-10-04T09:55:40Z,2026-10-04 17:55:40,2026-10-04 18:00,2026-10-04 10:00Z,2026-10-04 17:55:30,1,30,30.15,30,30.2,-0.05,-0.09,-0.23,47.4,stable,0,none,0.58,0.0,-0.08,upstream
2026-10-04T10:55:40Z,2026-10-04 18:55:40,2026-10-04 19:00,2026-10-04 11:00Z,2026-10-04 18:55:30,1,30,30.25,30,29.8,0.45,0.8,0.34,47.4,stable,0,none,0.77,0.0,-0.08,upstream
2026-10-04T11:55:40Z,2026-10-04 19:55:40,2026-10-04 20:00,2026-10-04 12:00Z,2026-10-04 19:55:30,1,30,29.58,29,29.49,0.09,0.2,0.26,47.4,stable,0,none,0.67,0.0,-0.03,upstream
2026-10-04T12:55:40Z,2026-10-04 20:55:40,2026-10-04 21:00,2026-10-04 13:00Z,2026-10-04 20:55:30,1,29,29.39,29,29.09,0.3,0.51,0.4,47.4,stable,1,low,1.57,0.0,-0.05,upstream
2026-10-04T13:55:40Z,2026-10-04 21:55:40,2026-10-04 22:00,2026-10-04 14:00Z,2026-10-04 21:55:30,1,29,29.07,29,28.54,0.53,0.91,0.68,47.4,stable,2,low,1.8,0.0,-0.1,upstream
2026-10-04T14:55:40Z,2026-10-04 22:55:40,2026-10-04 23:00,2026-10-04 15:00Z,2026-10-04 22:55:30,1,29,28.63,28,27.68,0.95,1.46,1.11,47.4,convective,3,moderate,3.1,0.0,-0.12,calm
2026-10-04T15:55:40Z,2026-10-04 23:55:40,2026-10-05 00:00,2026-10-04 16:00Z,2026-10-04 23:55:30,1,27,27.49,27,27.33,0.16,0.32,0.73,17.4,stable,1,low,2.43,0.0,-0.13,upstream
2026-10-04T16:55:40Z,2026-10-05 00:55:40,2026-10-05 01:00,2026-10-04 17:00Z,2026-10-05 00:55:30,1,26,26.34,26,26.47,-0.13,-0.33,0.15,47.3,stable,1,low,1.73,0.0,-0.11,calm
2026-10-04T17:55:40Z,2026-10-05 01:55:40,2026-10-05 02:00,2026-10-04 18:00Z,2026-10-05 01:55:30,1,27,26.7,26,26.39,0.31,0.53,0.36,47.3,stable,1,low,1.57,0.0,0.03,calm
2026-10-04T18:55:40Z,2026-10-05 02:55:40,2026-10-05 03:00,2026-10-04 19:00Z,2026-10-05 02:55:30,1,27,26.73,26,26.37,0.36,0.61,0.5,47.3,stable,0,none,1.11,0.0,0.0,calm
2026-10-04T19:55:40Z,2026-10-05 03:55:40,2026-10-05 04:00,2026-10-04 20:00Z,2026-10-05 03:55:30,1,27,26.62,26,26.25,0.37,0.63,0.57,17.3,stable,0,none,1.37,0.0,-0.03,calm
2026-10-04T20:55:40Z,2026-10-05 04:55:40,2026-10-05 05:00,2026-10-04 21:00Z,2026-10-05 04:55:30,1,27,26.77,26,26.32,0.45,0.75,0.67,17.3,stable,1,low,1.74,0.0,0.06,calm
2026-10-04T21:55:40Z,2026-10-05 05:55:40,2026-10-05 06:00,2026-10-04 22:00Z,2026-10-05 05:55:30,1,27,27.25,26,26.3,0.95,1.68,1.23,47.3,stable,1,low,1.88,0.0,0.03,calm
2026-10-04T22:55:40Z,2026-10-05 06:55:40,2026-10-05 07:00,2026-10-04 23:00Z,2026-10-05 06:55:30,1,27,27.36,27,26.93,0.43,0.7,0.94,47.2,stable,0,none,1.27,0.0,0.29,calm
2026-10-04T23:55:40Z,2026-10-05 07:55:40,2026-10-05 08:00,2026-10-05 00:00Z,2026-10-05 07:55:30,1,31,31.22,30,30.27,0.95,2.0,1.52,17.2,heating,1,low,2.73,0.0,0.41,calm
2026-10-05T00:55:40Z,2026-10-05 08:55:40,2026-10-05 09:00,2026-10-05 01:00Z,2026-10-05 08:55:30,1,31,31.06,31,30.6,0.46,0.73,1.09,48.5,stable,1,low,2.03,-0.06,-0.11,upstream
2026-10-05T01:55:40Z,2026-10-05 09:55:40,2026-10-05 10:00,2026-10-05 02:00Z,2026-10-05 09:55:30,1,34,33.73,33,32.78,0.95,1.4,1.26,52.3,heating,1,low,2.43,0.22,0.47,upstream
2026-10-05T02:55:40Z,2026-10-05 10:55:40,2026-10-05 11:00,2026-10-05 03:00Z,2026-10-05 10:55:30,1,31,31.3,32,31.99,-0.69,-0.78,0.14,51.4,heating,0,none,0.44,0.06,0.41,upstream
2026-10-05T03:55:40Z,2026-10-05 11:55:40,2026-10-05 12:00,2026-10-05 04:00Z,2026-10-05 11:55:30,1,32,31.96,32,31.95,0.01,0.01,0.07,52.9,cooling,1,low,1.72,-0.15,-0.47,upstream
2026-10-05T04:55:40Z,2026-10-05 12:55:40,2026-10-05 13:00,2026-10-05 05:00Z,2026-10-05 12:55:30,1,31,31.42,31,31.4,0.02,0.05,0.06,49.2,stable,2,low,5.81,-0.06,0.07,upstream
2026-10-05T05:55:40Z,2026-10-05 13:55:40,2026-10-05 14:00,2026-10-05 06:00Z,2026-10-05 13:55:30,1,34,33.69,33,32.77,0.92,1.6,0.91,50.8,stable,1,low,0.43,-0.13,0.31,upstream
2026-10-05T06:55:40Z,2026-10-05 14:55:40,2026-10-05 15:00,2026-10-05 07:00Z,2026-10-05 14:55:30,1,33,32.79,33,32.67,0.12,0.23,0.54,48.8,stable,1,low,0.39,-0.03,-0.28,upstream
2026-10-05T07:55:40Z,2026-10-05 15:55:40,2026-10-05 16:00,2026-10-05 08:00Z,2026-10-05 15:55:30,1,31,31.26,31,30.97,0.29,0.33,0.42,50.1,cooling,2,low,2.41,-0.16,-0.51,calm
2026-10-05T08:55:40Z,2026-10-05 16:55:40,2026-10-05 17:00,2026-10-05 09:00Z,2026-10-05 16:55:30,1,29,29.38,29,29.36,0.02,0.03,0.21,48.5,stable,1,low,1.57,0.0,-0.09,upstream
2026-10-05T09:55:40Z,2026-10-05 17:55:40,2026-10-05 18:00,2026-10-05 10:00Z,2026-10-05 17:55:30,1,30,29.63,29,29.26,0.37,0.64,0.45,48.5,stable,1,low,2.03,0.0,0.0,upstream
2026-10-05T10:55:40Z,2026-10-05 18:55:40,2026-10-05 19:00,2026-10-05 11:00Z,2026-10-05 18:55:30,1,29,29.34,29,28.9,0.44,0.74,0.61,48.5,stable,1,low,2.25,0.0,-0.04,calm
2026-10-05T11:55:40Z,2026-10-05 19:55:40,2026-10-05 20:00,2026-10-05 12:00Z,2026-10-05 19:55:30,1,30,29.62,29,28.97,0.65,1.1,0.88,48.3,stable,1,low,2.86,0.0,-0.01,upstream
2026-10-05T12:55:40Z,2026-10-05 20:55:40,2026-10-05 21:00,2026-10-05 13:00Z,2026-10-05 20:55:30,1,29,29.35,29,28.74,0.61,1.03,0.96,18.3,stable,1,low,2.53,0.0,-0.08,upstream
2026-10-05T13:55:40Z,2026-10-05 21:55:40,2026-10-05 22:00,2026-10-05 14:00Z,2026-10-05 21:55:30,1,30,29.54,29,28.79,0.75,1.26,1.13,48.3,stable,1,low,1.62,0.0,-0.02,upstream
2026-10-05T14:55:40Z,2026-10-05 22:55:40,2026-10-05 23:00,2026-10-05 15:00Z,2026-10-05 22:55:30,1,28,28.43,28,28.32,0.11,0.21,0.62,48.2,stable,1,low,1.27,0.0,0.12,upstream
2026-10-05T15:55:40Z,2026-10-05 23:55:40,2026-10-06 00:00,2026-10-05 16:00Z,2026-10-05 23:55:30,1,28,28.47,28,28.06,0.41,0.68,0.65,18.1,stable,1,low,2.27,0.0,-0.05,upstream
2026-10-05T16:55:40Z,2026-10-06 00:55:40,2026-10-06 01:00,2026-10-05 17:00Z,2026-10-06 00:55:30,1,27,26.84,26,26.28,0.56,0.94,0.81,48.1,stable,2,low,1.75,0.0,0.0,upstream
2026-10-05T17:55:40Z,2026-10-06 01:55:40,2026-10-06 02:00,2026-10-05 18:00Z,2026-10-06 01:55:30,1,26,26.23,26,25.8,0.43,0.72,0.76,48.1,stable,1,low,1.51,0.0,-0.05,calm
2026-10-05T18:55:40Z,2026-10-06 02:55:40,2026-10-06 03:00,2026-10-05 19:00Z,2026-10-06 02:55:30,1,26,26.38,26,25.67,0.71,1.2,1.0,18.0,stable,0,none,1.37,0.0,-0.11,calm
2026-10-05T19:55:40Z,2026-10-06 03:55:40,2026-10-06 04:00,2026-10-05 20:00Z,2026-10-06 03:55:30,1,27,26.71,26,25.92,0.79,1.33,1.18,17.9,stable,1,low,1.6,0.0,0.08,calm
2026-10-05T20:55:40Z,2026-10-06 04:55:40,2026-10-06 05:00,2026-10-05 21:00Z,2026-10-06 04:55:30,1,26,26.49,26,25.84,0.65,1.08,1.12,47.9,stable,0,none,1.27,0.0,0.02,calm
2026-10-05T21:55:40Z,2026-10-06 05:55:40,2026-10-06 06:00,2026-10-05 22:00Z,2026-10-06 05:55:30,1,27,26.53,26,25.84,0.69,1.16,1.14,47.9,stable,0,none,1.07,0.0,-0.04,upstream
2026-10-05T22:55:40Z,2026-10-06 06:55:40,2026-10-06 07:00,2026-10-05 23:00Z,2026-10-06 06:55:30,1,27,26.71,26,26.01,0.7,1.16,1.15,47.9,stable,0,none,0.77,0.0,0.04,calm
2026-10-05T23:55:40Z,2026-10-06 07:55:40,2026-10-06 08:00,2026-10-06 00:00Z,2026-10-06 07:55:30,1,28,27.81,27,27.21,0.6,0.99,1.06,47.9,stable,0,none,0.61,0.0,0.37,calm
